ID,Marital_Status,Application_Mode,Course,Attendance_Type,Previous_Qualification,Admission_Grade,Displaced,Special_Needs,Debtor,Tuition_Fees_Up_To_Date,Gender,Scholarship_Holder,Age_At_Enrollment,International,Units_1st_Sem_Enrolled,Units_1st_Sem_Approved,Units_1st_Sem_Grade,Units_2nd_Sem_Enrolled,Units_2nd_Sem_Approved,Units_2nd_Sem_Grade,Approval_Rate_1st_Sem,Approval_Rate_2nd_Sem,Avg_Grade_Both_Sem,Unemployment_Rate,Inflation_Rate,GDP,Status
1,Single,2nd phase - general contingent,Animation and Multimedia Design,Daytime,Secondary Education,127.3,Yes,No,No,Yes,Male,No,20,No,0,0,0.0,0,0,0.0,0,0,0.0,10.8,1.4,1.74,Dropout
2,Single,International student (bachelor),Tourism,Daytime,Secondary Education,142.5,Yes,No,No,No,Male,No,19,No,6,6,14.0,6,6,13.666666666666666,1.0,1.0,13.83,13.9,-0.3,0.79,Graduate
3,Single,1st phase - general contingent,Communication Design,Daytime,Secondary Education,124.8,Yes,No,No,No,Male,No,19,No,6,0,0.0,6,0,0.0,0.0,0.0,0.0,10.8,1.4,1.74,Dropout
4,Single,2nd phase - general contingent,Journalism and Communication,Daytime,Secondary Education,119.6,Yes,No,No,Yes,Female,No,20,No,6,6,13.428571428571429,6,5,12.4,1.0,0.833,12.91,9.4,-0.8,-3.12,Graduate
5,Married,Over 23 years old,Social Service (evening attendance),Evening,Secondary Education,141.5,No,No,No,Yes,Female,No,45,No,6,5,12.333333333333334,6,6,13.0,0.833,1.0,12.67,13.9,-0.3,0.79,Graduate
6,Married,Over 23 years old,Management (evening attendance),Evening,Basic Education 3rd Cycle,114.8,No,No,Yes,Yes,Male,No,50,No,5,5,11.857142857142858,5,5,11.5,1.0,1.0,11.68,16.2,0.3,-0.92,Graduate
7,Single,1st phase - general contingent,Nursing,Daytime,Secondary Education,128.4,Yes,No,No,Yes,Female,Yes,18,No,7,7,13.3,8,8,14.345,1.0,1.0,13.82,15.5,2.8,-4.06,Graduate
8,Single,3rd phase - general contingent,Tourism,Daytime,Secondary Education,113.1,Yes,No,No,No,Male,No,22,No,5,0,0.0,5,0,0.0,0.0,0.0,0.0,15.5,2.8,-4.06,Dropout
9,Single,1st phase - general contingent,Social Service,Daytime,Secondary Education,129.3,No,No,No,Yes,Female,Yes,21,Yes,6,6,13.875,6,6,14.142857142857142,1.0,1.0,14.01,16.2,0.3,-0.92,Graduate
10,Single,1st phase - general contingent,Social Service,Daytime,Secondary Education,123.0,Yes,No,Yes,No,Female,No,18,No,6,5,11.4,6,2,13.5,0.833,0.333,12.45,8.9,1.4,3.51,Dropout
11,Single,1st phase - general contingent,Advertising and Marketing Management,Daytime,Secondary Education,130.6,Yes,No,No,Yes,Female,No,18,No,6,6,12.333333333333334,6,5,14.2,1.0,0.833,13.27,13.9,-0.3,0.79,Graduate
12,Single,1st phase - general contingent,Nursing,Daytime,Secondary Education,119.3,Yes,No,No,Yes,Female,Yes,18,No,8,7,13.214285714285714,8,7,13.214285714285714,0.875,0.875,13.21,12.7,3.7,-1.7,Graduate
13,Single,1st phase - general contingent,Basic Education,Daytime,Secondary Education,130.2,Yes,No,No,Yes,Female,No,19,No,6,0,0.0,6,0,0.0,0.0,0.0,0.0,12.7,3.7,-1.7,Dropout
14,Single,Short cycle diploma holders,Tourism,Daytime,Professional Higher Technical Course,111.8,Yes,No,No,Yes,Female,Yes,21,No,6,6,10.571428571428571,6,5,11.0,1.0,0.833,10.79,8.9,1.4,3.51,Graduate
15,Single,1st phase - general contingent,Veterinary Nursing,Daytime,Secondary Education,137.1,Yes,No,No,Yes,Female,Yes,18,No,5,4,13.25,5,5,12.0,0.8,1.0,12.62,10.8,1.4,1.74,Graduate
16,Single,1st phase - general contingent,Journalism and Communication,Daytime,Secondary Education,120.7,Yes,No,No,Yes,Female,No,20,No,6,5,13.2,6,0,0.0,0.833,0.0,6.6,15.5,2.8,-4.06,Dropout
17,Single,3rd phase - general contingent,Social Service,Daytime,Secondary Education,137.4,Yes,No,No,Yes,Female,No,18,No,6,1,12.0,6,2,11.0,0.167,0.333,11.5,10.8,1.4,1.74,Enrolled
18,Single,2nd phase - general contingent,Nursing,Daytime,Secondary Education,127.3,Yes,No,No,Yes,Female,No,18,No,7,7,13.30625,8,8,14.545,1.0,1.0,13.93,15.5,2.8,-4.06,Graduate
19,Single,1st phase - general contingent,Equinculture,Daytime,Secondary Education,136.3,Yes,No,No,Yes,Female,No,20,No,5,4,12.5,5,4,12.25,0.8,0.8,12.38,10.8,1.4,1.74,Graduate
20,Single,1st phase - general contingent,Basic Education,Daytime,Secondary Education,124.6,Yes,No,No,Yes,Female,No,18,No,7,6,11.666666666666666,7,6,13.5,0.857,0.857,12.58,16.2,0.3,-0.92,Enrolled
21,Single,1st phase - general contingent,Animation and Multimedia Design,Daytime,Secondary Education,120.3,No,No,No,Yes,Female,Yes,21,No,0,0,0.0,0,0,0.0,0,0,0.0,11.1,0.6,2.02,Graduate
22,Single,3rd phase - general contingent,Oral Hygiene,Daytime,Secondary Education,121.8,Yes,No,No,Yes,Female,No,20,No,7,7,11.4375,8,8,11.425,1.0,1.0,11.43,12.7,3.7,-1.7,Enrolled
23,Single,1st phase - general contingent,Nursing,Daytime,Secondary Education,125.5,Yes,No,No,Yes,Female,No,18,No,8,7,12.857142857142858,8,7,12.857142857142858,0.875,0.875,12.86,12.7,3.7,-1.7,Graduate
24,Single,1st phase - general contingent,Advertising and Marketing Management,Daytime,Secondary Education,114.9,Yes,No,No,Yes,Female,Yes,19,No,6,6,13.375,6,6,12.285714285714286,1.0,1.0,12.83,11.1,0.6,2.02,Graduate
25,Single,1st phase - general contingent,Nursing,Daytime,Secondary Education,123.9,No,No,No,Yes,Female,No,19,No,7,6,13.296666666666669,8,7,14.114285714285714,0.857,0.875,13.71,11.1,0.6,2.02,Graduate
26,Single,1st phase - general contingent,Social Service,Daytime,Secondary Education,157.0,Yes,No,Yes,Yes,Female,Yes,18,No,6,5,11.6,6,4,11.0,0.833,0.667,11.3,7.6,2.6,0.32,Enrolled
27,Single,2nd phase - general contingent,Social Service,Daytime,Secondary Education,116.4,Yes,No,No,Yes,Female,No,21,No,6,6,11.375,6,6,13.285714285714286,1.0,1.0,12.33,16.2,0.3,-0.92,Graduate
28,Single,1st phase - general contingent,Veterinary Nursing,Daytime,Secondary Education,131.0,Yes,No,No,Yes,Female,No,18,No,5,5,12.666666666666666,5,4,13.0,1.0,0.8,12.83,9.4,-0.8,-3.12,Enrolled
29,Single,1st phase - general contingent,Management,Daytime,Secondary Education,122.1,Yes,No,No,Yes,Female,No,20,No,5,5,12.0,5,5,12.333333333333334,1.0,1.0,12.17,16.2,0.3,-0.92,Graduate
30,Single,2nd phase - general contingent,Nursing,Daytime,Secondary Education,118.8,Yes,No,No,Yes,Male,No,19,No,7,6,12.933333333333332,7,6,13.716666666666669,0.857,0.857,13.32,16.2,0.3,-0.92,Enrolled
31,Single,Technological specialization diploma holders,Agronomy,Daytime,Technological Specialization Course,150.0,No,No,No,Yes,Male,No,21,No,6,5,11.857142857142858,6,5,10.571428571428571,0.833,0.833,11.21,16.2,0.3,-0.92,Enrolled
32,Single,Change of institution/course,Communication Design,Daytime,Secondary Education,130.0,Yes,No,No,Yes,Male,No,20,No,6,6,12.833333333333334,6,4,13.4,1.0,0.667,13.12,8.9,1.4,3.51,Graduate
33,Single,1st phase - general contingent,Management,Daytime,Secondary Education,138.8,No,No,No,No,Male,No,18,No,5,3,11.333333333333334,5,2,13.5,0.6,0.4,12.42,8.9,1.4,3.51,Enrolled
34,Single,3rd phase - general contingent,Social Service (evening attendance),Evening,Secondary Education,134.5,Yes,No,No,Yes,Female,No,19,No,6,6,12.666666666666666,6,6,14.375,1.0,1.0,13.52,12.4,0.5,1.79,Graduate
35,Single,1st phase - general contingent,Management (evening attendance),Evening,Secondary Education,131.4,No,No,No,Yes,Male,No,34,No,5,5,12.4,5,5,13.428571428571429,1.0,1.0,12.91,13.9,-0.3,0.79,Graduate
36,Single,Over 23 years old,Biofuel Production Technologies,Daytime,Secondary Education,102.5,No,No,Yes,No,Male,No,37,No,7,0,0.0,7,1,10.0,0.0,0.143,5.0,8.9,1.4,3.51,Dropout
37,Single,Over 23 years old,Informatics Engineering,Daytime,11th Year - Not Completed,128.8,Yes,No,No,Yes,Male,No,43,No,5,0,0.0,5,0,0.0,0.0,0.0,0.0,7.6,2.6,0.32,Dropout
38,Single,Change of course,Management,Daytime,Secondary Education,122.9,No,No,No,Yes,Female,No,55,No,5,1,10.0,5,2,12.0,0.2,0.4,11.0,16.2,0.3,-0.92,Dropout
39,Divorced,Over 23 years old,Management (evening attendance),Evening,Secondary Education,113.9,Yes,No,No,Yes,Female,No,39,No,5,5,11.0,5,5,11.6,1.0,1.0,11.3,7.6,2.6,0.32,Graduate
40,Single,Technological specialization diploma holders,Equinculture,Daytime,Technological Specialization Course,120.0,No,No,Yes,No,Female,No,20,Yes,6,3,11.666666666666666,6,3,12.0,0.5,0.5,11.83,12.4,0.5,1.79,Dropout
41,Single,1st phase - general contingent,Journalism and Communication,Daytime,Secondary Education,121.1,No,No,Yes,Yes,Female,No,18,No,6,4,12.75,5,0,0.0,0.667,0.0,6.38,12.7,3.7,-1.7,Dropout
42,Single,1st phase - general contingent,Management,Daytime,Secondary Education,120.4,Yes,No,No,Yes,Female,No,22,No,5,5,14.8,5,5,15.8,1.0,1.0,15.3,8.9,1.4,3.51,Graduate
43,Single,1st phase - general contingent,Nursing,Daytime,Secondary Education,100.6,Yes,Yes,No,Yes,Female,No,22,No,7,5,13.928,8,7,14.342857142857142,0.714,0.875,14.14,11.1,0.6,2.02,Graduate
44,Single,2nd phase - general contingent,Journalism and Communication,Daytime,Secondary Education,121.4,No,No,No,No,Female,No,20,No,6,4,13.0,6,5,13.8,0.667,0.833,13.4,12.4,0.5,1.79,Dropout
45,Single,Over 23 years old,Management (evening attendance),Evening,Secondary Education,109.7,No,No,No,Yes,Female,No,29,No,5,0,0.0,5,0,0.0,0.0,0.0,0.0,16.2,0.3,-0.92,Dropout
46,Single,2nd phase - general contingent,Management (evening attendance),Evening,Secondary Education,134.1,No,No,No,Yes,Female,No,24,No,5,2,11.5,5,3,14.333333333333334,0.4,0.6,12.92,7.6,2.6,0.32,Enrolled
47,Single,2nd phase - general contingent,Social Service,Daytime,Secondary Education,127.6,Yes,No,No,Yes,Female,No,18,No,6,6,11.666666666666666,6,5,13.2,1.0,0.833,12.43,11.1,0.6,2.02,Graduate
48,Single,2nd phase - general contingent,Nursing,Daytime,Secondary Education,132.4,Yes,No,No,Yes,Female,Yes,22,No,7,6,13.516666666666666,8,7,13.771428571428572,0.857,0.875,13.64,11.1,0.6,2.02,Graduate
49,Single,Technological specialization diploma holders,Social Service (evening attendance),Evening,Technological Specialization Course,133.4,No,No,No,Yes,Female,Yes,21,No,6,6,11.5,6,6,13.285714285714286,1.0,1.0,12.39,12.4,0.5,1.79,Graduate
50,Single,1st phase - general contingent,Social Service,Daytime,Secondary Education,126.1,No,No,No,Yes,Female,Yes,19,No,6,5,12.333333333333334,6,6,12.833333333333334,0.833,1.0,12.58,12.7,3.7,-1.7,Graduate
51,Single,Over 23 years old,Tourism,Daytime,Secondary Education,113.5,No,No,No,Yes,Female,Yes,24,No,6,6,13.666666666666666,6,6,14.166666666666666,1.0,1.0,13.92,12.4,0.5,1.79,Graduate
52,Single,1st phase - general contingent,Nursing,Daytime,Secondary Education,121.3,Yes,No,No,Yes,Female,Yes,19,No,8,6,11.833333333333334,8,6,11.833333333333334,0.75,0.75,11.83,9.4,-0.8,-3.12,Enrolled
53,Single,1st phase - general contingent,Journalism and Communication,Daytime,Secondary Education,121.8,Yes,No,No,Yes,Female,Yes,20,No,6,4,14.0,6,3,11.0,0.667,0.5,12.5,9.4,-0.8,-3.12,Enrolled
54,Single,1st phase - general contingent,Equinculture,Daytime,Secondary Education,159.3,No,No,No,Yes,Female,No,19,No,5,5,14.714285714285714,5,5,15.8,1.0,1.0,15.26,7.6,2.6,0.32,Graduate
55,Single,Over 23 years old,Management (evening attendance),Evening,Secondary Education,120.0,No,No,No,Yes,Female,No,27,No,5,5,10.6,5,5,11.0,1.0,1.0,10.8,9.4,-0.8,-3.12,Dropout
56,Single,1st phase - general contingent,Nursing,Daytime,Secondary Education,129.1,Yes,No,No,Yes,Female,No,18,No,7,7,13.044444444444444,8,8,13.595,1.0,1.0,13.32,15.5,2.8,-4.06,Graduate
57,Married,Holders of other higher courses,Tourism,Daytime,Higher Education - Degree,130.0,No,No,No,Yes,Female,No,39,No,6,0,0.0,6,0,0.0,0.0,0.0,0.0,12.4,0.5,1.79,Dropout
58,Single,Over 23 years old,Equinculture,Daytime,Higher Education - Degree (1st cycle),155.3,Yes,No,No,Yes,Female,No,27,No,6,5,13.0,11,10,12.9,0.833,0.909,12.95,12.4,0.5,1.79,Dropout
59,Single,2nd phase - general contingent,Nursing,Daytime,Secondary Education,139.8,Yes,No,No,Yes,Female,No,18,No,8,8,14.935,8,8,14.935,1.0,1.0,14.94,9.4,-0.8,-3.12,Graduate
60,Single,1st phase - general contingent,Animation and Multimedia Design,Daytime,Secondary Education,115.2,Yes,No,No,Yes,Female,No,18,No,0,0,0.0,0,0,0.0,0,0,0.0,7.6,2.6,0.32,Enrolled
61,Single,1st phase - general contingent,Nursing,Daytime,Secondary Education,114.9,No,No,No,Yes,Female,No,18,No,7,6,13.133333333333333,8,7,12.221428571428572,0.857,0.875,12.68,16.2,0.3,-0.92,Graduate
62,Single,Technological specialization diploma holders,Social Service,Daytime,Technological Specialization Course,131.9,No,No,No,Yes,Female,Yes,21,No,6,6,12.0,6,6,12.0,1.0,1.0,12.0,13.9,-0.3,0.79,Graduate
63,Single,2nd phase - general contingent,Animation and Multimedia Design,Daytime,Secondary Education,126.0,Yes,No,No,Yes,Male,Yes,19,No,0,0,0.0,0,0,0.0,0,0,0.0,10.8,1.4,1.74,Enrolled
64,Single,2nd phase - general contingent,Communication Design,Daytime,Secondary Education,130.2,Yes,No,No,Yes,Male,No,19,No,6,5,11.4,6,1,10.0,0.833,0.167,10.7,10.8,1.4,1.74,Enrolled
65,Single,Change of course,Communication Design,Daytime,Secondary Education,120.9,No,No,No,Yes,Male,No,24,No,6,0,0.0,6,0,0.0,0.0,0.0,0.0,12.7,3.7,-1.7,Enrolled
66,Divorced,Transfer,Nursing,Daytime,Basic Education 3rd Cycle,126.0,Yes,No,No,Yes,Male,No,29,No,7,5,11.9,8,5,11.0,0.714,0.625,11.45,13.9,-0.3,0.79,Dropout
67,Single,1st phase - general contingent,Animation and Multimedia Design,Daytime,Secondary Education,128.2,Yes,No,No,Yes,Male,Yes,19,No,0,0,0.0,0,0,0.0,0,0,0.0,10.8,1.4,1.74,Graduate
68,Single,Technological specialization diploma holders,Agronomy,Daytime,Technological Specialization Course,130.0,Yes,No,No,Yes,Male,No,23,No,6,6,12.571428571428571,6,6,12.428571428571429,1.0,1.0,12.5,8.9,1.4,3.51,Graduate
69,Single,1st phase - general contingent,Management,Daytime,Secondary Education,120.1,No,No,Yes,Yes,Male,No,19,No,5,5,11.2,5,4,10.75,1.0,0.8,10.98,16.2,0.3,-0.92,Dropout
70,Single,Over 23 years old,Tourism,Daytime,Secondary Education,100.0,No,No,No,Yes,Male,No,26,No,6,6,12.0,6,5,10.8,1.0,0.833,11.4,12.7,3.7,-1.7,Enrolled
71,Single,2nd phase - general contingent,Management,Daytime,Secondary Education,134.0,No,No,No,Yes,Male,No,18,No,5,0,0.0,5,0,0.0,0.0,0.0,0.0,7.6,2.6,0.32,Enrolled
72,Single,2nd phase - general contingent,Nursing,Daytime,Secondary Education,130.8,No,No,No,Yes,Male,No,24,No,7,7,11.975,8,8,13.75,1.0,1.0,12.86,13.9,-0.3,0.79,Graduate
73,Single,1st phase - general contingent,Animation and Multimedia Design,Daytime,Secondary Education,135.8,Yes,No,No,Yes,Male,No,19,No,0,0,0.0,0,0,0.0,0,0,0.0,15.5,2.8,-4.06,Dropout
74,Single,2nd phase - general contingent,Tourism,Daytime,Secondary Education,111.7,Yes,No,No,Yes,Male,No,18,No,6,3,11.666666666666666,6,1,12.0,0.5,0.167,11.83,12.4,0.5,1.79,Dropout
75,Single,1st phase - general contingent,Journalism and Communication,Daytime,Secondary Education,132.9,Yes,No,No,Yes,Male,No,18,No,6,6,12.333333333333334,6,3,12.333333333333334,1.0,0.5,12.33,10.8,1.4,1.74,Graduate
76,Single,2nd phase - general contingent,Management,Daytime,Secondary Education,115.5,Yes,No,Yes,Yes,Male,No,18,No,5,3,10.333333333333334,5,3,10.857142857142858,0.6,0.6,10.6,10.8,1.4,1.74,Dropout
77,Single,3rd phase - general contingent,Tourism,Daytime,Secondary Education,106.0,Yes,No,No,Yes,Male,Yes,21,No,6,4,10.5,6,1,11.0,0.667,0.167,10.75,9.4,-0.8,-3.12,Dropout
78,Single,2nd phase - general contingent,Journalism and Communication,Daytime,Secondary Education,120.3,Yes,No,Yes,Yes,Male,Yes,19,No,6,6,13.666666666666666,6,6,13.333333333333334,1.0,1.0,13.5,8.9,1.4,3.51,Graduate
79,Single,2nd phase - general contingent,Nursing,Daytime,Secondary Education,130.8,No,No,No,Yes,Male,Yes,22,No,7,7,14.842857142857142,8,8,15.055555555555555,1.0,1.0,14.95,16.2,0.3,-0.92,Graduate
80,Married,Over 23 years old,Social Service (evening attendance),Evening,Secondary Education,117.0,No,No,No,Yes,Male,No,33,No,6,6,12.0,6,6,11.666666666666666,1.0,1.0,11.83,10.8,1.4,1.74,Graduate
81,Single,1st phase - general contingent,Basic Education,Daytime,Secondary Education,110.2,Yes,No,No,Yes,Male,No,20,No,6,5,12.2,6,5,12.2,0.833,0.833,12.2,10.8,1.4,1.74,Dropout
82,Single,Over 23 years old,Management (evening attendance),Evening,Higher Education - Bachelor's,155.7,Yes,No,No,Yes,Male,No,35,No,1,0,0.0,5,0,0.0,0.0,0.0,0.0,10.8,1.4,1.74,Dropout
83,Single,Over 23 years old,Agronomy,Daytime,Higher Education - Master's,180.4,No,No,Yes,Yes,Male,No,24,No,12,6,12.166666666666666,12,10,13.3,0.5,0.833,12.73,12.4,0.5,1.79,Dropout
84,Single,2nd phase - general contingent,Tourism,Daytime,Secondary Education,125.5,No,No,No,Yes,Male,No,18,No,5,5,12.0,5,3,11.333333333333334,1.0,0.6,11.67,12.7,3.7,-1.7,Enrolled
85,Married,Over 23 years old,Social Service (evening attendance),Evening,Secondary Education,110.0,Yes,No,No,Yes,Female,No,33,No,6,6,11.0,6,5,11.0,1.0,0.833,11.0,9.4,-0.8,-3.12,Graduate
86,Single,Transfer,Nursing,Daytime,Secondary Education,161.0,Yes,No,No,Yes,Female,Yes,22,No,8,7,13.08,8,7,13.08,0.875,0.875,13.08,10.8,1.4,1.74,Graduate
87,Single,Over 23 years old,Advertising and Marketing Management,Daytime,Secondary Education,100.0,No,No,No,Yes,Female,Yes,25,No,5,4,10.5,5,5,11.6,0.8,1.0,11.05,9.4,-0.8,-3.12,Graduate
88,Single,2nd phase - general contingent,Communication Design,Daytime,Secondary Education,117.6,Yes,No,No,Yes,Male,No,20,No,6,6,10.666666666666666,6,5,11.2,1.0,0.833,10.93,7.6,2.6,0.32,Graduate
89,Single,1st phase - general contingent,Management,Daytime,Secondary Education,128.7,Yes,No,No,Yes,Male,No,23,No,5,4,14.0,5,5,13.8,0.8,1.0,13.9,11.1,0.6,2.02,Enrolled
90,Single,Change of course,Informatics Engineering,Daytime,Secondary Education,112.2,Yes,No,Yes,Yes,Male,No,18,No,5,2,10.0,5,0,0.0,0.4,0.0,5.0,15.5,2.8,-4.06,Enrolled
91,Single,Over 23 years old,Nursing,Daytime,Secondary Education,100.8,No,No,No,Yes,Male,No,24,No,7,0,0.0,7,0,0.0,0.0,0.0,0.0,13.9,-0.3,0.79,Dropout
92,Single,2nd phase - general contingent,Journalism and Communication,Daytime,Secondary Education,105.0,Yes,No,No,No,Female,No,21,Yes,6,6,14.0,6,6,13.5,1.0,1.0,13.75,8.9,1.4,3.51,Graduate
93,Single,International student (bachelor),Equinculture,Daytime,Secondary Education,100.0,No,No,No,Yes,Female,No,26,Yes,6,2,12.0,6,0,0.0,0.333,0.0,6.0,8.9,1.4,3.51,Dropout
94,Married,Over 23 years old,Basic Education,Daytime,11th Year - Not Completed,115.5,No,No,No,Yes,Female,No,39,No,6,3,12.666666666666666,6,0,0.0,0.5,0.0,6.33,7.6,2.6,0.32,Dropout
95,Married,Over 23 years old,Social Service (evening attendance),Evening,Secondary Education,114.0,No,No,No,Yes,Female,No,44,No,8,8,11.875,6,6,12.333333333333334,1.0,1.0,12.1,12.7,3.7,-1.7,Graduate
96,Single,International student (bachelor),Informatics Engineering,Daytime,Secondary Education,137.0,Yes,No,No,Yes,Male,No,19,Yes,5,5,14.0,5,3,13.25,1.0,0.6,13.62,13.9,-0.3,0.79,Enrolled
97,Single,1st phase - general contingent,Journalism and Communication,Daytime,Secondary Education,124.9,Yes,No,No,Yes,Female,No,18,No,6,6,13.666666666666666,6,6,13.333333333333334,1.0,1.0,13.5,8.9,1.4,3.51,Graduate
98,Single,1st phase - general contingent,Nursing,Daytime,Secondary Education,120.3,Yes,No,No,Yes,Female,Yes,18,No,7,7,13.75,8,8,14.47777777777778,1.0,1.0,14.11,12.4,0.5,1.79,Graduate
99,Single,1st phase - general contingent,Veterinary Nursing,Daytime,Secondary Education,134.3,Yes,No,No,Yes,Female,No,19,No,5,5,14.2,5,5,13.8,1.0,1.0,14.0,12.7,3.7,-1.7,Enrolled
100,Single,1st phase - general contingent,Nursing,Daytime,Secondary Education,111.5,Yes,No,Yes,No,Female,No,19,No,7,4,11.96,7,0,0.0,0.571,0.0,5.98,13.9,-0.3,0.79,Dropout
101,Single,Short cycle diploma holders,Veterinary Nursing,Daytime,Professional Higher Technical Course,128.8,No,No,No,Yes,Female,No,21,No,10,8,12.875,9,5,13.4,0.8,0.556,13.14,8.9,1.4,3.51,Dropout
102,Single,1st phase - general contingent,Animation and Multimedia Design,Daytime,Secondary Education,110.0,Yes,No,No,Yes,Female,No,20,No,0,0,0.0,0,0,0.0,0,0,0.0,16.2,0.3,-0.92,Graduate
103,Married,Over 23 years old,Social Service (evening attendance),Evening,Secondary Education,113.5,Yes,No,No,Yes,Female,No,36,No,6,0,0.0,6,0,0.0,0.0,0.0,0.0,9.4,-0.8,-3.12,Dropout
104,Divorced,Over 23 years old,Agronomy,Daytime,Other - 11th Year,160.0,No,No,No,Yes,Female,No,43,No,18,18,14.63157894736842,13,13,14.23076923076923,1.0,1.0,14.43,15.5,2.8,-4.06,Graduate
105,Single,3rd phase - general contingent,Basic Education,Daytime,Secondary Education,117.4,Yes,No,No,Yes,Female,No,19,No,6,0,0.0,6,0,0.0,0.0,0.0,0.0,11.1,0.6,2.02,Dropout
106,Single,Change of institution/course,Communication Design,Daytime,Secondary Education,122.2,No,No,Yes,Yes,Female,No,20,No,10,10,13.0,11,11,12.272727272727272,1.0,1.0,12.64,11.1,0.6,2.02,Graduate
107,Single,1st phase - general contingent,Social Service,Daytime,Secondary Education,118.2,Yes,No,No,Yes,Female,No,19,No,6,0,0.0,6,0,0.0,0.0,0.0,0.0,16.2,0.3,-0.92,Dropout
108,Single,1st phase - general contingent,Veterinary Nursing,Daytime,Secondary Education,106.7,Yes,No,No,Yes,Female,No,20,No,6,4,14.2,6,4,13.25,0.667,0.667,13.72,15.5,2.8,-4.06,Dropout
109,Single,1st phase - general contingent,Nursing,Daytime,Secondary Education,108.2,Yes,No,No,Yes,Female,No,20,No,7,6,13.266666666666666,7,5,12.3,0.857,0.714,12.78,12.4,0.5,1.79,Dropout
110,Single,2nd phase - general contingent,Basic Education,Daytime,Secondary Education,107.0,Yes,No,No,Yes,Female,No,20,No,7,6,11.666666666666666,7,3,13.0,0.857,0.429,12.33,16.2,0.3,-0.92,Enrolled
111,Single,1st phase - general contingent,Social Service,Daytime,Secondary Education,136.1,Yes,No,No,Yes,Female,No,18,No,6,6,13.857142857142858,6,6,15.0,1.0,1.0,14.43,13.9,-0.3,0.79,Graduate
112,Single,2nd phase - general contingent,Management,Daytime,Secondary Education,115.3,Yes,No,No,Yes,Female,Yes,18,No,5,3,13.0,5,3,11.0,0.6,0.6,12.0,8.9,1.4,3.51,Enrolled
113,Single,1st phase - general contingent,Veterinary Nursing,Daytime,Secondary Education,139.8,Yes,No,No,Yes,Female,No,19,No,5,5,13.4,5,5,12.8,1.0,1.0,13.1,10.8,1.4,1.74,Graduate
114,Single,1st phase - general contingent,Journalism and Communication,Daytime,Secondary Education,157.0,Yes,No,No,Yes,Female,No,18,No,6,6,12.666666666666666,6,6,12.571428571428571,1.0,1.0,12.62,10.8,1.4,1.74,Graduate
115,Single,2nd phase - general contingent,Nursing,Daytime,Secondary Education,131.0,Yes,No,No,Yes,Female,No,18,No,7,6,12.516666666666666,7,6,12.516666666666666,0.857,0.857,12.52,7.6,2.6,0.32,Dropout
116,Single,Change of course,Nursing,Daytime,Secondary Education,100.0,No,No,No,Yes,Female,No,20,No,7,6,11.616666666666667,7,7,13.0,0.857,1.0,12.31,13.9,-0.3,0.79,Enrolled
117,Single,2nd phase - general contingent,Social Service,Daytime,Secondary Education,140.4,Yes,No,No,Yes,Female,Yes,20,No,6,2,10.0,6,4,10.75,0.333,0.667,10.38,7.6,2.6,0.32,Enrolled
118,Single,2nd phase - general contingent,Management,Daytime,Secondary Education,113.4,No,No,No,Yes,Female,No,20,No,5,3,10.333333333333334,5,3,10.666666666666666,0.6,0.6,10.5,12.4,0.5,1.79,Enrolled
119,Single,1st phase - general contingent,Veterinary Nursing,Daytime,Secondary Education,137.0,No,No,No,Yes,Female,No,18,No,5,5,13.142857142857142,5,5,11.4,1.0,1.0,12.27,9.4,-0.8,-3.12,Graduate
120,Single,1st phase - general contingent,Management,Daytime,Secondary Education,121.8,No,No,No,Yes,Female,No,18,No,5,5,12.6,5,5,14.0,1.0,1.0,13.3,11.1,0.6,2.02,Graduate
121,Single,2nd phase - general contingent,Tourism,Daytime,Secondary Education,131.0,Yes,No,No,Yes,Female,No,21,No,6,3,11.0,6,2,11.0,0.5,0.333,11.0,9.4,-0.8,-3.12,Dropout
122,Single,1st phase - general contingent,Management,Daytime,Secondary Education,118.6,Yes,No,No,Yes,Female,No,19,No,5,5,10.8,5,4,11.25,1.0,0.8,11.02,16.2,0.3,-0.92,Graduate
123,Single,1st phase - general contingent,Animation and Multimedia Design,Daytime,Secondary Education,122.3,No,No,No,Yes,Female,No,19,No,0,0,0.0,0,0,0.0,0,0,0.0,10.8,1.4,1.74,Dropout
124,Single,1st phase - general contingent,Advertising and Marketing Management,Daytime,Secondary Education,127.9,No,No,No,Yes,Female,Yes,19,No,5,5,12.8,5,5,14.2,1.0,1.0,13.5,9.4,-0.8,-3.12,Graduate
125,Single,1st phase - general contingent,Veterinary Nursing,Daytime,Secondary Education,121.3,Yes,No,No,Yes,Female,No,19,No,6,6,14.166666666666666,6,6,12.2,1.0,1.0,13.18,15.5,2.8,-4.06,Graduate
126,Single,2nd phase - general contingent,Oral Hygiene,Daytime,Secondary Education,117.1,Yes,No,No,Yes,Female,No,19,No,7,5,12.1,7,0,0.0,0.714,0.0,6.05,13.9,-0.3,0.79,Dropout
127,Single,Technological specialization diploma holders,Veterinary Nursing,Daytime,Technological Specialization Course,160.0,Yes,No,No,Yes,Female,No,20,No,6,6,14.166666666666666,6,5,13.77777777777778,1.0,0.833,13.97,12.4,0.5,1.79,Graduate
128,Single,1st phase - general contingent,Basic Education,Daytime,Secondary Education,145.3,Yes,No,No,Yes,Female,Yes,18,No,6,5,12.8,6,5,13.4,0.833,0.833,13.1,9.4,-0.8,-3.12,Enrolled
129,Single,2nd phase - general contingent,Social Service,Daytime,Secondary Education,122.6,Yes,No,No,Yes,Female,No,18,No,6,6,13.0,6,6,13.666666666666666,1.0,1.0,13.33,12.4,0.5,1.79,Graduate
130,Single,2nd phase - general contingent,Nursing,Daytime,Secondary Education,128.0,Yes,No,No,Yes,Female,No,19,No,7,7,13.467142857142855,8,8,15.011111111111113,1.0,1.0,14.24,12.4,0.5,1.79,Graduate
131,Single,1st phase - general contingent,Nursing,Daytime,Secondary Education,124.9,Yes,No,No,Yes,Female,Yes,18,No,7,7,13.2375,8,7,13.742857142857144,1.0,0.875,13.49,13.9,-0.3,0.79,Dropout
132,Single,2nd phase - general contingent,Communication Design,Daytime,Secondary Education,123.7,Yes,No,No,Yes,Female,No,18,No,6,6,12.333333333333334,6,6,13.0,1.0,1.0,12.67,7.6,2.6,0.32,Graduate
133,Single,1st phase - general contingent,Management,Daytime,Secondary Education,120.1,Yes,No,No,Yes,Female,No,19,No,5,5,12.4,5,5,14.6,1.0,1.0,13.5,8.9,1.4,3.51,Graduate
134,Single,2nd phase - general contingent,Nursing,Daytime,Secondary Education,131.7,Yes,No,No,Yes,Female,No,19,No,7,5,14.0,7,0,0.0,0.714,0.0,7.0,13.9,-0.3,0.79,Dropout
135,Single,Change of course,Social Service,Daytime,Secondary Education,133.2,No,No,No,Yes,Female,No,20,No,9,9,11.666666666666666,7,7,11.714285714285714,1.0,1.0,11.69,7.6,2.6,0.32,Graduate
136,Single,1st phase - general contingent,Advertising and Marketing Management,Daytime,Secondary Education,109.3,No,No,Yes,No,Female,Yes,19,No,6,5,12.0,6,4,12.5,0.833,0.667,12.25,12.4,0.5,1.79,Dropout
137,Single,2nd phase - general contingent,Advertising and Marketing Management,Daytime,Secondary Education,113.0,Yes,No,No,Yes,Female,No,20,No,5,4,12.2,5,4,11.5,0.8,0.8,11.85,7.6,2.6,0.32,Graduate
138,Single,1st phase - general contingent,Journalism and Communication,Daytime,Secondary Education,157.9,No,No,Yes,Yes,Female,Yes,18,No,6,6,14.833333333333334,6,6,14.833333333333334,1.0,1.0,14.83,8.9,1.4,3.51,Graduate
139,Single,1st phase - general contingent,Nursing,Daytime,Secondary Education,112.1,No,No,No,Yes,Female,Yes,20,No,7,5,13.188,8,7,12.892857142857142,0.714,0.875,13.04,11.1,0.6,2.02,Enrolled
140,Single,3rd phase - general contingent,Nursing,Daytime,Secondary Education,174.7,No,No,No,Yes,Female,No,18,No,7,7,17.125,8,8,17.5875,1.0,1.0,17.36,13.9,-0.3,0.79,Graduate
141,Single,1st phase - general contingent,Nursing,Daytime,Secondary Education,128.8,Yes,No,No,Yes,Female,No,19,No,7,6,12.666666666666666,7,6,12.666666666666666,0.857,0.857,12.67,7.6,2.6,0.32,Graduate
142,Single,1st phase - general contingent,Journalism and Communication,Daytime,Secondary Education,110.1,Yes,No,No,Yes,Female,Yes,19,No,6,6,12.666666666666666,6,5,12.0,1.0,0.833,12.33,12.4,0.5,1.79,Graduate
143,Single,Change of institution/course,Management,Daytime,Secondary Education,99.7,Yes,No,Yes,No,Female,No,22,No,5,0,0.0,5,0,0.0,0.0,0.0,0.0,8.9,1.4,3.51,Enrolled
144,Single,1st phase - general contingent,Social Service,Daytime,Secondary Education,121.0,Yes,No,No,Yes,Female,Yes,19,No,6,6,11.333333333333334,6,6,11.5,1.0,1.0,11.42,12.4,0.5,1.79,Graduate
145,Single,1st phase - general contingent,Nursing,Daytime,Secondary Education,131.7,Yes,No,No,Yes,Female,Yes,19,No,7,7,13.605,8,8,12.33125,1.0,1.0,12.97,15.5,2.8,-4.06,Graduate
146,Single,2nd phase - general contingent,Basic Education,Daytime,Secondary Education,119.1,Yes,No,No,Yes,Female,Yes,19,No,6,5,12.0,6,5,10.8,0.833,0.833,11.4,9.4,-0.8,-3.12,Graduate
147,Single,1st phase - general contingent,Tourism,Daytime,Secondary Education,124.7,Yes,No,No,Yes,Female,No,19,No,5,0,0.0,5,0,0.0,0.0,0.0,0.0,7.6,2.6,0.32,Dropout
148,Single,2nd phase - general contingent,Tourism,Daytime,Secondary Education,117.2,Yes,No,No,Yes,Female,No,20,No,6,5,11.2,6,3,11.666666666666666,0.833,0.5,11.43,7.6,2.6,0.32,Dropout
149,Single,1st phase - general contingent,Management,Daytime,Secondary Education,128.8,No,No,No,Yes,Female,No,18,No,5,5,13.375,5,5,14.166666666666666,1.0,1.0,13.77,13.9,-0.3,0.79,Graduate
150,Single,1st phase - general contingent,Nursing,Daytime,Secondary Education,131.5,No,No,No,Yes,Female,Yes,20,No,7,6,13.863333333333337,8,7,14.178571428571429,0.857,0.875,14.02,11.1,0.6,2.02,Graduate
151,Single,1st phase - general contingent,Animation and Multimedia Design,Daytime,Secondary Education,121.7,Yes,No,No,Yes,Female,No,18,No,0,0,0.0,0,0,0.0,0,0,0.0,9.4,-0.8,-3.12,Enrolled
152,Single,1st phase - general contingent,Veterinary Nursing,Daytime,Secondary Education,123.4,No,No,No,Yes,Female,No,19,No,5,5,12.4,5,5,13.4,1.0,1.0,12.9,7.6,2.6,0.32,Graduate
153,Single,2nd phase - general contingent,Basic Education,Daytime,Secondary Education,124.7,Yes,No,No,Yes,Female,No,18,No,6,3,12.333333333333334,6,5,10.833333333333334,0.5,0.833,11.58,9.4,-0.8,-3.12,Enrolled
154,Single,1st phase - general contingent,Basic Education,Daytime,Secondary Education,132.8,Yes,No,No,Yes,Female,No,18,No,6,6,13.333333333333334,6,5,11.8,1.0,0.833,12.57,7.6,2.6,0.32,Graduate
155,Single,Change of course,Basic Education,Daytime,Secondary Education,108.7,Yes,No,No,Yes,Female,No,21,No,6,3,12.666666666666666,6,3,10.0,0.5,0.5,11.33,9.4,-0.8,-3.12,Dropout
156,Single,1st phase - general contingent,Basic Education,Daytime,Secondary Education,138.1,No,No,No,Yes,Female,No,19,No,6,6,12.0,6,4,11.5,1.0,0.667,11.75,7.6,2.6,0.32,Dropout
157,Single,1st phase - general contingent,Management,Daytime,Secondary Education,126.5,No,No,No,Yes,Female,Yes,18,No,5,5,10.6,5,5,11.8,1.0,1.0,11.2,12.4,0.5,1.79,Graduate
158,Single,2nd phase - general contingent,Social Service,Daytime,Secondary Education,127.4,Yes,No,No,Yes,Female,Yes,18,No,6,6,12.25,6,6,11.857142857142858,1.0,1.0,12.05,12.7,3.7,-1.7,Graduate
159,Single,1st phase - general contingent,Social Service,Daytime,Secondary Education,123.6,Yes,No,No,Yes,Female,No,20,No,6,4,11.0,6,6,11.833333333333334,0.667,1.0,11.42,9.4,-0.8,-3.12,Graduate
160,Single,Over 23 years old,Social Service (evening attendance),Evening,Secondary Education,122.0,No,No,No,Yes,Female,Yes,24,No,6,5,11.0,6,5,12.6,0.833,0.833,11.8,11.1,0.6,2.02,Graduate
161,Single,1st phase - general contingent,Advertising and Marketing Management,Daytime,Secondary Education,118.2,No,No,No,Yes,Female,No,19,No,6,6,13.166666666666666,6,6,13.0,1.0,1.0,13.08,10.8,1.4,1.74,Dropout
162,Single,1st phase - general contingent,Nursing,Daytime,Secondary Education,123.9,Yes,No,No,Yes,Female,Yes,18,No,7,7,12.855555555555554,8,7,12.761111111111113,1.0,0.875,12.81,15.5,2.8,-4.06,Graduate
163,Single,1st phase - general contingent,Nursing,Daytime,Secondary Education,125.8,Yes,No,No,Yes,Female,No,18,No,7,7,14.91875,8,8,15.355,1.0,1.0,15.14,15.5,2.8,-4.06,Graduate
164,Single,2nd phase - general contingent,Basic Education,Daytime,Secondary Education,123.3,Yes,No,No,Yes,Female,No,21,No,6,4,11.5,6,3,11.0,0.667,0.5,11.25,10.8,1.4,1.74,Dropout
165,Single,2nd phase - general contingent,Advertising and Marketing Management,Daytime,Secondary Education,124.4,No,No,No,Yes,Female,No,19,No,5,5,14.2,5,5,14.2,1.0,1.0,14.2,7.6,2.6,0.32,Graduate
166,Single,2nd phase - general contingent,Journalism and Communication,Daytime,Secondary Education,126.0,No,No,No,Yes,Female,Yes,19,No,6,6,12.5,6,6,13.0,1.0,1.0,12.75,15.5,2.8,-4.06,Graduate
167,Widower,Over 23 years old,Agronomy,Daytime,Secondary Education,170.0,No,No,Yes,Yes,Female,No,47,No,1,0,0.0,6,0,0.0,0.0,0.0,0.0,8.9,1.4,3.51,Enrolled
168,Single,2nd phase - general contingent,Social Service,Daytime,Secondary Education,121.5,No,No,No,Yes,Female,No,19,No,6,5,11.666666666666666,6,4,11.0,0.833,0.667,11.33,13.9,-0.3,0.79,Graduate
169,Single,Over 23 years old,Nursing,Daytime,Higher Education - Degree,130.0,No,No,No,Yes,Female,No,29,No,8,7,14.257142857142856,8,7,14.257142857142856,0.875,0.875,14.26,12.7,3.7,-1.7,Graduate
170,Single,Change of course,Social Service,Daytime,Secondary Education,117.0,Yes,No,No,Yes,Female,No,21,No,6,3,12.0,6,2,11.333333333333334,0.5,0.333,11.67,16.2,0.3,-0.92,Dropout
171,Single,Over 23 years old,Veterinary Nursing,Daytime,Secondary Education,130.0,Yes,No,No,Yes,Female,No,28,No,5,4,11.25,5,4,10.5,0.8,0.8,10.88,12.7,3.7,-1.7,Enrolled
172,Single,2nd phase - general contingent,Oral Hygiene,Daytime,Secondary Education,108.0,No,No,No,Yes,Female,No,20,No,7,7,12.457142857142856,8,8,13.5625,1.0,1.0,13.01,15.5,2.8,-4.06,Graduate
173,Single,2nd phase - general contingent,Nursing,Daytime,Secondary Education,132.3,Yes,No,No,Yes,Female,No,19,No,7,6,11.683333333333332,7,6,11.683333333333332,0.857,0.857,11.68,7.6,2.6,0.32,Graduate
174,Single,Transfer,Social Service (evening attendance),Evening,Secondary Education,148.0,No,No,No,Yes,Female,No,26,No,6,3,11.666666666666666,6,5,12.0,0.5,0.833,11.83,9.4,-0.8,-3.12,Graduate
175,Single,2nd phase - general contingent,Tourism,Daytime,Secondary Education,122.6,Yes,No,Yes,No,Female,No,20,No,6,4,11.75,6,6,13.166666666666666,0.667,1.0,12.46,11.1,0.6,2.02,Dropout
176,Single,1st phase - general contingent,Advertising and Marketing Management,Daytime,Secondary Education,123.0,Yes,No,No,Yes,Female,Yes,18,No,5,3,11.666666666666666,5,4,13.5,0.6,0.8,12.58,7.6,2.6,0.32,Enrolled
177,Single,Over 23 years old,Basic Education,Daytime,Secondary Education,102.5,No,No,No,Yes,Female,No,27,No,6,5,13.2,6,5,12.0,0.833,0.833,12.6,7.6,2.6,0.32,Graduate
178,Single,1st phase - general contingent,Nursing,Daytime,Secondary Education,113.3,Yes,No,No,Yes,Female,No,20,No,7,4,11.95,7,4,11.95,0.571,0.571,11.95,7.6,2.6,0.32,Dropout
179,Single,1st phase - general contingent,Basic Education,Daytime,Secondary Education,133.0,Yes,No,No,Yes,Female,No,18,No,6,5,12.4,6,5,10.4,0.833,0.833,11.4,9.4,-0.8,-3.12,Dropout
180,Single,Holders of other higher courses,Nursing,Daytime,Higher Education - Degree,140.0,No,No,No,Yes,Female,No,33,No,7,6,14.35,8,6,14.583333333333334,0.857,0.75,14.47,16.2,0.3,-0.92,Dropout
181,Single,Change of course,Basic Education,Daytime,Secondary Education,128.3,Yes,No,No,Yes,Female,No,35,No,21,21,12.61904761904762,19,19,12.789473684210526,1.0,1.0,12.7,12.4,0.5,1.79,Graduate
182,Single,Technological specialization diploma holders,Management (evening attendance),Evening,Technological Specialization Course,140.0,No,No,No,Yes,Female,Yes,26,No,6,6,12.666666666666666,6,6,13.166666666666666,1.0,1.0,12.92,9.4,-0.8,-3.12,Enrolled
183,Single,Over 23 years old,Journalism and Communication,Daytime,Basic Education 3rd Cycle,104.0,No,No,Yes,No,Female,No,27,No,6,5,12.0,6,0,0.0,0.833,0.0,6.0,11.1,0.6,2.02,Dropout
184,Single,3rd phase - general contingent,Communication Design,Daytime,Secondary Education,122.3,Yes,No,No,No,Female,No,19,No,6,6,12.166666666666666,6,0,0.0,1.0,0.0,6.08,15.5,2.8,-4.06,Dropout
185,Single,2nd phase - general contingent,Tourism,Daytime,Secondary Education,135.0,No,No,No,Yes,Female,No,20,No,6,0,0.0,6,0,0.0,0.0,0.0,0.0,11.1,0.6,2.02,Dropout
186,Single,3rd phase - general contingent,Management,Daytime,Secondary Education,119.1,Yes,No,Yes,No,Female,No,20,No,5,3,10.0,5,3,10.571428571428571,0.6,0.6,10.29,10.8,1.4,1.74,Dropout
187,Single,Change of course,Social Service,Daytime,Secondary Education,126.6,No,No,Yes,No,Female,No,21,No,10,8,11.5,6,4,10.0,0.8,0.667,10.75,9.4,-0.8,-3.12,Enrolled
188,Single,2nd phase - general contingent,Nursing,Daytime,Secondary Education,129.0,Yes,No,No,Yes,Female,Yes,18,No,7,6,13.05,7,6,13.05,0.857,0.857,13.05,7.6,2.6,0.32,Graduate
189,Single,Over 23 years old,Veterinary Nursing,Daytime,Secondary Education,162.3,Yes,No,No,Yes,Female,No,24,No,6,2,11.0,6,0,0.0,0.333,0.0,5.5,8.9,1.4,3.51,Dropout
190,Single,2nd phase - general contingent,Communication Design,Daytime,Secondary Education,163.4,Yes,No,No,Yes,Female,No,20,No,6,6,11.5,6,6,12.0,1.0,1.0,11.75,16.2,0.3,-0.92,Graduate
191,Single,1st phase - general contingent,Tourism,Daytime,Secondary Education,121.5,No,No,No,Yes,Female,Yes,21,No,6,6,12.0,6,6,12.5,1.0,1.0,12.25,13.9,-0.3,0.79,Graduate
192,Single,1st phase - general contingent,Social Service (evening attendance),Evening,Secondary Education,122.8,No,No,No,Yes,Female,No,23,No,6,2,10.0,5,1,10.0,0.333,0.2,10.0,9.4,-0.8,-3.12,Enrolled
193,Single,Over 23 years old,Management,Daytime,Secondary Education,118.0,Yes,No,No,Yes,Female,No,24,No,5,0,0.0,5,0,0.0,0.0,0.0,0.0,7.6,2.6,0.32,Dropout
194,Single,Change of institution/course,Basic Education,Daytime,Secondary Education,134.0,No,No,No,Yes,Female,No,21,No,6,0,0.0,6,0,0.0,0.0,0.0,0.0,12.4,0.5,1.79,Dropout
195,Single,1st phase - general contingent,Nursing,Daytime,Secondary Education,129.8,Yes,No,No,Yes,Female,No,18,No,8,7,12.242857142857144,8,7,12.242857142857144,0.875,0.875,12.24,12.7,3.7,-1.7,Graduate
196,Single,Over 23 years old,Management (evening attendance),Evening,Higher Education - Degree (1st cycle),152.0,Yes,No,No,Yes,Female,No,27,No,5,0,0.0,5,0,0.0,0.0,0.0,0.0,8.9,1.4,3.51,Dropout
197,Single,3rd phase - general contingent,Nursing,Daytime,Secondary Education,122.8,Yes,No,No,Yes,Female,No,18,No,8,8,12.93375,8,8,12.93375,1.0,1.0,12.93,9.4,-0.8,-3.12,Graduate
198,Single,Holders of other higher courses,Informatics Engineering,Daytime,Higher Education - Degree,150.0,No,No,No,Yes,Female,No,35,No,5,0,0.0,5,0,0.0,0.0,0.0,0.0,13.9,-0.3,0.79,Dropout
199,Single,1st phase - general contingent,Basic Education,Daytime,Secondary Education,131.8,No,No,No,Yes,Female,No,18,No,7,7,12.571428571428571,7,7,14.428571428571429,1.0,1.0,13.5,11.1,0.6,2.02,Graduate
200,Single,Over 23 years old,Nursing,Daytime,Secondary Education,105.9,No,No,No,Yes,Female,No,35,No,3,3,11.816666666666668,3,3,11.333333333333334,1.0,1.0,11.58,11.1,0.6,2.02,Enrolled
201,Single,1st phase - general contingent,Veterinary Nursing,Daytime,Secondary Education,132.1,Yes,No,No,Yes,Female,No,19,No,5,4,13.75,5,4,14.333333333333334,0.8,0.8,14.04,10.8,1.4,1.74,Graduate
202,Single,1st phase - general contingent,Social Service,Daytime,Secondary Education,127.4,Yes,No,No,Yes,Female,No,20,No,6,6,11.166666666666666,6,6,11.333333333333334,1.0,1.0,11.25,7.6,2.6,0.32,Graduate
203,Single,1st phase - general contingent,Nursing,Daytime,Secondary Education,129.5,Yes,No,No,Yes,Female,No,18,No,8,7,12.324285714285711,8,7,12.324285714285711,0.875,0.875,12.32,10.8,1.4,1.74,Graduate
204,Single,Technological specialization diploma holders,Social Service,Daytime,Technological Specialization Course,126.7,No,No,Yes,Yes,Female,No,21,No,6,6,12.166666666666666,6,6,11.714285714285714,1.0,1.0,11.94,13.9,-0.3,0.79,Graduate
205,Single,2nd phase - general contingent,Social Service,Daytime,Secondary Education,116.5,No,No,No,Yes,Female,Yes,18,No,6,5,11.142857142857142,6,4,11.25,0.833,0.667,11.2,16.2,0.3,-0.92,Graduate
206,Single,1st phase - general contingent,Social Service,Daytime,Secondary Education,119.1,Yes,No,No,Yes,Female,No,18,No,6,4,11.0,6,4,10.75,0.667,0.667,10.88,7.6,2.6,0.32,Graduate
207,Single,1st phase - general contingent,Nursing,Daytime,Secondary Education,126.5,Yes,No,No,Yes,Female,No,18,No,8,7,12.914285714285713,8,7,12.914285714285713,0.875,0.875,12.91,12.7,3.7,-1.7,Graduate
208,Single,1st phase - general contingent,Journalism and Communication,Daytime,Secondary Education,149.8,Yes,No,No,Yes,Female,Yes,18,No,6,6,13.833333333333334,6,6,14.166666666666666,1.0,1.0,14.0,16.2,0.3,-0.92,Graduate
209,Single,1st phase - general contingent,Veterinary Nursing,Daytime,Secondary Education,115.1,Yes,No,No,Yes,Female,No,19,No,6,6,13.857142857142858,6,5,13.4,1.0,0.833,13.63,13.9,-0.3,0.79,Graduate
210,Single,Over 23 years old,Tourism,Daytime,Basic Education 3rd Cycle,124.5,No,No,No,Yes,Female,Yes,36,No,6,6,13.714285714285714,6,5,12.8,1.0,0.833,13.26,16.2,0.3,-0.92,Dropout
211,Single,1st phase - general contingent,Nursing,Daytime,Secondary Education,128.3,Yes,No,No,Yes,Female,Yes,18,No,8,7,12.642857142857142,8,7,12.642857142857142,0.875,0.875,12.64,12.7,3.7,-1.7,Graduate
212,Single,1st phase - general contingent,Nursing,Daytime,Secondary Education,136.0,No,No,No,Yes,Female,Yes,18,No,7,6,12.916666666666666,7,6,12.916666666666666,0.857,0.857,12.92,7.6,2.6,0.32,Graduate
213,Single,Change of course,Equinculture,Daytime,Secondary Education,140.0,Yes,No,No,Yes,Female,Yes,20,No,6,6,15.625,6,6,15.857142857142858,1.0,1.0,15.74,13.9,-0.3,0.79,Graduate
214,Single,Over 23 years old,Management (evening attendance),Evening,Secondary Education,126.3,No,No,No,Yes,Female,Yes,26,No,5,0,0.0,5,0,0.0,0.0,0.0,0.0,16.2,0.3,-0.92,Dropout
215,Single,Change of course,Journalism and Communication,Daytime,Secondary Education,126.9,No,No,No,Yes,Female,No,21,No,6,6,11.714285714285714,6,6,12.0,1.0,1.0,11.86,7.6,2.6,0.32,Graduate
216,Single,Over 23 years old,Oral Hygiene,Daytime,Higher Education - Degree (1st cycle),145.0,No,No,No,Yes,Female,No,25,No,7,6,12.125,8,8,13.3125,0.857,1.0,12.72,15.5,2.8,-4.06,Enrolled
217,Single,3rd phase - general contingent,Management,Daytime,Secondary Education,115.8,Yes,No,No,Yes,Female,Yes,19,No,5,5,11.6,5,5,11.6,1.0,1.0,11.6,12.4,0.5,1.79,Graduate
218,Single,Over 23 years old,Social Service (evening attendance),Evening,Secondary Education,100.0,Yes,No,No,Yes,Female,No,24,No,6,1,10.0,6,0,0.0,0.167,0.0,5.0,9.4,-0.8,-3.12,Dropout
219,Single,Over 23 years old,Social Service (evening attendance),Evening,Secondary Education,102.5,No,No,No,Yes,Female,Yes,27,No,6,1,10.0,6,0,0.0,0.167,0.0,5.0,8.9,1.4,3.51,Dropout
220,Single,2nd phase - general contingent,Veterinary Nursing,Daytime,Secondary Education,131.5,No,No,No,Yes,Female,No,21,No,5,0,0.0,5,2,13.5,0.0,0.4,6.75,7.6,2.6,0.32,Dropout
221,Single,1st phase - general contingent,Management,Daytime,Secondary Education,147.0,No,No,No,Yes,Female,Yes,18,No,5,4,13.0,5,3,12.333333333333334,0.8,0.6,12.67,9.4,-0.8,-3.12,Graduate
222,Married,1st phase - general contingent,Basic Education,Daytime,Secondary Education,122.5,No,Yes,No,Yes,Female,Yes,19,No,6,6,13.333333333333334,6,6,14.5,1.0,1.0,13.92,10.8,1.4,1.74,Graduate
223,Single,1st phase - general contingent,Tourism,Daytime,Secondary Education,117.5,Yes,No,No,Yes,Female,No,18,No,6,4,11.25,6,2,12.5,0.667,0.333,11.88,9.4,-0.8,-3.12,Dropout
224,Single,Change of institution/course,Nursing,Daytime,Secondary Education,150.0,No,No,No,Yes,Female,Yes,19,No,7,5,13.85,8,7,12.19285714285714,0.714,0.875,13.02,11.1,0.6,2.02,Graduate
225,Single,3rd phase - general contingent,Nursing,Daytime,Secondary Education,127.5,Yes,No,No,Yes,Female,Yes,19,No,7,6,13.741666666666667,8,7,14.9125,0.857,0.875,14.33,16.2,0.3,-0.92,Graduate
226,Married,Holders of other higher courses,Management (evening attendance),Evening,Higher Education - Master (2nd cycle),140.0,No,No,No,Yes,Female,No,33,No,6,6,15.333333333333334,5,5,15.8,1.0,1.0,15.57,11.1,0.6,2.02,Graduate
227,Married,Holders of other higher courses,Management,Daytime,Higher Education - Degree,130.0,No,No,No,Yes,Female,No,45,No,5,5,11.0,5,5,13.8,1.0,1.0,12.4,12.4,0.5,1.79,Graduate
228,Single,1st phase - general contingent,Social Service,Daytime,Secondary Education,133.3,No,No,No,Yes,Female,Yes,20,No,6,6,12.0,6,6,12.857142857142858,1.0,1.0,12.43,11.1,0.6,2.02,Graduate
229,Single,Over 23 years old,Advertising and Marketing Management,Daytime,Secondary Education,97.0,Yes,No,No,Yes,Female,No,28,No,5,0,0.0,5,0,0.0,0.0,0.0,0.0,7.6,2.6,0.32,Dropout
230,Single,Change of course,Nursing,Daytime,Secondary Education,112.0,Yes,No,No,Yes,Female,Yes,19,No,8,7,11.571428571428571,8,7,11.571428571428571,0.875,0.875,11.57,12.7,3.7,-1.7,Graduate
231,Single,1st phase - general contingent,Tourism,Daytime,Secondary Education,123.6,Yes,No,No,Yes,Female,No,18,No,6,6,12.857142857142858,6,3,12.666666666666666,1.0,0.5,12.76,12.7,3.7,-1.7,Graduate
232,Single,Over 23 years old,Tourism,Daytime,Higher Education - Degree,130.5,No,No,No,Yes,Female,No,38,No,6,0,0.0,6,0,0.0,0.0,0.0,0.0,15.5,2.8,-4.06,Dropout
233,Single,1st phase - general contingent,Advertising and Marketing Management,Daytime,Secondary Education,133.3,No,No,No,Yes,Female,No,19,No,5,5,13.0,5,5,13.2,1.0,1.0,13.1,9.4,-0.8,-3.12,Graduate
234,Single,1st phase - general contingent,Tourism,Daytime,Secondary Education,132.1,No,No,No,Yes,Female,Yes,21,No,6,5,11.0,6,5,12.0,0.833,0.833,11.5,15.5,2.8,-4.06,Graduate
235,Single,1st phase - general contingent,Management,Daytime,Secondary Education,100.0,No,No,No,Yes,Female,No,21,No,5,3,12.0,5,1,15.0,0.6,0.2,13.5,16.2,0.3,-0.92,Dropout
236,Single,1st phase - general contingent,Social Service,Daytime,Secondary Education,140.4,No,No,No,Yes,Female,Yes,22,No,6,5,12.6,6,6,13.0,0.833,1.0,12.8,10.8,1.4,1.74,Graduate
237,Single,1st phase - general contingent,Basic Education,Daytime,Secondary Education,141.7,No,No,No,Yes,Female,Yes,18,No,6,5,13.4,6,6,13.166666666666666,0.833,1.0,13.28,9.4,-0.8,-3.12,Graduate
238,Single,2nd phase - general contingent,Social Service,Daytime,Secondary Education,119.7,No,Yes,No,Yes,Female,Yes,18,No,6,6,11.333333333333334,6,6,11.571428571428571,1.0,1.0,11.45,15.5,2.8,-4.06,Graduate
239,Single,1st phase - general contingent,Equinculture,Daytime,Secondary Education,122.5,Yes,No,No,No,Female,No,25,No,5,4,13.5,5,4,14.25,0.8,0.8,13.88,9.4,-0.8,-3.12,Dropout
240,Single,Over 23 years old,Veterinary Nursing,Daytime,Basic Education 3rd Cycle,140.0,No,No,Yes,No,Female,No,24,No,6,3,11.75,6,3,10.333333333333334,0.5,0.5,11.04,16.2,0.3,-0.92,Dropout
241,Single,1st phase - general contingent,Nursing,Daytime,Secondary Education,119.4,Yes,No,No,Yes,Female,No,19,No,7,6,12.471428571428572,7,7,11.4625,0.857,1.0,11.97,12.4,0.5,1.79,Enrolled
242,Single,1st phase - special contingent (Madeira Island),Animation and Multimedia Design,Daytime,Secondary Education,155.0,Yes,No,No,Yes,Female,No,24,No,17,11,12.909090909090908,13,9,13.555555555555555,0.647,0.692,13.23,12.4,0.5,1.79,Enrolled
243,Single,1st phase - general contingent,Management,Daytime,Secondary Education,119.1,Yes,No,No,Yes,Female,Yes,20,No,5,5,11.6,5,5,13.6,1.0,1.0,12.6,12.4,0.5,1.79,Graduate
244,Single,Over 23 years old,Management,Daytime,Secondary Education,122.7,No,No,No,No,Female,No,25,No,5,0,0.0,5,0,0.0,0.0,0.0,0.0,10.8,1.4,1.74,Dropout
245,Single,1st phase - general contingent,Management,Daytime,Secondary Education,117.9,No,No,No,Yes,Female,Yes,20,No,10,9,12.9,10,10,12.363636363636363,0.9,1.0,12.63,8.9,1.4,3.51,Graduate
246,Single,Holders of other higher courses,Nursing,Daytime,Higher Education - Degree,130.0,No,No,No,Yes,Female,No,23,No,8,8,13.22,8,8,13.22,1.0,1.0,13.22,9.4,-0.8,-3.12,Graduate
247,Single,2nd phase - general contingent,Nursing,Daytime,Secondary Education,120.0,Yes,No,No,Yes,Female,Yes,19,No,8,7,13.151428571428571,8,7,13.151428571428571,0.875,0.875,13.15,10.8,1.4,1.74,Graduate
248,Single,Technological specialization diploma holders,Agronomy,Daytime,Technological Specialization Course,130.0,No,No,Yes,No,Female,No,29,No,6,3,12.75,6,3,11.333333333333334,0.5,0.5,12.04,13.9,-0.3,0.79,Dropout
249,Single,1st phase - general contingent,Tourism,Daytime,Secondary Education,116.8,Yes,No,No,Yes,Female,No,21,No,6,6,11.333333333333334,6,4,12.25,1.0,0.667,11.79,11.1,0.6,2.02,Graduate
250,Single,1st phase - general contingent,Advertising and Marketing Management,Daytime,Secondary Education,123.4,Yes,No,No,Yes,Female,Yes,18,No,6,6,13.25,6,5,14.142857142857142,1.0,0.833,13.7,11.1,0.6,2.02,Graduate
251,Single,1st phase - general contingent,Communication Design,Daytime,Secondary Education,125.4,Yes,No,No,Yes,Female,No,19,No,6,5,12.4,6,5,12.4,0.833,0.833,12.4,9.4,-0.8,-3.12,Enrolled
252,Single,1st phase - general contingent,Journalism and Communication,Daytime,Secondary Education,127.2,Yes,No,No,Yes,Female,Yes,18,No,6,6,15.0,6,6,12.833333333333334,1.0,1.0,13.92,8.9,1.4,3.51,Dropout
253,Single,1st phase - general contingent,Veterinary Nursing,Daytime,Secondary Education,103.4,No,No,No,Yes,Female,No,19,No,5,5,14.4,5,5,13.0,1.0,1.0,13.7,7.6,2.6,0.32,Graduate
254,Single,1st phase - general contingent,Journalism and Communication,Daytime,Secondary Education,123.2,Yes,No,No,Yes,Female,No,18,No,6,1,11.0,6,0,0.0,0.167,0.0,5.5,9.4,-0.8,-3.12,Enrolled
255,Single,2nd phase - general contingent,Management,Daytime,Secondary Education,124.1,No,No,No,Yes,Female,No,18,No,5,5,12.4,5,5,10.8,1.0,1.0,11.6,8.9,1.4,3.51,Graduate
256,Married,Over 23 years old,Oral Hygiene,Daytime,Basic Education 3rd Cycle,99.5,Yes,No,Yes,No,Female,Yes,37,No,7,1,16.0,7,0,0.0,0.143,0.0,8.0,8.9,1.4,3.51,Dropout
257,Single,2nd phase - general contingent,Management (evening attendance),Evening,Higher Education - Degree (1st cycle),124.9,No,No,No,Yes,Female,No,29,No,5,5,13.571428571428571,5,5,12.333333333333334,1.0,1.0,12.95,16.2,0.3,-0.92,Graduate
258,Single,2nd phase - general contingent,Communication Design,Daytime,Secondary Education,110.8,No,No,No,Yes,Female,No,18,No,6,6,11.833333333333334,6,6,12.5,1.0,1.0,12.17,7.6,2.6,0.32,Enrolled
259,Single,1st phase - general contingent,Social Service,Daytime,Secondary Education,118.9,Yes,No,No,Yes,Female,Yes,19,No,6,5,11.666666666666666,6,5,12.666666666666666,0.833,0.833,12.17,12.4,0.5,1.79,Graduate
260,Single,Change of course,Social Service,Daytime,Secondary Education,118.8,Yes,No,Yes,No,Female,No,22,No,10,6,11.833333333333334,7,2,13.0,0.6,0.286,12.42,16.2,0.3,-0.92,Dropout
261,Single,1st phase - general contingent,Tourism,Daytime,Secondary Education,137.0,No,No,No,Yes,Female,Yes,20,No,6,6,11.166666666666666,6,5,10.6,1.0,0.833,10.88,15.5,2.8,-4.06,Graduate
262,Single,Over 23 years old,Social Service (evening attendance),Evening,Secondary Education,100.0,No,No,No,Yes,Female,No,34,No,6,0,0.0,6,0,0.0,0.0,0.0,0.0,12.7,3.7,-1.7,Dropout
263,Single,Change of course,Informatics Engineering,Daytime,Secondary Education,120.0,No,No,Yes,No,Female,No,30,No,12,8,11.75,12,6,12.166666666666666,0.667,0.5,11.96,7.6,2.6,0.32,Dropout
264,Single,1st phase - general contingent,Social Service,Daytime,Secondary Education,122.8,No,No,No,Yes,Female,No,18,No,6,6,14.0,6,6,14.0,1.0,1.0,14.0,10.8,1.4,1.74,Graduate
265,Single,1st phase - general contingent,Social Service,Daytime,Secondary Education,121.6,No,No,No,Yes,Female,No,18,No,6,6,12.833333333333334,6,6,12.0,1.0,1.0,12.42,12.4,0.5,1.79,Graduate
266,Single,1st phase - general contingent,Journalism and Communication,Daytime,Secondary Education,149.2,Yes,No,No,Yes,Female,No,18,No,6,4,12.25,6,3,11.666666666666666,0.667,0.5,11.96,9.4,-0.8,-3.12,Graduate
267,Single,2nd phase - general contingent,Nursing,Daytime,Secondary Education,140.0,Yes,No,No,Yes,Female,No,18,No,8,7,14.828571428571427,8,7,14.828571428571427,0.875,0.875,14.83,12.7,3.7,-1.7,Graduate
268,Single,1st phase - general contingent,Journalism and Communication,Daytime,Secondary Education,133.4,Yes,No,No,Yes,Female,Yes,19,No,6,5,11.4,6,5,12.8,0.833,0.833,12.1,12.7,3.7,-1.7,Graduate
269,Single,1st phase - general contingent,Communication Design,Daytime,Secondary Education,126.2,Yes,No,No,Yes,Female,Yes,19,No,6,6,13.0,6,6,12.5,1.0,1.0,12.75,10.8,1.4,1.74,Graduate
270,Single,1st phase - general contingent,Nursing,Daytime,Secondary Education,127.8,No,No,No,Yes,Female,Yes,18,No,8,7,13.671428571428573,8,7,13.671428571428573,0.875,0.875,13.67,12.7,3.7,-1.7,Graduate
271,Single,Technological specialization diploma holders,Agronomy,Daytime,Technological Specialization Course,150.0,No,No,No,Yes,Female,Yes,21,No,6,6,12.666666666666666,6,5,12.8,1.0,0.833,12.73,13.9,-0.3,0.79,Graduate
272,Single,1st phase - general contingent,Management,Daytime,Secondary Education,113.7,Yes,No,No,No,Female,No,20,No,5,2,10.0,5,1,13.0,0.4,0.2,11.5,7.6,2.6,0.32,Dropout
273,Single,2nd phase - general contingent,Management,Daytime,Secondary Education,117.8,Yes,No,No,Yes,Female,No,20,No,5,5,13.5,5,5,12.333333333333334,1.0,1.0,12.92,13.9,-0.3,0.79,Graduate
274,Single,1st phase - general contingent,Nursing,Daytime,Secondary Education,136.7,No,No,No,Yes,Female,No,19,No,7,7,12.67,8,8,13.55,1.0,1.0,13.11,11.1,0.6,2.02,Graduate
275,Single,1st phase - general contingent,Social Service,Daytime,Secondary Education,144.7,No,No,No,Yes,Female,No,20,No,6,6,14.5,6,6,15.428571428571429,1.0,1.0,14.96,16.2,0.3,-0.92,Graduate
276,Single,2nd phase - general contingent,Nursing,Daytime,Secondary Education,139.8,Yes,No,No,Yes,Female,No,18,No,7,7,13.685714285714283,8,8,15.3875,1.0,1.0,14.54,13.9,-0.3,0.79,Graduate
277,Single,Transfer,Basic Education,Daytime,Secondary Education,113.7,No,No,No,Yes,Female,No,20,No,6,5,11.0,6,3,10.666666666666666,0.833,0.5,10.83,12.7,3.7,-1.7,Dropout
278,Married,Holders of other higher courses,Equinculture,Daytime,Higher Education - Degree,140.0,No,No,Yes,No,Female,No,29,No,9,7,11.555555555555555,7,5,13.2,0.778,0.714,12.38,7.6,2.6,0.32,Dropout
279,Single,1st phase - general contingent,Nursing,Daytime,Secondary Education,142.3,No,No,No,Yes,Female,Yes,18,No,7,7,13.79714285714286,8,8,13.775,1.0,1.0,13.79,12.4,0.5,1.79,Enrolled
280,Single,1st phase - general contingent,Nursing,Daytime,Secondary Education,119.6,Yes,No,No,Yes,Female,Yes,20,No,7,7,14.00375,8,7,13.812857142857142,1.0,0.875,13.91,15.5,2.8,-4.06,Graduate
281,Single,1st phase - special contingent (Madeira Island),Management,Daytime,Secondary Education,123.7,Yes,No,No,Yes,Female,Yes,22,No,5,4,12.0,5,4,11.4,0.8,0.8,11.7,16.2,0.3,-0.92,Graduate
282,Divorced,1st phase - general contingent,Social Service (evening attendance),Evening,Secondary Education,143.0,Yes,No,No,Yes,Female,Yes,47,No,6,5,14.166666666666666,6,6,14.166666666666666,0.833,1.0,14.17,16.2,0.3,-0.92,Graduate
283,Married,Change of institution/course,Management (evening attendance),Evening,Secondary Education,100.1,No,No,No,Yes,Female,No,31,No,5,5,14.0,5,5,13.8,1.0,1.0,13.9,8.9,1.4,3.51,Graduate
284,Single,1st phase - general contingent,Communication Design,Daytime,Secondary Education,119.4,No,No,No,Yes,Female,Yes,21,No,6,5,13.8,6,6,12.833333333333334,0.833,1.0,13.32,16.2,0.3,-0.92,Graduate
285,Single,1st phase - general contingent,Social Service (evening attendance),Evening,Secondary Education,122.1,No,No,No,Yes,Female,No,21,No,6,5,12.8,6,6,11.857142857142858,0.833,1.0,12.33,7.6,2.6,0.32,Graduate
286,Married,Over 23 years old,Journalism and Communication,Daytime,Other - 11th Year,100.0,No,No,No,Yes,Female,No,24,No,6,6,12.166666666666666,6,6,13.833333333333334,1.0,1.0,13.0,7.6,2.6,0.32,Graduate
287,Single,2nd phase - general contingent,Communication Design,Daytime,Secondary Education,113.9,No,No,No,Yes,Female,No,18,No,6,6,12.5,6,6,12.333333333333334,1.0,1.0,12.42,15.5,2.8,-4.06,Enrolled
288,Single,Over 23 years old,Social Service (evening attendance),Evening,10th Year - Not Completed,101.0,No,No,No,Yes,Female,No,32,No,6,4,12.0,6,4,11.5,0.667,0.667,11.75,7.6,2.6,0.32,Graduate
289,Single,3rd phase - general contingent,Social Service (evening attendance),Evening,Secondary Education,111.8,Yes,No,No,Yes,Female,Yes,19,No,6,6,10.833333333333334,6,6,11.5,1.0,1.0,11.17,10.8,1.4,1.74,Graduate
290,Single,Over 23 years old,Nursing,Daytime,Secondary Education,140.0,Yes,No,No,Yes,Female,No,24,No,8,8,13.385,8,8,13.385,1.0,1.0,13.38,9.4,-0.8,-3.12,Graduate
291,Single,2nd phase - general contingent,Veterinary Nursing,Daytime,Secondary Education,124.4,Yes,No,No,Yes,Female,No,19,No,6,6,15.666666666666666,6,6,14.5,1.0,1.0,15.08,15.5,2.8,-4.06,Graduate
292,Single,Technological specialization diploma holders,Agronomy,Daytime,Technological Specialization Course,150.0,No,No,Yes,Yes,Female,Yes,19,No,6,6,14.333333333333334,6,6,13.833333333333334,1.0,1.0,14.08,13.9,-0.3,0.79,Graduate
293,Single,Technological specialization diploma holders,Agronomy,Daytime,Technological Specialization Course,140.0,No,No,No,Yes,Female,No,24,No,6,6,11.428571428571429,6,5,13.0,1.0,0.833,12.21,12.4,0.5,1.79,Enrolled
294,Single,2nd phase - general contingent,Social Service,Daytime,Secondary Education,116.0,Yes,No,No,Yes,Female,Yes,18,No,6,6,11.666666666666666,6,6,11.666666666666666,1.0,1.0,11.67,8.9,1.4,3.51,Graduate
295,Single,1st phase - general contingent,Communication Design,Daytime,Secondary Education,135.6,Yes,No,No,Yes,Female,Yes,19,No,6,5,12.0,6,2,11.333333333333334,0.833,0.333,11.67,8.9,1.4,3.51,Dropout
296,Married,1st phase - general contingent,Nursing,Daytime,Secondary Education,121.0,No,No,No,Yes,Female,Yes,19,No,8,7,14.725714285714288,8,7,14.725714285714288,0.875,0.875,14.73,10.8,1.4,1.74,Graduate
297,Single,2nd phase - general contingent,Journalism and Communication,Daytime,Secondary Education,118.7,Yes,No,No,Yes,Female,Yes,18,No,6,6,14.166666666666666,6,6,13.666666666666666,1.0,1.0,13.92,12.4,0.5,1.79,Graduate
298,Single,1st phase - general contingent,Social Service,Daytime,Secondary Education,125.7,Yes,No,No,Yes,Female,No,18,No,6,6,11.571428571428571,6,6,12.333333333333334,1.0,1.0,11.95,12.4,0.5,1.79,Graduate
299,Single,2nd phase - general contingent,Oral Hygiene,Daytime,Secondary Education,107.1,Yes,No,No,Yes,Female,No,20,No,7,7,12.5,8,8,13.1375,1.0,1.0,12.82,12.4,0.5,1.79,Graduate
300,Single,1st phase - general contingent,Nursing,Daytime,Secondary Education,125.5,No,No,No,Yes,Female,No,18,No,8,8,12.86,8,8,12.86,1.0,1.0,12.86,9.4,-0.8,-3.12,Graduate
301,Single,2nd phase - general contingent,Advertising and Marketing Management,Daytime,Secondary Education,127.0,Yes,No,No,Yes,Female,No,18,No,6,6,12.25,6,6,13.714285714285714,1.0,1.0,12.98,11.1,0.6,2.02,Graduate
302,Single,1st phase - general contingent,Veterinary Nursing,Daytime,Secondary Education,113.5,Yes,No,No,Yes,Female,Yes,21,No,5,4,12.0,5,5,12.2,0.8,1.0,12.1,10.8,1.4,1.74,Graduate
303,Single,1st phase - general contingent,Nursing,Daytime,Secondary Education,154.4,No,No,No,Yes,Female,Yes,18,No,7,7,15.116666666666667,8,8,16.168888888888887,1.0,1.0,15.64,15.5,2.8,-4.06,Graduate
304,Single,Change of institution/course,Advertising and Marketing Management,Daytime,Secondary Education,122.0,No,No,Yes,No,Female,No,18,No,5,2,12.5,5,4,10.25,0.4,0.8,11.38,9.4,-0.8,-3.12,Dropout
305,Single,2nd phase - general contingent,Social Service,Daytime,Secondary Education,128.0,Yes,No,No,Yes,Female,No,19,No,6,0,0.0,6,0,0.0,0.0,0.0,0.0,9.4,-0.8,-3.12,Dropout
306,Single,1st phase - general contingent,Advertising and Marketing Management,Daytime,Secondary Education,115.5,Yes,No,No,Yes,Female,No,19,No,6,4,11.0,6,4,11.0,0.667,0.667,11.0,10.8,1.4,1.74,Enrolled
307,Single,2nd phase - general contingent,Advertising and Marketing Management,Daytime,Secondary Education,117.2,Yes,No,No,Yes,Female,No,18,No,6,6,11.875,6,4,14.6,1.0,0.667,13.24,11.1,0.6,2.02,Graduate
308,Single,Over 23 years old,Equinculture,Daytime,Higher Education - Degree,150.0,Yes,No,No,Yes,Female,No,34,No,5,1,11.0,5,0,0.0,0.2,0.0,5.5,12.7,3.7,-1.7,Dropout
309,Single,1st phase - general contingent,Veterinary Nursing,Daytime,Secondary Education,155.3,No,No,No,Yes,Female,No,19,No,5,5,15.2,5,5,13.2,1.0,1.0,14.2,7.6,2.6,0.32,Graduate
310,Single,Technological specialization diploma holders,Equinculture,Daytime,Technological Specialization Course,120.0,Yes,No,Yes,No,Female,No,19,No,6,5,11.6,6,2,11.0,0.833,0.333,11.3,12.4,0.5,1.79,Dropout
311,Single,Change of institution/course,Social Service,Daytime,Secondary Education,116.1,No,No,Yes,Yes,Female,No,26,No,6,6,14.833333333333334,6,6,15.142857142857142,1.0,1.0,14.99,11.1,0.6,2.02,Graduate
312,Single,2nd phase - general contingent,Basic Education,Daytime,Secondary Education,118.9,Yes,No,No,Yes,Female,No,21,No,6,3,11.333333333333334,6,3,11.333333333333334,0.5,0.5,11.33,7.6,2.6,0.32,Dropout
313,Single,2nd phase - general contingent,Management,Daytime,Secondary Education,127.3,No,No,No,Yes,Female,Yes,18,No,5,5,11.2,5,5,11.8,1.0,1.0,11.5,11.1,0.6,2.02,Graduate
314,Single,2nd phase - general contingent,Basic Education,Daytime,Secondary Education,113.7,Yes,No,No,Yes,Female,Yes,20,No,6,5,13.4,6,5,13.666666666666666,0.833,0.833,13.53,9.4,-0.8,-3.12,Graduate
315,Single,Change of institution/course,Management,Daytime,Secondary Education,118.5,No,No,No,Yes,Female,No,25,No,5,2,10.5,5,0,0.0,0.4,0.0,5.25,11.1,0.6,2.02,Dropout
316,Single,1st phase - general contingent,Management,Daytime,Secondary Education,146.7,No,No,No,Yes,Female,No,18,No,5,5,16.2,5,5,16.4,1.0,1.0,16.3,11.1,0.6,2.02,Graduate
317,Single,1st phase - general contingent,Nursing,Daytime,Secondary Education,124.3,Yes,No,No,Yes,Female,Yes,18,No,7,7,14.542857142857144,8,8,14.88181818181818,1.0,1.0,14.71,16.2,0.3,-0.92,Graduate
318,Single,1st phase - general contingent,Nursing,Daytime,Secondary Education,137.8,No,No,No,Yes,Female,No,19,No,7,7,13.694285714285714,8,8,14.355555555555554,1.0,1.0,14.02,11.1,0.6,2.02,Graduate
319,Single,1st phase - general contingent,Social Service,Daytime,Secondary Education,130.2,No,No,No,Yes,Female,Yes,18,No,6,6,11.285714285714286,6,6,11.857142857142858,1.0,1.0,11.57,12.4,0.5,1.79,Graduate
320,Single,2nd phase - general contingent,Nursing,Daytime,Secondary Education,147.8,No,No,No,Yes,Female,No,20,No,7,6,11.757142857142856,8,6,13.083333333333334,0.857,0.75,12.42,15.5,2.8,-4.06,Enrolled
321,Single,Holders of other higher courses,Veterinary Nursing,Daytime,Higher Education - Degree (1st cycle),150.0,No,No,Yes,No,Female,No,26,No,3,0,0.0,6,0,0.0,0.0,0.0,0.0,8.9,1.4,3.51,Dropout
322,Single,Transfer,Nursing,Daytime,Secondary Education,100.0,Yes,No,No,Yes,Female,Yes,19,No,8,7,13.058571428571428,8,7,13.058571428571428,0.875,0.875,13.06,10.8,1.4,1.74,Graduate
323,Single,1st phase - general contingent,Nursing,Daytime,Secondary Education,155.6,No,No,No,Yes,Female,No,19,No,7,7,14.3,8,8,14.055555555555555,1.0,1.0,14.18,16.2,0.3,-0.92,Graduate
324,Single,Change of course,Management,Daytime,Secondary Education,117.4,No,No,No,Yes,Female,No,19,No,10,5,11.8,10,8,12.0,0.5,0.8,11.9,7.6,2.6,0.32,Graduate
325,Single,1st phase - special contingent (Azores Island),Veterinary Nursing,Daytime,Secondary Education,128.8,Yes,No,No,Yes,Female,No,19,No,5,3,10.333333333333334,5,3,13.0,0.6,0.6,11.67,7.6,2.6,0.32,Enrolled
326,Single,1st phase - general contingent,Tourism,Daytime,Secondary Education,117.5,Yes,No,No,Yes,Female,No,18,No,6,6,10.571428571428571,6,3,11.666666666666666,1.0,0.5,11.12,16.2,0.3,-0.92,Graduate
327,Single,Change of course,Nursing,Daytime,Frequency of Higher Education,120.4,Yes,No,No,Yes,Female,No,19,No,7,6,13.333333333333334,7,6,13.333333333333334,0.857,0.857,13.33,7.6,2.6,0.32,Graduate
328,Single,1st phase - general contingent,Social Service,Daytime,Secondary Education,130.9,No,No,Yes,Yes,Female,No,18,No,6,6,11.857142857142858,6,5,11.0,1.0,0.833,11.43,13.9,-0.3,0.79,Graduate
329,Single,1st phase - general contingent,Basic Education,Daytime,Secondary Education,125.0,Yes,No,No,Yes,Female,No,18,No,6,5,12.6,6,5,11.4,0.833,0.833,12.0,9.4,-0.8,-3.12,Enrolled
330,Single,1st phase - general contingent,Veterinary Nursing,Daytime,Secondary Education,136.8,Yes,No,No,Yes,Female,No,18,No,5,5,14.0,5,5,11.6,1.0,1.0,12.8,9.4,-0.8,-3.12,Enrolled
331,Single,1st phase - general contingent,Basic Education,Daytime,Secondary Education,121.6,Yes,No,No,Yes,Female,No,18,No,7,5,12.0,7,6,12.666666666666666,0.714,0.857,12.33,11.1,0.6,2.02,Enrolled
332,Single,Technological specialization diploma holders,Informatics Engineering,Daytime,Technological Specialization Course,151.0,No,No,Yes,Yes,Female,No,26,No,5,0,0.0,5,0,0.0,0.0,0.0,0.0,16.2,0.3,-0.92,Dropout
333,Single,1st phase - general contingent,Social Service,Daytime,Secondary Education,103.5,Yes,No,No,Yes,Female,No,20,No,6,6,12.0,6,6,13.0,1.0,1.0,12.5,12.4,0.5,1.79,Graduate
334,Single,1st phase - general contingent,Social Service (evening attendance),Evening,Secondary Education,119.4,No,No,No,Yes,Female,No,19,No,6,6,12.666666666666666,6,6,11.666666666666666,1.0,1.0,12.17,12.7,3.7,-1.7,Graduate
335,Single,1st phase - general contingent,Social Service,Daytime,Secondary Education,134.4,Yes,No,No,Yes,Female,Yes,18,No,6,6,12.166666666666666,6,6,13.666666666666666,1.0,1.0,12.92,9.4,-0.8,-3.12,Graduate
336,Single,Technological specialization diploma holders,Social Service,Daytime,Technological Specialization Course,143.0,No,No,No,Yes,Female,No,19,No,6,6,13.333333333333334,6,6,14.666666666666666,1.0,1.0,14.0,13.9,-0.3,0.79,Graduate
337,Single,Holders of other higher courses,Basic Education,Daytime,Higher Education - Degree (1st cycle),110.0,No,No,Yes,Yes,Female,No,40,No,7,7,15.0,7,7,14.571428571428571,1.0,1.0,14.79,12.4,0.5,1.79,Graduate
338,Single,1st phase - general contingent,Nursing,Daytime,Secondary Education,132.5,Yes,No,No,Yes,Female,Yes,18,No,8,8,13.39125,8,8,13.39125,1.0,1.0,13.39,9.4,-0.8,-3.12,Graduate
339,Single,2nd phase - general contingent,Social Service,Daytime,Secondary Education,114.7,No,No,No,Yes,Female,No,19,No,6,5,12.166666666666666,6,6,12.428571428571429,0.833,1.0,12.3,13.9,-0.3,0.79,Graduate
340,Single,2nd phase - general contingent,Equinculture,Daytime,Secondary Education,166.9,No,No,No,Yes,Female,No,18,No,5,4,11.25,5,4,12.5,0.8,0.8,11.88,7.6,2.6,0.32,Graduate
341,Single,1st phase - general contingent,Veterinary Nursing,Daytime,Secondary Education,125.9,Yes,No,No,Yes,Female,No,19,No,5,4,12.0,5,3,12.0,0.8,0.6,12.0,9.4,-0.8,-3.12,Enrolled
342,Single,1st phase - general contingent,Animation and Multimedia Design,Daytime,Secondary Education,178.3,Yes,No,No,Yes,Female,No,18,No,0,0,0.0,0,0,0.0,0,0,0.0,15.5,2.8,-4.06,Dropout
343,Married,Over 23 years old,Social Service (evening attendance),Evening,Secondary Education,117.0,Yes,No,No,Yes,Female,No,33,No,6,6,12.833333333333334,6,6,12.857142857142858,1.0,1.0,12.85,12.4,0.5,1.79,Graduate
344,Single,Over 23 years old,Agronomy,Daytime,Higher Education - Degree,150.0,No,No,No,Yes,Female,No,35,No,6,6,14.0,6,6,13.1,1.0,1.0,13.55,16.2,0.3,-0.92,Graduate
345,Single,Transfer,Management,Daytime,Secondary Education,130.0,Yes,No,No,Yes,Female,No,26,No,5,4,13.0,5,2,12.0,0.8,0.4,12.5,9.4,-0.8,-3.12,Enrolled
346,Single,1st phase - general contingent,Journalism and Communication,Daytime,Secondary Education,135.1,Yes,No,No,Yes,Female,No,18,No,6,6,13.5,6,6,12.5,1.0,1.0,13.0,9.4,-0.8,-3.12,Graduate
347,Single,Change of course,Social Service,Daytime,Secondary Education,110.0,No,No,No,Yes,Female,No,36,No,16,13,10.692307692307692,13,9,12.307692307692308,0.812,0.692,11.5,15.5,2.8,-4.06,Enrolled
348,Divorced,Over 23 years old,Management (evening attendance),Evening,Secondary Education,136.2,No,No,No,Yes,Female,No,39,No,5,5,11.0,5,5,11.666666666666666,1.0,1.0,11.33,10.8,1.4,1.74,Graduate
349,Married,Over 23 years old,Social Service,Daytime,Secondary Education,116.0,No,No,No,Yes,Female,No,44,No,6,6,13.0,6,6,13.833333333333334,1.0,1.0,13.42,12.7,3.7,-1.7,Graduate
350,Single,1st phase - general contingent,Social Service (evening attendance),Evening,Secondary Education,100.0,No,No,No,Yes,Female,No,20,No,6,5,12.0,6,4,11.25,0.833,0.667,11.62,9.4,-0.8,-3.12,Enrolled
351,Single,1st phase - general contingent,Tourism,Daytime,Secondary Education,116.3,Yes,No,No,Yes,Female,No,24,No,6,4,12.6,6,4,11.5,0.667,0.667,12.05,12.7,3.7,-1.7,Dropout
352,Single,Change of course,Journalism and Communication,Daytime,Secondary Education,134.0,No,No,No,Yes,Female,Yes,20,No,6,6,13.666666666666666,6,6,13.333333333333334,1.0,1.0,13.5,12.4,0.5,1.79,Graduate
353,Single,1st phase - general contingent,Animation and Multimedia Design,Daytime,Secondary Education,124.2,Yes,No,No,No,Female,No,19,No,0,0,0.0,0,0,0.0,0,0,0.0,9.4,-0.8,-3.12,Dropout
354,Married,1st phase - general contingent,Nursing,Daytime,Secondary Education,134.5,No,No,Yes,Yes,Female,Yes,18,No,7,6,14.2,7,6,14.2,0.857,0.857,14.2,7.6,2.6,0.32,Graduate
355,Single,1st phase - general contingent,Tourism,Daytime,Secondary Education,120.7,No,No,Yes,No,Female,No,22,No,6,5,11.0,6,0,0.0,0.833,0.0,5.5,10.8,1.4,1.74,Dropout
356,Single,2nd phase - general contingent,Veterinary Nursing,Daytime,Secondary Education,127.1,Yes,No,No,Yes,Female,No,18,No,6,6,15.0,6,6,16.428571428571427,1.0,1.0,15.71,11.1,0.6,2.02,Graduate
357,Single,Over 23 years old,Nursing,Daytime,Basic Education 3rd Cycle,133.0,No,No,No,Yes,Female,No,24,No,7,6,12.585714285714284,8,7,13.44285714285714,0.857,0.875,13.01,13.9,-0.3,0.79,Graduate
358,Single,Over 23 years old,Management (evening attendance),Evening,Secondary Education,128.2,No,No,No,Yes,Female,No,33,No,5,0,0.0,5,0,0.0,0.0,0.0,0.0,12.7,3.7,-1.7,Dropout
359,Single,Over 23 years old,Agronomy,Daytime,Secondary Education,130.0,No,No,Yes,Yes,Female,Yes,30,No,6,0,0.0,6,0,0.0,0.0,0.0,0.0,11.1,0.6,2.02,Enrolled
360,Single,Over 23 years old,Veterinary Nursing,Daytime,Higher Education - Master (2nd cycle),172.0,No,No,No,Yes,Female,No,26,No,6,0,0.0,6,0,0.0,0.0,0.0,0.0,8.9,1.4,3.51,Dropout
361,Single,2nd phase - general contingent,Basic Education,Daytime,Secondary Education,128.5,Yes,No,No,Yes,Female,No,18,No,6,6,11.666666666666666,6,6,11.833333333333334,1.0,1.0,11.75,10.8,1.4,1.74,Graduate
362,Single,1st phase - general contingent,Journalism and Communication,Daytime,Secondary Education,128.5,No,No,Yes,Yes,Female,No,19,No,6,3,12.666666666666666,6,2,10.0,0.5,0.333,11.33,10.8,1.4,1.74,Dropout
363,Single,2nd phase - general contingent,Management,Daytime,Secondary Education,112.0,Yes,No,No,Yes,Female,No,20,No,5,3,10.333333333333334,5,4,11.0,0.6,0.8,10.67,16.2,0.3,-0.92,Enrolled
364,Single,Short cycle diploma holders,Veterinary Nursing,Daytime,Professional Higher Technical Course,142.5,Yes,No,No,Yes,Female,Yes,22,No,11,8,13.5,9,7,13.714285714285714,0.727,0.778,13.61,8.9,1.4,3.51,Graduate
365,Single,1st phase - general contingent,Nursing,Daytime,Secondary Education,133.0,Yes,No,No,Yes,Female,No,19,No,7,5,13.98,7,5,13.98,0.714,0.714,13.98,7.6,2.6,0.32,Enrolled
366,Single,1st phase - general contingent,Veterinary Nursing,Daytime,Secondary Education,106.0,Yes,No,No,Yes,Female,Yes,21,No,6,6,16.153846153846153,6,6,15.75,1.0,1.0,15.95,15.5,2.8,-4.06,Graduate
367,Single,1st phase - general contingent,Nursing,Daytime,Secondary Education,125.5,Yes,No,No,Yes,Female,Yes,21,No,7,6,14.033333333333331,7,6,14.033333333333331,0.857,0.857,14.03,7.6,2.6,0.32,Graduate
368,Single,2nd phase - general contingent,Veterinary Nursing,Daytime,Secondary Education,131.2,No,No,No,Yes,Female,No,19,No,5,1,11.0,5,5,11.2,0.2,1.0,11.1,7.6,2.6,0.32,Enrolled
369,Single,1st phase - general contingent,Basic Education,Daytime,Secondary Education,112.9,Yes,No,No,Yes,Female,Yes,19,No,7,7,13.857142857142858,7,6,13.666666666666666,1.0,0.857,13.76,8.9,1.4,3.51,Graduate
370,Single,1st phase - general contingent,Nursing,Daytime,Secondary Education,124.8,Yes,No,No,Yes,Female,No,18,No,8,7,13.414285714285716,8,7,13.414285714285716,0.875,0.875,13.41,12.7,3.7,-1.7,Dropout
371,Married,Change of course,Social Service (evening attendance),Evening,Secondary Education,140.9,No,No,No,Yes,Female,No,50,No,11,11,13.545454545454543,7,7,13.571428571428571,1.0,1.0,13.56,16.2,0.3,-0.92,Graduate
372,Divorced,Over 23 years old,Management (evening attendance),Evening,Secondary Education,148.0,No,No,No,Yes,Female,Yes,31,No,5,4,11.25,5,4,10.833333333333334,0.8,0.8,11.04,13.9,-0.3,0.79,Enrolled
373,Single,2nd phase - general contingent,Journalism and Communication,Daytime,Secondary Education,148.4,No,No,No,Yes,Female,Yes,19,No,6,6,13.833333333333334,6,6,14.428571428571429,1.0,1.0,14.13,15.5,2.8,-4.06,Graduate
374,Divorced,Over 23 years old,Management (evening attendance),Evening,Secondary Education,129.7,No,No,No,Yes,Female,No,35,No,5,5,12.0,5,5,12.857142857142858,1.0,1.0,12.43,13.9,-0.3,0.79,Graduate
375,Married,Over 23 years old,Veterinary Nursing,Daytime,Basic Education 3rd Cycle,128.2,No,No,No,Yes,Female,No,31,No,6,0,0.0,6,0,0.0,0.0,0.0,0.0,12.7,3.7,-1.7,Dropout
376,Married,Change of institution/course,Social Service (evening attendance),Evening,Basic Education 3rd Cycle,104.0,No,No,Yes,Yes,Female,No,42,No,11,10,11.9,11,10,12.8,0.909,0.909,12.35,11.1,0.6,2.02,Enrolled
377,Single,3rd phase - general contingent,Management,Daytime,Secondary Education,119.9,Yes,No,No,No,Female,No,34,No,5,0,0.0,5,0,0.0,0.0,0.0,0.0,9.4,-0.8,-3.12,Dropout
378,Single,1st phase - general contingent,Nursing,Daytime,Secondary Education,141.0,Yes,No,No,Yes,Female,Yes,18,No,7,7,15.135714285714286,8,8,15.287499999999998,1.0,1.0,15.21,12.4,0.5,1.79,Graduate
379,Single,2nd phase - general contingent,Basic Education,Daytime,Secondary Education,116.6,Yes,No,No,No,Female,Yes,18,No,7,7,12.285714285714286,7,6,13.333333333333334,1.0,0.857,12.81,8.9,1.4,3.51,Enrolled
380,Single,Technological specialization diploma holders,Veterinary Nursing,Daytime,Technological Specialization Course,140.0,Yes,No,No,Yes,Female,No,21,No,6,5,12.666666666666666,6,2,13.5,0.833,0.333,13.08,16.2,0.3,-0.92,Enrolled
381,Divorced,Over 23 years old,Nursing,Daytime,Basic Education 3rd Cycle,140.0,No,No,No,Yes,Female,Yes,26,No,7,5,12.74,8,6,10.978571428571428,0.714,0.75,11.86,16.2,0.3,-0.92,Dropout
382,Single,Change of course,Nursing,Daytime,Secondary Education,100.0,No,No,No,Yes,Female,No,20,No,7,6,13.25,8,8,13.75,0.857,1.0,13.5,13.9,-0.3,0.79,Enrolled
383,Single,1st phase - general contingent,Social Service,Daytime,Secondary Education,121.0,No,No,No,Yes,Female,No,19,No,6,3,10.333333333333334,6,3,10.333333333333334,0.5,0.5,10.33,7.6,2.6,0.32,Enrolled
384,Single,1st phase - general contingent,Basic Education,Daytime,Secondary Education,117.0,No,No,No,Yes,Female,Yes,19,No,6,6,13.428571428571429,6,6,13.166666666666666,1.0,1.0,13.3,15.5,2.8,-4.06,Graduate
385,Single,Short cycle diploma holders,Management,Daytime,Professional Higher Technical Course,140.2,No,No,No,Yes,Female,No,20,No,11,9,12.555555555555555,9,8,11.11111111111111,0.818,0.889,11.83,8.9,1.4,3.51,Graduate
386,Single,1st phase - general contingent,Social Service,Daytime,Secondary Education,129.3,No,No,No,Yes,Female,No,19,No,6,6,11.5,6,6,11.166666666666666,1.0,1.0,11.33,7.6,2.6,0.32,Graduate
387,Single,1st phase - general contingent,Basic Education,Daytime,Secondary Education,145.3,No,No,No,Yes,Female,No,18,No,6,6,13.666666666666666,6,6,12.333333333333334,1.0,1.0,13.0,7.6,2.6,0.32,Graduate
388,Single,Over 23 years old,Management (evening attendance),Evening,Higher Education - Degree,146.2,No,No,No,Yes,Female,No,28,No,14,11,11.272727272727272,11,10,12.0,0.786,0.909,11.64,10.8,1.4,1.74,Graduate
389,Single,2nd phase - general contingent,Basic Education,Daytime,Secondary Education,122.5,Yes,No,No,Yes,Female,No,22,No,6,5,13.166666666666666,6,5,12.4,0.833,0.833,12.78,15.5,2.8,-4.06,Enrolled
390,Single,Technological specialization diploma holders,Social Service (evening attendance),Evening,Technological Specialization Course,156.1,No,No,No,Yes,Female,Yes,21,No,6,6,14.666666666666666,6,6,14.166666666666666,1.0,1.0,14.42,13.9,-0.3,0.79,Graduate
391,Single,Technological specialization diploma holders,Veterinary Nursing,Daytime,Technological Specialization Course,140.0,Yes,No,No,Yes,Female,No,21,No,6,4,12.75,6,1,11.0,0.667,0.167,11.88,12.4,0.5,1.79,Enrolled
392,Single,Over 23 years old,Nursing,Daytime,Secondary Education,140.0,No,Yes,No,Yes,Female,No,26,No,7,5,11.2,8,5,12.14,0.714,0.625,11.67,16.2,0.3,-0.92,Enrolled
393,Single,1st phase - general contingent,Journalism and Communication,Daytime,Secondary Education,128.4,Yes,No,Yes,No,Female,No,18,No,6,5,13.0,6,5,11.4,0.833,0.833,12.2,7.6,2.6,0.32,Dropout
394,Single,2nd phase - general contingent,Veterinary Nursing,Daytime,Secondary Education,115.0,No,No,No,No,Female,No,20,No,5,2,10.5,5,2,12.333333333333334,0.4,0.4,11.42,7.6,2.6,0.32,Dropout
395,Single,2nd phase - general contingent,Veterinary Nursing,Daytime,Secondary Education,158.7,No,No,No,Yes,Female,No,18,No,6,6,14.857142857142858,6,6,14.0,1.0,1.0,14.43,11.1,0.6,2.02,Graduate
396,Single,1st phase - general contingent,Nursing,Daytime,Secondary Education,124.5,Yes,No,No,Yes,Female,Yes,19,No,8,7,12.86,8,7,12.86,0.875,0.875,12.86,10.8,1.4,1.74,Graduate
397,Single,Change of institution/course,Social Service,Daytime,Secondary Education,111.9,Yes,No,No,Yes,Female,No,20,No,11,11,11.727272727272728,11,11,12.0,1.0,1.0,11.86,12.4,0.5,1.79,Graduate
398,Single,Technological specialization diploma holders,Veterinary Nursing,Daytime,Technological Specialization Course,150.0,Yes,No,No,Yes,Female,Yes,22,No,6,6,13.142857142857142,6,3,12.0,1.0,0.5,12.57,13.9,-0.3,0.79,Graduate
399,Single,2nd phase - general contingent,Advertising and Marketing Management,Daytime,Secondary Education,114.2,Yes,No,Yes,Yes,Female,No,18,No,6,5,11.8,6,4,13.714285714285714,0.833,0.667,12.76,10.8,1.4,1.74,Dropout
400,Single,2nd phase - general contingent,Management,Daytime,Secondary Education,96.0,Yes,No,No,Yes,Female,No,19,No,5,3,10.666666666666666,5,0,0.0,0.6,0.0,5.33,16.2,0.3,-0.92,Dropout
401,Single,2nd phase - general contingent,Communication Design,Daytime,Secondary Education,128.9,No,No,No,Yes,Female,Yes,18,No,6,5,11.6,6,4,11.2,0.833,0.667,11.4,8.9,1.4,3.51,Enrolled
402,Single,2nd phase - general contingent,Tourism,Daytime,Secondary Education,121.7,Yes,No,No,Yes,Female,No,20,No,6,3,10.333333333333334,6,3,10.333333333333334,0.5,0.5,10.33,10.8,1.4,1.74,Enrolled
403,Single,1st phase - general contingent,Journalism and Communication,Daytime,Secondary Education,114.8,Yes,Yes,No,Yes,Female,No,19,No,6,4,12.25,6,3,11.0,0.667,0.5,11.62,7.6,2.6,0.32,Enrolled
404,Single,1st phase - general contingent,Tourism,Daytime,Secondary Education,127.0,No,No,No,Yes,Female,No,19,No,6,6,12.0,6,4,12.75,1.0,0.667,12.38,12.4,0.5,1.79,Enrolled
405,Single,2nd phase - general contingent,Nursing,Daytime,Secondary Education,131.3,Yes,No,No,Yes,Female,No,19,No,8,7,14.731428571428571,8,7,14.731428571428571,0.875,0.875,14.73,10.8,1.4,1.74,Graduate
406,Single,1st phase - general contingent,Animation and Multimedia Design,Daytime,Secondary Education,137.1,Yes,No,No,Yes,Female,No,18,No,0,0,0.0,0,0,0.0,0,0,0.0,12.7,3.7,-1.7,Graduate
407,Single,Holders of other higher courses,Communication Design,Daytime,Higher Education - Degree (1st cycle),120.0,Yes,No,No,Yes,Female,No,21,No,13,13,13.615384615384617,12,12,14.25,1.0,1.0,13.93,13.9,-0.3,0.79,Graduate
408,Single,Over 23 years old,Management (evening attendance),Evening,Higher Education - Degree (1st cycle),139.0,No,No,No,Yes,Female,No,27,No,5,5,15.8,5,5,14.8,1.0,1.0,15.3,8.9,1.4,3.51,Graduate
409,Single,2nd phase - general contingent,Social Service,Daytime,Secondary Education,129.1,No,No,No,Yes,Female,No,19,No,6,6,14.666666666666666,6,6,14.571428571428571,1.0,1.0,14.62,15.5,2.8,-4.06,Graduate
410,Divorced,Over 23 years old,Veterinary Nursing,Daytime,Secondary Education,128.2,No,No,No,Yes,Female,No,25,No,5,0,0.0,5,0,0.0,0.0,0.0,0.0,7.6,2.6,0.32,Dropout
411,Single,1st phase - general contingent,Nursing,Daytime,Secondary Education,120.8,Yes,No,No,Yes,Female,Yes,18,No,8,7,14.654285714285717,8,7,14.654285714285717,0.875,0.875,14.65,10.8,1.4,1.74,Graduate
412,Single,Over 23 years old,Nursing,Daytime,Higher Education - Degree,135.8,No,No,No,Yes,Female,No,24,No,8,7,12.401428571428571,8,7,12.401428571428571,0.875,0.875,12.4,10.8,1.4,1.74,Graduate
413,Single,1st phase - general contingent,Nursing,Daytime,Secondary Education,118.9,Yes,No,No,Yes,Female,No,20,No,7,7,11.5875,8,7,14.071428571428571,1.0,0.875,12.83,13.9,-0.3,0.79,Graduate
414,Single,Holders of other higher courses,Management (evening attendance),Evening,Higher Education - Degree (1st cycle),140.0,No,No,No,Yes,Female,No,26,No,5,5,14.0,5,5,15.6,1.0,1.0,14.8,12.4,0.5,1.79,Graduate
415,Single,1st phase - general contingent,Social Service,Daytime,Secondary Education,127.1,Yes,No,No,Yes,Female,Yes,20,No,6,6,12.333333333333334,6,6,11.833333333333334,1.0,1.0,12.08,8.9,1.4,3.51,Graduate
416,Single,1st phase - general contingent,Veterinary Nursing,Daytime,Secondary Education,137.0,No,No,No,Yes,Female,No,18,No,5,5,14.0,5,5,15.4,1.0,1.0,14.7,7.6,2.6,0.32,Graduate
417,Single,1st phase - general contingent,Veterinary Nursing,Daytime,Secondary Education,127.4,Yes,No,No,Yes,Female,No,19,No,6,6,15.23076923076923,6,6,12.375,1.0,1.0,13.8,15.5,2.8,-4.06,Graduate
418,Single,1st phase - general contingent,Basic Education,Daytime,Secondary Education,97.0,Yes,No,No,Yes,Female,No,23,No,6,5,11.6,6,3,11.0,0.833,0.5,11.3,12.7,3.7,-1.7,Dropout
419,Single,1st phase - general contingent,Nursing,Daytime,Secondary Education,126.3,Yes,No,No,Yes,Female,Yes,18,No,7,6,11.6,7,6,11.6,0.857,0.857,11.6,7.6,2.6,0.32,Graduate
420,Single,1st phase - general contingent,Nursing,Daytime,Secondary Education,127.5,No,No,No,Yes,Female,No,18,No,7,0,0.0,8,0,0.0,0.0,0.0,0.0,12.7,3.7,-1.7,Dropout
421,Single,1st phase - general contingent,Nursing,Daytime,Secondary Education,126.6,No,No,No,Yes,Female,Yes,19,No,7,7,12.901428571428571,8,8,13.094444444444443,1.0,1.0,13.0,11.1,0.6,2.02,Graduate
422,Single,Transfer,Management (evening attendance),Evening,Secondary Education,120.0,No,No,No,Yes,Female,No,30,No,7,7,14.142857142857142,5,5,14.8,1.0,1.0,14.47,7.6,2.6,0.32,Graduate
423,Single,Technological specialization diploma holders,Veterinary Nursing,Daytime,Technological Specialization Course,140.0,Yes,No,No,Yes,Female,No,29,No,6,0,0.0,6,0,0.0,0.0,0.0,0.0,15.5,2.8,-4.06,Dropout
424,Single,1st phase - general contingent,Nursing,Daytime,Secondary Education,131.5,Yes,No,No,Yes,Female,No,19,No,8,8,13.25375,8,8,13.25375,1.0,1.0,13.25,9.4,-0.8,-3.12,Graduate
425,Single,2nd phase - general contingent,Oral Hygiene,Daytime,Secondary Education,112.2,Yes,No,No,Yes,Female,No,20,No,7,7,13.785714285714286,8,8,14.1,1.0,1.0,13.94,12.4,0.5,1.79,Graduate
426,Single,1st phase - general contingent,Nursing,Daytime,Secondary Education,150.5,No,No,No,Yes,Female,No,20,No,7,6,13.916666666666666,7,6,13.916666666666666,0.857,0.857,13.92,7.6,2.6,0.32,Graduate
427,Single,1st phase - general contingent,Advertising and Marketing Management,Daytime,Secondary Education,121.0,Yes,No,No,Yes,Female,No,19,No,6,6,13.5,6,6,13.571428571428571,1.0,1.0,13.54,11.1,0.6,2.02,Graduate
428,Single,2nd phase - general contingent,Management,Daytime,Secondary Education,112.2,Yes,No,No,Yes,Female,No,20,No,5,3,11.333333333333334,5,2,10.666666666666666,0.6,0.4,11.0,10.8,1.4,1.74,Enrolled
429,Widower,1st phase - general contingent,Veterinary Nursing,Daytime,Secondary Education,129.4,Yes,No,No,Yes,Female,No,21,No,5,0,0.0,5,0,0.0,0.0,0.0,0.0,10.8,1.4,1.74,Dropout
430,Single,2nd phase - general contingent,Advertising and Marketing Management,Daytime,Secondary Education,114.4,No,No,No,Yes,Female,No,19,No,6,5,11.5,6,4,14.6,0.833,0.667,13.05,11.1,0.6,2.02,Graduate
431,Single,1st phase - general contingent,Nursing,Daytime,Secondary Education,120.3,Yes,No,No,Yes,Female,Yes,18,No,8,7,12.082857142857142,8,7,12.082857142857142,0.875,0.875,12.08,10.8,1.4,1.74,Graduate
432,Single,Over 23 years old,Social Service (evening attendance),Evening,Secondary Education,120.0,No,No,No,Yes,Female,Yes,27,No,6,6,11.833333333333334,6,5,12.8,1.0,0.833,12.32,15.5,2.8,-4.06,Graduate
433,Single,2nd phase - general contingent,Management,Daytime,Secondary Education,114.5,Yes,No,No,Yes,Female,Yes,19,No,5,5,13.4,5,5,12.4,1.0,1.0,12.9,12.4,0.5,1.79,Graduate
434,Single,1st phase - general contingent,Nursing,Daytime,Secondary Education,127.8,No,No,No,Yes,Female,Yes,19,No,7,0,0.0,7,0,0.0,0.0,0.0,0.0,7.6,2.6,0.32,Dropout
435,Single,1st phase - general contingent,Journalism and Communication,Daytime,Secondary Education,124.6,Yes,No,No,Yes,Female,No,19,No,6,5,14.2,6,6,14.571428571428571,0.833,1.0,14.39,15.5,2.8,-4.06,Graduate
436,Single,1st phase - general contingent,Nursing,Daytime,Secondary Education,130.3,Yes,No,No,Yes,Female,Yes,18,No,8,7,13.814285714285717,8,7,13.814285714285717,0.875,0.875,13.81,12.7,3.7,-1.7,Graduate
437,Single,2nd phase - general contingent,Tourism,Daytime,Secondary Education,118.2,No,No,No,Yes,Female,Yes,20,No,6,4,11.25,6,6,10.5,0.667,1.0,10.88,12.4,0.5,1.79,Enrolled
438,Single,1st phase - general contingent,Advertising and Marketing Management,Daytime,Secondary Education,118.8,No,No,No,Yes,Female,Yes,18,No,6,6,14.5,6,6,13.666666666666666,1.0,1.0,14.08,12.7,3.7,-1.7,Graduate
439,Single,1st phase - general contingent,Advertising and Marketing Management,Daytime,Secondary Education,133.0,Yes,No,No,Yes,Female,No,19,No,6,0,0.0,6,0,0.0,0.0,0.0,0.0,7.6,2.6,0.32,Dropout
440,Married,Over 23 years old,Nursing,Daytime,Basic Education 3rd Cycle,129.0,Yes,No,No,Yes,Female,No,36,No,7,6,11.3,7,6,11.3,0.857,0.857,11.3,7.6,2.6,0.32,Graduate
441,Single,Change of course,Oral Hygiene,Daytime,Secondary Education,100.0,No,No,No,Yes,Female,No,18,No,2,0,0.0,4,1,16.0,0.0,0.25,8.0,10.8,1.4,1.74,Enrolled
442,Single,Change of course,Equinculture,Daytime,Secondary Education,120.7,Yes,No,Yes,Yes,Female,No,18,No,5,1,12.0,5,3,12.0,0.2,0.6,12.0,12.7,3.7,-1.7,Enrolled
443,Single,2nd phase - general contingent,Nursing,Daytime,Secondary Education,132.5,Yes,No,No,Yes,Female,No,19,No,8,7,12.3,8,7,12.3,0.875,0.875,12.3,12.7,3.7,-1.7,Graduate
444,Single,1st phase - general contingent,Nursing,Daytime,Secondary Education,120.3,Yes,No,No,Yes,Female,Yes,18,No,8,7,12.694285714285714,8,7,12.694285714285714,0.875,0.875,12.69,10.8,1.4,1.74,Graduate
445,Single,2nd phase - general contingent,Advertising and Marketing Management,Daytime,Secondary Education,114.6,No,No,No,Yes,Female,No,18,No,5,4,11.0,5,4,11.0,0.8,0.8,11.0,9.4,-0.8,-3.12,Graduate
446,Single,1st phase - general contingent,Social Service,Daytime,Secondary Education,116.5,Yes,No,No,Yes,Female,Yes,19,No,6,6,13.0,6,6,14.166666666666666,1.0,1.0,13.58,12.4,0.5,1.79,Graduate
447,Single,1st phase - general contingent,Nursing,Daytime,Secondary Education,127.8,No,No,No,Yes,Female,Yes,19,No,7,7,14.4125,8,8,16.05,1.0,1.0,15.23,13.9,-0.3,0.79,Graduate
448,Single,1st phase - general contingent,Nursing,Daytime,Secondary Education,129.9,Yes,No,No,Yes,Female,No,18,No,7,7,12.92875,8,8,14.0625,1.0,1.0,13.5,15.5,2.8,-4.06,Dropout
449,Single,1st phase - general contingent,Journalism and Communication,Daytime,Secondary Education,118.9,Yes,No,No,Yes,Female,No,20,No,6,6,13.333333333333334,6,5,12.8,1.0,0.833,13.07,11.1,0.6,2.02,Graduate
450,Single,1st phase - general contingent,Tourism,Daytime,Secondary Education,114.3,Yes,No,No,Yes,Female,Yes,20,No,6,5,12.8,6,5,12.8,0.833,0.833,12.8,12.4,0.5,1.79,Enrolled
451,Single,3rd phase - general contingent,Nursing,Daytime,Secondary Education,114.8,Yes,No,No,Yes,Female,No,20,No,8,7,14.402857142857142,8,7,14.402857142857142,0.875,0.875,14.4,10.8,1.4,1.74,Graduate
452,Single,1st phase - general contingent,Nursing,Daytime,Secondary Education,123.0,Yes,No,No,Yes,Female,Yes,18,No,8,7,13.381428571428572,8,7,13.381428571428572,0.875,0.875,13.38,10.8,1.4,1.74,Graduate
453,Single,1st phase - general contingent,Nursing,Daytime,Secondary Education,122.1,Yes,No,No,Yes,Female,No,18,No,7,7,14.13125,8,8,13.98375,1.0,1.0,14.06,15.5,2.8,-4.06,Graduate
454,Single,2nd phase - general contingent,Veterinary Nursing,Daytime,Secondary Education,123.7,No,No,No,Yes,Female,No,19,No,5,5,11.714285714285714,5,5,12.6,1.0,1.0,12.16,9.4,-0.8,-3.12,Graduate
455,Single,1st phase - general contingent,Management,Daytime,Secondary Education,132.4,Yes,No,No,Yes,Female,No,19,No,5,5,11.8,5,4,11.25,1.0,0.8,11.52,9.4,-0.8,-3.12,Enrolled
456,Married,Over 23 years old,Social Service (evening attendance),Evening,Secondary Education,114.8,No,No,No,Yes,Female,No,44,No,6,6,11.166666666666666,6,2,11.0,1.0,0.333,11.08,7.6,2.6,0.32,Graduate
457,Single,Holders of other higher courses,Agronomy,Daytime,Higher Education - Degree,130.0,No,No,No,Yes,Female,No,32,No,6,0,0.0,6,0,0.0,0.0,0.0,0.0,12.4,0.5,1.79,Dropout
458,Single,Change of course,Basic Education,Daytime,Secondary Education,122.3,No,No,No,Yes,Female,No,22,No,6,5,13.6,6,5,12.0,0.833,0.833,12.8,12.7,3.7,-1.7,Dropout
459,Married,Over 23 years old,Agronomy,Daytime,Secondary Education,152.4,Yes,No,No,Yes,Female,No,36,No,12,12,13.846153846153848,12,11,14.090909090909092,1.0,0.917,13.97,8.9,1.4,3.51,Graduate
460,Single,2nd phase - general contingent,Journalism and Communication,Daytime,Secondary Education,120.1,No,No,No,Yes,Female,Yes,18,No,6,6,12.5,6,6,13.333333333333334,1.0,1.0,12.92,16.2,0.3,-0.92,Graduate
461,Single,1st phase - general contingent,Equinculture,Daytime,Secondary Education,155.1,Yes,No,No,Yes,Female,No,20,No,5,5,16.4,5,5,14.6,1.0,1.0,15.5,12.7,3.7,-1.7,Graduate
462,Single,Change of institution/course,Communication Design,Daytime,Secondary Education,124.5,No,No,No,Yes,Female,Yes,20,No,11,11,13.818181818181818,11,11,13.454545454545457,1.0,1.0,13.64,11.1,0.6,2.02,Graduate
463,Single,2nd phase - general contingent,Social Service,Daytime,Secondary Education,126.9,No,No,No,Yes,Female,No,19,No,6,5,10.6,6,4,10.5,0.833,0.667,10.55,15.5,2.8,-4.06,Graduate
464,Single,Over 23 years old,Management,Daytime,Basic Education 3rd Cycle,153.2,Yes,No,Yes,Yes,Female,No,24,No,5,5,10.2,5,5,12.2,1.0,1.0,11.2,12.4,0.5,1.79,Graduate
465,Single,2nd phase - general contingent,Social Service,Daytime,Secondary Education,129.8,No,No,No,Yes,Female,No,20,No,6,5,10.6,6,4,10.4,0.833,0.667,10.5,15.5,2.8,-4.06,Enrolled
466,Single,Change of course,Social Service (evening attendance),Evening,Secondary Education,135.0,No,No,No,Yes,Female,No,27,No,10,9,11.444444444444445,11,5,10.8,0.9,0.455,11.12,10.8,1.4,1.74,Dropout
467,Single,1st phase - general contingent,Basic Education,Daytime,Secondary Education,131.3,Yes,No,No,Yes,Female,No,20,No,6,5,14.333333333333334,8,8,12.625,0.833,1.0,13.48,15.5,2.8,-4.06,Enrolled
468,Single,Change of course,Social Service,Daytime,Secondary Education,125.2,No,No,No,Yes,Female,Yes,23,No,16,16,13.0,13,13,13.266666666666667,1.0,1.0,13.13,9.4,-0.8,-3.12,Graduate
469,Single,1st phase - general contingent,Nursing,Daytime,Secondary Education,141.3,Yes,No,No,Yes,Female,Yes,18,No,8,8,13.31,8,8,13.31,1.0,1.0,13.31,9.4,-0.8,-3.12,Graduate
470,Single,2nd phase - general contingent,Social Service,Daytime,Secondary Education,117.1,Yes,No,No,Yes,Female,Yes,18,No,6,5,10.571428571428571,6,5,12.2,0.833,0.833,11.39,12.7,3.7,-1.7,Graduate
471,Single,2nd phase - general contingent,Nursing,Daytime,Secondary Education,126.5,Yes,No,No,Yes,Female,Yes,20,No,8,7,13.487142857142857,8,7,13.487142857142857,0.875,0.875,13.49,10.8,1.4,1.74,Graduate
472,Single,1st phase - general contingent,Tourism,Daytime,Secondary Education,120.1,No,No,No,Yes,Female,Yes,20,No,6,6,12.333333333333334,6,6,11.833333333333334,1.0,1.0,12.08,13.9,-0.3,0.79,Graduate
473,Single,1st phase - general contingent,Advertising and Marketing Management,Daytime,Secondary Education,128.4,No,No,No,Yes,Female,No,23,No,6,6,11.875,6,5,12.833333333333334,1.0,0.833,12.35,11.1,0.6,2.02,Dropout
474,Single,1st phase - general contingent,Nursing,Daytime,Secondary Education,140.0,Yes,No,No,Yes,Female,No,20,No,7,6,13.966666666666669,7,6,13.966666666666669,0.857,0.857,13.97,7.6,2.6,0.32,Graduate
475,Single,Over 23 years old,Tourism,Daytime,12th Year - Not Completed,110.0,Yes,No,No,No,Female,No,28,No,5,0,0.0,5,0,0.0,0.0,0.0,0.0,7.6,2.6,0.32,Dropout
476,Single,1st phase - general contingent,Advertising and Marketing Management,Daytime,Secondary Education,116.8,Yes,No,No,Yes,Female,No,21,No,5,4,11.5,5,5,12.8,0.8,1.0,12.15,7.6,2.6,0.32,Graduate
477,Single,1st phase - general contingent,Oral Hygiene,Daytime,Secondary Education,104.5,Yes,No,No,Yes,Female,No,21,No,2,2,12.5,7,0,0.0,1.0,0.0,6.25,12.4,0.5,1.79,Dropout
478,Single,Holders of other higher courses,Nursing,Daytime,Higher Education - Degree,140.0,No,No,No,Yes,Female,No,28,No,7,0,0.0,8,0,0.0,0.0,0.0,0.0,7.6,2.6,0.32,Dropout
479,Single,1st phase - general contingent,Nursing,Daytime,Secondary Education,113.2,No,Yes,No,Yes,Female,No,18,No,7,6,11.98,8,7,13.225,0.857,0.875,12.6,16.2,0.3,-0.92,Graduate
480,Single,2nd phase - general contingent,Social Service,Daytime,Secondary Education,118.6,Yes,No,No,Yes,Female,Yes,21,No,6,5,13.2,6,5,11.8,0.833,0.833,12.5,8.9,1.4,3.51,Enrolled
481,Single,1st phase - general contingent,Nursing,Daytime,Secondary Education,123.8,No,No,No,Yes,Female,No,19,No,7,6,11.614285714285714,8,8,14.0375,0.857,1.0,12.83,13.9,-0.3,0.79,Graduate
482,Single,3rd phase - general contingent,Nursing,Daytime,Secondary Education,126.7,Yes,No,No,Yes,Female,Yes,18,No,8,7,14.314285714285717,8,7,14.314285714285717,0.875,0.875,14.31,12.7,3.7,-1.7,Graduate
483,Single,1st phase - general contingent,Nursing,Daytime,Secondary Education,133.8,No,No,No,Yes,Female,No,19,No,7,0,0.0,8,0,0.0,0.0,0.0,0.0,7.6,2.6,0.32,Dropout
484,Single,Technological specialization diploma holders,Veterinary Nursing,Daytime,Technological Specialization Course,140.0,No,No,No,Yes,Female,No,20,No,6,6,12.666666666666666,6,2,13.0,1.0,0.333,12.83,13.9,-0.3,0.79,Enrolled
485,Single,1st phase - general contingent,Nursing,Daytime,Secondary Education,100.6,Yes,No,No,Yes,Female,Yes,20,No,7,6,12.766666666666666,8,7,12.128571428571428,0.857,0.875,12.45,12.4,0.5,1.79,Graduate
486,Single,2nd phase - general contingent,Basic Education,Daytime,Secondary Education,132.7,No,No,No,Yes,Female,Yes,18,No,6,6,12.666666666666666,6,5,12.2,1.0,0.833,12.43,10.8,1.4,1.74,Graduate
487,Single,Change of course,Advertising and Marketing Management,Daytime,Secondary Education,106.6,Yes,No,No,Yes,Female,No,20,No,6,6,11.5,6,4,10.571428571428571,1.0,0.667,11.04,10.8,1.4,1.74,Dropout
488,Single,Over 23 years old,Advertising and Marketing Management,Daytime,Secondary Education,140.4,No,No,No,Yes,Female,No,31,No,6,5,11.4,6,4,11.75,0.833,0.667,11.58,13.9,-0.3,0.79,Dropout
489,Single,2nd phase - general contingent,Nursing,Daytime,Secondary Education,128.3,Yes,No,No,Yes,Female,Yes,19,No,7,7,14.70625,8,8,14.4775,1.0,1.0,14.59,15.5,2.8,-4.06,Graduate
490,Single,1st phase - general contingent,Nursing,Daytime,Secondary Education,118.6,Yes,No,No,Yes,Female,Yes,19,No,7,6,11.814285714285717,8,7,13.542857142857144,0.857,0.875,12.68,13.9,-0.3,0.79,Graduate
491,Single,1st phase - general contingent,Communication Design,Daytime,Secondary Education,123.4,No,No,No,Yes,Female,No,23,No,6,6,13.0,6,6,11.875,1.0,1.0,12.44,13.9,-0.3,0.79,Graduate
492,Single,1st phase - general contingent,Advertising and Marketing Management,Daytime,Secondary Education,124.0,No,No,No,Yes,Female,No,19,No,6,6,14.857142857142858,6,6,13.333333333333334,1.0,1.0,14.1,12.4,0.5,1.79,Graduate
493,Single,1st phase - general contingent,Nursing,Daytime,Secondary Education,121.3,Yes,No,No,Yes,Female,No,20,No,7,6,12.6,7,6,12.6,0.857,0.857,12.6,7.6,2.6,0.32,Graduate
494,Single,1st phase - general contingent,Veterinary Nursing,Daytime,Secondary Education,101.0,Yes,No,Yes,Yes,Female,No,22,No,6,5,13.333333333333334,6,4,11.4,0.833,0.667,12.37,12.4,0.5,1.79,Enrolled
495,Single,1st phase - general contingent,Basic Education,Daytime,Secondary Education,116.9,Yes,Yes,No,Yes,Female,No,18,No,7,6,10.666666666666666,7,6,12.833333333333334,0.857,0.857,11.75,13.9,-0.3,0.79,Enrolled
496,Single,Holders of other higher courses,Equinculture,Daytime,Higher Education - Degree,130.0,No,No,Yes,No,Female,No,27,No,5,2,11.5,5,1,11.0,0.4,0.2,11.25,12.7,3.7,-1.7,Dropout
497,Single,Over 23 years old,Oral Hygiene,Daytime,Basic Education 3rd Cycle,120.0,No,No,No,Yes,Female,No,29,No,7,1,10.0,7,0,0.0,0.143,0.0,5.0,12.7,3.7,-1.7,Dropout
498,Single,2nd phase - general contingent,Tourism,Daytime,Secondary Education,130.4,Yes,No,No,Yes,Female,No,18,No,6,5,11.8,6,5,12.2,0.833,0.833,12.0,11.1,0.6,2.02,Graduate
499,Single,2nd phase - general contingent,Communication Design,Daytime,Secondary Education,118.7,No,No,No,Yes,Female,No,18,No,6,5,11.8,6,6,12.666666666666666,0.833,1.0,12.23,16.2,0.3,-0.92,Graduate
500,Single,2nd phase - general contingent,Nursing,Daytime,Secondary Education,131.5,No,No,No,Yes,Female,No,18,No,8,8,12.77125,8,8,12.77125,1.0,1.0,12.77,9.4,-0.8,-3.12,Graduate
501,Single,2nd phase - general contingent,Veterinary Nursing,Daytime,Secondary Education,120.4,Yes,No,No,Yes,Female,No,20,No,5,3,11.333333333333334,5,5,12.6,0.6,1.0,11.97,9.4,-0.8,-3.12,Enrolled
502,Single,2nd phase - general contingent,Tourism,Daytime,Secondary Education,129.1,Yes,No,No,Yes,Female,No,18,No,6,6,12.666666666666666,6,5,14.6,1.0,0.833,13.63,11.1,0.6,2.02,Graduate
503,Single,1st phase - general contingent,Communication Design,Daytime,Secondary Education,132.0,No,No,No,No,Female,No,18,No,6,5,12.2,6,4,10.833333333333334,0.833,0.667,11.52,13.9,-0.3,0.79,Enrolled
504,Single,Holders of other higher courses,Veterinary Nursing,Daytime,Higher Education - Degree,130.0,No,No,No,No,Female,No,28,No,5,1,12.0,4,0,0.0,0.2,0.0,6.0,10.8,1.4,1.74,Dropout
505,Single,1st phase - general contingent,Nursing,Daytime,Secondary Education,132.8,Yes,No,No,Yes,Female,Yes,18,No,8,7,11.721428571428572,8,7,11.721428571428572,0.875,0.875,11.72,12.7,3.7,-1.7,Graduate
506,Single,Over 23 years old,Nursing,Daytime,Basic Education 3rd Cycle,143.7,No,No,No,Yes,Female,No,27,No,7,4,14.0,7,3,12.525,0.571,0.429,13.26,12.4,0.5,1.79,Enrolled
507,Single,Over 23 years old,Biofuel Production Technologies,Daytime,Secondary Education,152.8,No,No,No,Yes,Female,No,26,No,7,7,14.75,7,5,13.8,1.0,0.714,14.28,16.2,0.3,-0.92,Enrolled
508,Single,1st phase - general contingent,Journalism and Communication,Daytime,Secondary Education,133.5,Yes,No,No,Yes,Female,No,18,No,6,6,12.666666666666666,6,6,13.666666666666666,1.0,1.0,13.17,12.7,3.7,-1.7,Graduate
509,Single,1st phase - general contingent,Equinculture,Daytime,Secondary Education,146.2,No,No,No,Yes,Female,No,18,No,5,4,13.0,5,5,14.0,0.8,1.0,13.5,9.4,-0.8,-3.12,Dropout
510,Single,1st phase - general contingent,Management,Daytime,Secondary Education,115.2,No,Yes,No,Yes,Female,No,21,No,5,0,0.0,5,0,0.0,0.0,0.0,0.0,15.5,2.8,-4.06,Dropout
511,Single,1st phase - general contingent,Communication Design,Daytime,Secondary Education,120.7,Yes,No,No,Yes,Female,No,18,No,6,4,10.75,6,0,0.0,0.667,0.0,5.38,9.4,-0.8,-3.12,Enrolled
512,Married,Over 23 years old,Social Service (evening attendance),Evening,Secondary Education,101.8,No,No,No,No,Female,No,32,No,5,0,0.0,5,0,0.0,0.0,0.0,0.0,10.8,1.4,1.74,Dropout
513,Single,Over 23 years old,Advertising and Marketing Management,Daytime,Secondary Education,100.0,No,No,No,Yes,Female,No,28,No,5,4,12.5,5,4,11.75,0.8,0.8,12.12,7.6,2.6,0.32,Graduate
514,Single,Over 23 years old,Management (evening attendance),Evening,Secondary Education,121.9,No,No,No,No,Female,No,40,No,4,0,0.0,5,0,0.0,0.0,0.0,0.0,12.7,3.7,-1.7,Dropout
515,Married,3rd phase - general contingent,Social Service (evening attendance),Evening,Secondary Education,120.4,No,No,Yes,No,Female,No,39,No,5,0,0.0,4,0,0.0,0.0,0.0,0.0,9.4,-0.8,-3.12,Dropout
516,Married,3rd phase - general contingent,Social Service,Daytime,Secondary Education,120.4,No,No,Yes,No,Female,No,39,No,6,0,0.0,6,0,0.0,0.0,0.0,0.0,9.4,-0.8,-3.12,Dropout
517,Married,Over 23 years old,Agronomy,Daytime,Secondary Education,148.8,No,No,No,Yes,Female,No,50,No,6,6,12.5,6,5,12.4,1.0,0.833,12.45,8.9,1.4,3.51,Graduate
518,Single,2nd phase - general contingent,Basic Education,Daytime,Secondary Education,123.0,Yes,No,No,Yes,Female,No,23,No,6,5,12.8,6,3,11.666666666666666,0.833,0.5,12.23,10.8,1.4,1.74,Dropout
519,Divorced,Over 23 years old,Social Service (evening attendance),Evening,Basic Education 3rd Cycle,100.0,No,No,No,Yes,Female,No,48,No,6,1,10.0,6,1,11.0,0.167,0.167,10.5,9.4,-0.8,-3.12,Dropout
520,Single,2nd phase - general contingent,Basic Education,Daytime,Secondary Education,112.1,Yes,No,No,Yes,Female,No,23,No,6,4,11.25,6,5,10.2,0.667,0.833,10.72,7.6,2.6,0.32,Dropout
521,Single,1st phase - general contingent,Nursing,Daytime,Secondary Education,126.8,Yes,No,No,Yes,Female,Yes,18,No,8,7,12.61,8,7,12.61,0.875,0.875,12.61,10.8,1.4,1.74,Graduate
522,Single,2nd phase - general contingent,Equinculture,Daytime,Secondary Education,115.9,No,No,No,Yes,Female,No,18,No,5,2,12.0,5,5,12.6,0.4,1.0,12.3,9.4,-0.8,-3.12,Graduate
523,Single,International student (bachelor),Social Service,Daytime,Secondary Education,132.5,Yes,No,No,No,Female,No,20,Yes,6,5,13.0,6,6,13.5,0.833,1.0,13.25,13.9,-0.3,0.79,Graduate
524,Single,3rd phase - general contingent,Veterinary Nursing,Daytime,Secondary Education,132.2,Yes,No,No,Yes,Female,Yes,18,Yes,5,4,12.0,5,5,13.0,0.8,1.0,12.5,10.8,1.4,1.74,Graduate
525,Single,1st phase - general contingent,Oral Hygiene,Daytime,Secondary Education,183.5,Yes,No,No,Yes,Female,No,18,Yes,7,4,12.0,8,0,0.0,0.571,0.0,6.0,16.2,0.3,-0.92,Dropout
526,Single,Change of course,Informatics Engineering,Daytime,Secondary Education,136.0,No,No,No,Yes,Male,No,31,No,5,1,12.0,5,1,11.0,0.2,0.2,11.5,16.2,0.3,-0.92,Dropout
527,Single,Over 23 years old,Informatics Engineering,Daytime,Basic Education 3rd Cycle,100.9,Yes,No,No,Yes,Male,No,24,No,5,1,12.0,5,3,10.5,0.2,0.6,11.25,10.8,1.4,1.74,Enrolled
528,Single,Over 23 years old,Animation and Multimedia Design,Daytime,Secondary Education,114.5,Yes,No,No,Yes,Male,No,24,No,0,0,0.0,0,0,0.0,0,0,0.0,9.4,-0.8,-3.12,Graduate
529,Single,Over 23 years old,Management,Daytime,Secondary Education,110.3,No,No,Yes,No,Male,No,26,No,5,0,0.0,5,0,0.0,0.0,0.0,0.0,10.8,1.4,1.74,Dropout
530,Single,1st phase - general contingent,Equinculture,Daytime,Secondary Education,137.2,Yes,No,Yes,Yes,Male,No,18,No,6,5,13.625,6,4,11.75,0.833,0.667,12.69,16.2,0.3,-0.92,Dropout
531,Single,2nd phase - general contingent,Management,Daytime,Secondary Education,116.9,No,No,No,Yes,Male,Yes,19,No,5,3,11.666666666666666,5,3,11.666666666666666,0.6,0.6,11.67,12.7,3.7,-1.7,Enrolled
532,Single,2nd phase - general contingent,Advertising and Marketing Management,Daytime,Secondary Education,121.8,Yes,No,No,Yes,Male,No,22,No,6,0,0.0,6,0,0.0,0.0,0.0,0.0,13.9,-0.3,0.79,Dropout
533,Single,1st phase - general contingent,Nursing,Daytime,Secondary Education,127.3,Yes,No,No,Yes,Male,No,18,No,8,7,11.69,8,7,11.69,0.875,0.875,11.69,10.8,1.4,1.74,Graduate
534,Single,Technological specialization diploma holders,Communication Design,Daytime,Technological Specialization Course,120.0,No,No,Yes,No,Male,No,20,No,6,0,0.0,6,0,0.0,0.0,0.0,0.0,16.2,0.3,-0.92,Dropout
535,Single,Technological specialization diploma holders,Animation and Multimedia Design,Daytime,Technological Specialization Course,150.0,No,No,No,Yes,Male,No,25,No,0,0,0.0,0,0,0.0,0,0,0.0,15.5,2.8,-4.06,Graduate
536,Single,Change of course,Management (evening attendance),Evening,Secondary Education,100.0,Yes,No,No,Yes,Male,No,24,No,5,4,11.5,5,5,11.285714285714286,0.8,1.0,11.39,13.9,-0.3,0.79,Graduate
537,Single,Over 23 years old,Informatics Engineering,Daytime,Secondary Education,150.0,Yes,No,No,Yes,Male,No,27,No,5,1,14.0,5,0,0.0,0.2,0.0,7.0,8.9,1.4,3.51,Dropout
538,Single,2nd phase - general contingent,Tourism,Daytime,Secondary Education,116.9,No,No,No,Yes,Male,No,21,No,6,5,11.0,6,5,12.4,0.833,0.833,11.7,15.5,2.8,-4.06,Graduate
539,Single,Technological specialization diploma holders,Agronomy,Daytime,Technological Specialization Course,140.0,Yes,No,No,Yes,Male,No,21,No,6,6,12.857142857142858,6,6,13.166666666666666,1.0,1.0,13.01,12.4,0.5,1.79,Graduate
540,Single,3rd phase - general contingent,Journalism and Communication,Daytime,Secondary Education,122.1,Yes,No,No,Yes,Male,No,19,No,6,4,12.5,6,6,11.333333333333334,0.667,1.0,11.92,10.8,1.4,1.74,Dropout
541,Single,Over 23 years old,Nursing,Daytime,Secondary Education,160.0,No,No,No,Yes,Male,No,28,No,7,7,14.528571428571428,8,8,15.018181818181818,1.0,1.0,14.77,16.2,0.3,-0.92,Graduate
542,Single,1st phase - general contingent,Management,Daytime,Secondary Education,118.4,No,No,No,Yes,Male,No,20,No,5,5,10.0,5,2,12.0,1.0,0.4,11.0,7.6,2.6,0.32,Enrolled
543,Single,Technological specialization diploma holders,Agronomy,Daytime,Technological Specialization Course,150.0,No,No,No,Yes,Male,Yes,21,No,6,6,13.0,6,6,12.625,1.0,1.0,12.81,15.5,2.8,-4.06,Graduate
544,Single,1st phase - general contingent,Nursing,Daytime,Secondary Education,144.9,No,No,No,Yes,Male,Yes,18,No,7,7,15.957142857142856,8,8,15.188888888888888,1.0,1.0,15.57,16.2,0.3,-0.92,Graduate
545,Single,2nd phase - general contingent,Informatics Engineering,Daytime,Secondary Education,121.1,Yes,No,No,Yes,Male,Yes,18,No,5,5,13.2,5,5,12.6,1.0,1.0,12.9,8.9,1.4,3.51,Enrolled
546,Single,1st phase - general contingent,Management,Daytime,Secondary Education,121.8,No,No,No,Yes,Male,No,20,No,5,4,10.2,5,3,11.0,0.8,0.6,10.6,15.5,2.8,-4.06,Enrolled
547,Single,Over 23 years old,Informatics Engineering,Daytime,Higher Education - Degree (1st cycle),146.8,No,No,No,Yes,Male,No,25,No,5,5,14.2,5,2,13.5,1.0,0.4,13.85,16.2,0.3,-0.92,Enrolled
548,Single,1st phase - general contingent,Advertising and Marketing Management,Daytime,Secondary Education,138.0,No,No,Yes,Yes,Male,No,22,No,6,6,12.625,6,2,14.5,1.0,0.333,13.56,11.1,0.6,2.02,Enrolled
549,Single,1st phase - general contingent,Nursing,Daytime,Secondary Education,138.0,No,No,No,Yes,Male,No,18,No,8,6,13.496666666666668,8,6,13.496666666666668,0.75,0.75,13.5,9.4,-0.8,-3.12,Enrolled
550,Single,2nd phase - general contingent,Management,Daytime,Secondary Education,116.3,Yes,No,No,Yes,Male,No,19,No,5,5,13.25,5,5,11.0,1.0,1.0,12.12,13.9,-0.3,0.79,Graduate
551,Single,1st phase - general contingent,Informatics Engineering,Daytime,Secondary Education,122.5,Yes,No,No,Yes,Male,No,19,No,5,3,12.0,5,3,12.0,0.6,0.6,12.0,12.4,0.5,1.79,Dropout
552,Single,Over 23 years old,Journalism and Communication,Daytime,Basic Education 3rd Cycle,115.0,Yes,No,Yes,No,Male,No,25,No,6,4,13.0,6,4,13.75,0.667,0.667,13.38,12.7,3.7,-1.7,Dropout
553,Single,Change of course,Communication Design,Daytime,Secondary Education,115.0,No,No,Yes,Yes,Male,No,21,No,11,9,11.77777777777778,8,3,13.666666666666666,0.818,0.375,12.72,15.5,2.8,-4.06,Dropout
554,Single,2nd phase - general contingent,Informatics Engineering,Daytime,Secondary Education,119.8,Yes,No,No,Yes,Male,No,19,No,5,2,11.0,6,0,0.0,0.4,0.0,5.5,11.1,0.6,2.02,Dropout
555,Single,2nd phase - general contingent,Management,Daytime,Secondary Education,95.0,No,No,No,Yes,Male,No,20,No,5,0,0.0,5,0,0.0,0.0,0.0,0.0,11.1,0.6,2.02,Dropout
556,Single,Technological specialization diploma holders,Agronomy,Daytime,Technological Specialization Course,150.0,No,No,No,Yes,Male,No,25,No,14,14,12.428571428571429,9,6,10.857142857142858,1.0,0.667,11.64,15.5,2.8,-4.06,Dropout
557,Single,2nd phase - general contingent,Management,Daytime,Secondary Education,117.8,Yes,No,No,Yes,Male,No,20,No,5,3,11.0,5,3,12.0,0.6,0.6,11.5,10.8,1.4,1.74,Enrolled
558,Single,1st phase - general contingent,Animation and Multimedia Design,Daytime,Secondary Education,144.2,Yes,No,No,Yes,Male,No,18,No,0,0,0.0,0,0,0.0,0,0,0.0,7.6,2.6,0.32,Graduate
559,Single,Technological specialization diploma holders,Tourism,Daytime,Technological Specialization Course,130.0,Yes,No,Yes,Yes,Male,No,23,No,6,3,11.5,6,3,10.666666666666666,0.5,0.5,11.08,8.9,1.4,3.51,Enrolled
560,Single,Transfer,Nursing,Daytime,Secondary Education,128.2,Yes,No,No,Yes,Male,No,23,No,8,8,12.5075,8,8,12.5075,1.0,1.0,12.51,9.4,-0.8,-3.12,Graduate
561,Single,Short cycle diploma holders,Agronomy,Daytime,Professional Higher Technical Course,135.3,No,No,No,Yes,Male,No,21,No,12,11,12.090909090909092,12,11,12.0,0.917,0.917,12.05,8.9,1.4,3.51,Graduate
562,Single,1st phase - general contingent,Equinculture,Daytime,Secondary Education,143.9,Yes,No,No,Yes,Male,No,20,No,5,2,11.0,5,3,12.666666666666666,0.4,0.6,11.83,9.4,-0.8,-3.12,Enrolled
563,Single,Over 23 years old,Management (evening attendance),Evening,Secondary Education,140.7,No,No,No,Yes,Male,No,25,No,5,1,10.0,5,2,11.333333333333334,0.2,0.4,10.67,12.4,0.5,1.79,Dropout
564,Single,1st phase - general contingent,Equinculture,Daytime,Secondary Education,130.4,Yes,No,No,Yes,Male,No,18,No,6,6,13.5,6,5,13.2,1.0,0.833,13.35,8.9,1.4,3.51,Graduate
565,Single,1st phase - general contingent,Communication Design,Daytime,Frequency of Higher Education,123.2,Yes,No,No,Yes,Male,No,22,No,6,6,14.166666666666666,6,6,13.625,1.0,1.0,13.9,10.8,1.4,1.74,Graduate
566,Single,Over 23 years old,Advertising and Marketing Management,Daytime,Secondary Education,118.0,No,No,No,Yes,Male,No,27,No,6,6,14.0,6,6,14.714285714285714,1.0,1.0,14.36,8.9,1.4,3.51,Graduate
567,Single,Over 23 years old,Agronomy,Daytime,Basic Education 3rd Cycle,120.0,No,No,No,Yes,Male,No,25,No,3,0,0.0,3,0,0.0,0.0,0.0,0.0,16.2,0.3,-0.92,Dropout
568,Single,2nd phase - general contingent,Informatics Engineering,Daytime,Secondary Education,118.9,Yes,No,No,Yes,Male,No,18,No,5,3,11.666666666666666,5,3,11.333333333333334,0.6,0.6,11.5,7.6,2.6,0.32,Dropout
569,Single,2nd phase - general contingent,Veterinary Nursing,Daytime,Secondary Education,117.2,No,No,No,Yes,Male,No,20,No,5,5,14.6,5,5,14.2,1.0,1.0,14.4,12.7,3.7,-1.7,Graduate
570,Single,Over 23 years old,Agronomy,Daytime,Secondary Education,120.0,No,No,No,Yes,Male,No,27,No,6,5,13.0,6,5,11.5,0.833,0.833,12.25,16.2,0.3,-0.92,Graduate
571,Single,1st phase - general contingent,Social Service (evening attendance),Evening,Secondary Education,118.1,No,No,No,Yes,Male,No,20,No,6,6,12.166666666666666,6,6,12.0,1.0,1.0,12.08,7.6,2.6,0.32,Graduate
572,Single,1st phase - general contingent,Management,Daytime,Secondary Education,124.8,Yes,No,No,Yes,Male,No,22,No,5,0,0.0,5,1,12.0,0.0,0.2,6.0,7.6,2.6,0.32,Dropout
573,Single,2nd phase - general contingent,Informatics Engineering,Daytime,Secondary Education,106.5,Yes,No,No,Yes,Male,No,19,No,5,3,10.5,5,3,10.8,0.6,0.6,10.65,12.4,0.5,1.79,Dropout
574,Single,1st phase - general contingent,Management,Daytime,Secondary Education,116.8,No,No,No,Yes,Male,No,20,No,5,3,12.4,5,5,10.833333333333334,0.6,1.0,11.62,13.9,-0.3,0.79,Enrolled
575,Single,Change of course,Animation and Multimedia Design,Daytime,Secondary Education,109.3,No,No,No,Yes,Male,No,19,No,0,0,0.0,0,0,0.0,0,0,0.0,9.4,-0.8,-3.12,Graduate
576,Married,Over 23 years old,Veterinary Nursing,Daytime,12th Year - Not Completed,120.0,Yes,No,No,No,Male,No,29,No,5,0,0.0,5,0,0.0,0.0,0.0,0.0,9.4,-0.8,-3.12,Dropout
577,Single,1st phase - general contingent,Nursing,Daytime,Secondary Education,137.5,No,No,No,Yes,Male,No,19,No,8,7,13.828571428571427,8,7,13.828571428571427,0.875,0.875,13.83,12.7,3.7,-1.7,Graduate
578,Single,Over 23 years old,Management (evening attendance),Evening,Secondary Education,150.0,Yes,No,No,Yes,Female,Yes,28,No,5,5,10.6,5,5,10.2,1.0,1.0,10.4,9.4,-0.8,-3.12,Enrolled
579,Married,1st phase - general contingent,Social Service,Daytime,Secondary Education,120.4,No,No,No,Yes,Female,No,20,No,6,6,11.5,6,6,11.666666666666666,1.0,1.0,11.58,7.6,2.6,0.32,Graduate
580,Single,1st phase - general contingent,Communication Design,Daytime,Secondary Education,136.7,Yes,No,No,Yes,Female,No,20,No,6,4,13.5,6,6,13.625,0.667,1.0,13.56,10.8,1.4,1.74,Graduate
581,Single,Over 23 years old,Social Service (evening attendance),Evening,Secondary Education,118.5,Yes,No,No,Yes,Female,No,31,No,6,0,0.0,6,0,0.0,0.0,0.0,0.0,7.6,2.6,0.32,Dropout
582,Single,2nd phase - general contingent,Nursing,Daytime,Secondary Education,133.0,Yes,No,No,Yes,Female,No,18,No,7,7,12.5375,8,7,12.614285714285714,1.0,0.875,12.58,13.9,-0.3,0.79,Graduate
583,Single,2nd phase - general contingent,Advertising and Marketing Management,Daytime,Secondary Education,128.8,Yes,No,No,Yes,Female,No,19,No,6,6,14.833333333333334,6,6,13.285714285714286,1.0,1.0,14.06,8.9,1.4,3.51,Enrolled
584,Single,1st phase - general contingent,Management,Daytime,Secondary Education,133.0,Yes,No,No,Yes,Female,No,18,No,5,4,12.0,5,4,12.8,0.8,0.8,12.4,13.9,-0.3,0.79,Graduate
585,Single,2nd phase - general contingent,Tourism,Daytime,Secondary Education,102.0,No,No,No,Yes,Female,No,19,No,6,5,11.8,6,5,11.6,0.833,0.833,11.7,10.8,1.4,1.74,Graduate
586,Single,1st phase - general contingent,Management,Daytime,Secondary Education,133.9,No,No,No,Yes,Female,Yes,18,No,5,5,15.0,5,5,15.2,1.0,1.0,15.1,12.7,3.7,-1.7,Graduate
587,Single,2nd phase - general contingent,Veterinary Nursing,Daytime,Secondary Education,127.0,No,No,No,Yes,Female,No,19,No,5,3,12.0,5,5,13.2,0.6,1.0,12.6,7.6,2.6,0.32,Graduate
588,Single,2nd phase - general contingent,Journalism and Communication,Daytime,Secondary Education,120.4,Yes,No,No,Yes,Female,Yes,18,No,6,6,12.833333333333334,6,6,12.285714285714286,1.0,1.0,12.56,15.5,2.8,-4.06,Graduate
589,Single,1st phase - general contingent,Tourism,Daytime,Secondary Education,124.5,Yes,No,No,Yes,Female,No,19,No,6,6,11.666666666666666,6,3,12.0,1.0,0.5,11.83,7.6,2.6,0.32,Graduate
590,Single,1st phase - general contingent,Oral Hygiene,Daytime,Secondary Education,123.9,No,No,No,Yes,Female,No,19,No,7,7,12.1625,8,8,13.825,1.0,1.0,12.99,13.9,-0.3,0.79,Graduate
591,Single,1st phase - general contingent,Advertising and Marketing Management,Daytime,Secondary Education,117.8,Yes,No,No,Yes,Female,No,18,No,6,6,13.833333333333334,6,6,14.555555555555555,1.0,1.0,14.19,10.8,1.4,1.74,Graduate
592,Single,1st phase - general contingent,Nursing,Daytime,Secondary Education,126.7,No,No,No,Yes,Female,No,19,No,7,4,12.45,7,5,11.7,0.571,0.714,12.08,16.2,0.3,-0.92,Enrolled
593,Single,Technological specialization diploma holders,Advertising and Marketing Management,Daytime,Technological Specialization Course,110.0,No,No,No,Yes,Female,Yes,20,No,6,6,12.125,6,6,13.571428571428571,1.0,1.0,12.85,11.1,0.6,2.02,Graduate
594,Single,2nd phase - general contingent,Advertising and Marketing Management,Daytime,Secondary Education,134.7,Yes,No,No,Yes,Female,No,20,No,6,5,13.4,6,4,13.0,0.833,0.667,13.2,12.7,3.7,-1.7,Enrolled
595,Single,2nd phase - general contingent,Agronomy,Daytime,Secondary Education,113.2,No,No,Yes,Yes,Female,No,20,No,6,6,13.333333333333334,6,5,14.0,1.0,0.833,13.67,11.1,0.6,2.02,Enrolled
596,Single,Over 23 years old,Management (evening attendance),Evening,Higher Education - Degree,141.0,No,No,No,Yes,Female,No,29,No,15,11,11.454545454545457,13,11,11.545454545454543,0.733,0.846,11.5,10.8,1.4,1.74,Dropout
597,Single,2nd phase - general contingent,Basic Education,Daytime,Secondary Education,111.5,No,No,No,No,Female,Yes,20,No,6,4,12.0,6,3,10.0,0.667,0.5,11.0,7.6,2.6,0.32,Dropout
598,Divorced,Over 23 years old,Basic Education,Daytime,Secondary Education,140.0,No,No,Yes,No,Female,No,31,No,7,6,12.666666666666666,7,5,12.6,0.857,0.714,12.63,8.9,1.4,3.51,Dropout
599,Single,2nd phase - general contingent,Advertising and Marketing Management,Daytime,Secondary Education,134.3,No,Yes,No,Yes,Female,No,20,No,6,6,12.666666666666666,6,6,13.77777777777778,1.0,1.0,13.22,10.8,1.4,1.74,Graduate
600,Single,2nd phase - general contingent,Agronomy,Daytime,Secondary Education,125.3,Yes,No,No,Yes,Female,No,21,No,18,18,11.88888888888889,13,13,11.461538461538462,1.0,1.0,11.68,15.5,2.8,-4.06,Graduate
601,Single,Holders of other higher courses,Equinculture,Daytime,Higher Education - Degree,140.0,Yes,No,No,Yes,Female,No,23,No,6,0,0.0,6,0,0.0,0.0,0.0,0.0,12.4,0.5,1.79,Dropout
602,Single,2nd phase - general contingent,Communication Design,Daytime,Secondary Education,119.6,No,No,Yes,No,Female,No,21,No,6,4,13.0,6,4,11.6,0.667,0.667,12.3,10.8,1.4,1.74,Dropout
603,Single,Holders of other higher courses,Nursing,Daytime,Higher Education - Degree (1st cycle),170.0,No,No,No,Yes,Female,No,24,No,7,7,16.885714285714283,8,8,15.744444444444444,1.0,1.0,16.32,16.2,0.3,-0.92,Graduate
604,Single,Over 23 years old,Social Service (evening attendance),Evening,Secondary Education,150.5,No,No,No,Yes,Female,No,27,No,6,6,12.5,6,6,12.333333333333334,1.0,1.0,12.42,15.5,2.8,-4.06,Graduate
605,Single,1st phase - general contingent,Nursing,Daytime,Secondary Education,128.0,No,No,No,Yes,Female,Yes,18,No,7,7,13.055555555555555,8,8,15.8125,1.0,1.0,14.43,13.9,-0.3,0.79,Graduate
606,Single,1st phase - general contingent,Animation and Multimedia Design,Daytime,Secondary Education,108.7,Yes,No,No,No,Female,No,21,No,0,0,0.0,0,0,0.0,0,0,0.0,9.4,-0.8,-3.12,Dropout
607,Single,2nd phase - general contingent,Equinculture,Daytime,Secondary Education,121.6,Yes,No,Yes,Yes,Female,Yes,19,No,5,0,0.0,5,0,0.0,0.0,0.0,0.0,7.6,2.6,0.32,Dropout
608,Single,1st phase - general contingent,Nursing,Daytime,Secondary Education,125.3,Yes,No,No,Yes,Female,Yes,19,No,8,7,12.355714285714283,8,7,12.355714285714283,0.875,0.875,12.36,10.8,1.4,1.74,Graduate
609,Single,2nd phase - general contingent,Veterinary Nursing,Daytime,Secondary Education,117.6,No,No,No,Yes,Female,No,18,No,6,0,0.0,6,0,0.0,0.0,0.0,0.0,12.4,0.5,1.79,Dropout
610,Single,Change of course,Nursing,Daytime,Secondary Education,124.3,Yes,No,No,Yes,Female,Yes,18,No,7,5,11.98,7,5,11.98,0.714,0.714,11.98,7.6,2.6,0.32,Enrolled
611,Single,1st phase - general contingent,Basic Education,Daytime,Secondary Education,106.1,Yes,No,Yes,Yes,Female,Yes,20,No,7,7,13.857142857142858,7,7,12.571428571428571,1.0,1.0,13.21,8.9,1.4,3.51,Graduate
612,Married,1st phase - general contingent,Social Service (evening attendance),Evening,Secondary Education,139.9,Yes,No,No,Yes,Female,No,24,No,6,5,13.0,6,6,14.166666666666666,0.833,1.0,13.58,9.4,-0.8,-3.12,Graduate
613,Single,1st phase - general contingent,Communication Design,Daytime,Secondary Education,110.8,Yes,No,No,Yes,Female,No,20,No,6,6,12.833333333333334,6,6,11.166666666666666,1.0,1.0,12.0,12.4,0.5,1.79,Graduate
614,Single,2nd phase - general contingent,Management,Daytime,Secondary Education,118.0,No,No,No,Yes,Female,No,20,No,5,4,11.0,5,5,13.2,0.8,1.0,12.1,12.4,0.5,1.79,Enrolled
615,Single,1st phase - general contingent,Nursing,Daytime,Secondary Education,117.8,Yes,No,No,Yes,Female,Yes,19,No,8,7,12.357142857142858,8,7,12.357142857142858,0.875,0.875,12.36,12.7,3.7,-1.7,Graduate
616,Single,1st phase - general contingent,Nursing,Daytime,Secondary Education,127.5,Yes,No,No,Yes,Female,Yes,18,No,8,7,13.857142857142858,8,7,13.857142857142858,0.875,0.875,13.86,12.7,3.7,-1.7,Graduate
617,Single,2nd phase - general contingent,Social Service,Daytime,Higher Education - Degree,129.7,Yes,No,No,Yes,Female,Yes,20,No,6,6,12.333333333333334,6,6,10.666666666666666,1.0,1.0,11.5,9.4,-0.8,-3.12,Graduate
618,Single,2nd phase - general contingent,Nursing,Daytime,Secondary Education,130.6,Yes,No,No,Yes,Female,No,20,No,7,7,12.847142857142858,8,8,13.788888888888888,1.0,1.0,13.32,16.2,0.3,-0.92,Graduate
619,Single,2nd phase - general contingent,Nursing,Daytime,Secondary Education,126.3,Yes,No,No,Yes,Female,Yes,19,No,7,6,12.339999999999998,8,8,13.01875,0.857,1.0,12.68,11.1,0.6,2.02,Graduate
620,Single,Technological specialization diploma holders,Veterinary Nursing,Daytime,Technological Specialization Course,140.0,Yes,No,No,Yes,Female,No,19,No,6,5,12.666666666666666,6,4,11.75,0.833,0.667,12.21,12.4,0.5,1.79,Enrolled
621,Single,1st phase - general contingent,Journalism and Communication,Daytime,Secondary Education,105.0,Yes,No,No,Yes,Female,No,20,No,6,6,13.833333333333334,6,6,12.5,1.0,1.0,13.17,12.7,3.7,-1.7,Graduate
622,Single,2nd phase - general contingent,Management,Daytime,Secondary Education,114.6,Yes,No,No,Yes,Female,No,19,No,5,2,10.75,5,2,10.0,0.4,0.4,10.38,13.9,-0.3,0.79,Dropout
623,Single,2nd phase - general contingent,Basic Education,Daytime,Secondary Education,114.6,Yes,No,No,Yes,Female,No,19,No,6,4,13.25,6,4,10.25,0.667,0.667,11.75,9.4,-0.8,-3.12,Dropout
624,Single,2nd phase - general contingent,Nursing,Daytime,Secondary Education,131.0,Yes,No,No,Yes,Female,Yes,18,No,8,8,13.73125,8,8,13.73125,1.0,1.0,13.73,9.4,-0.8,-3.12,Graduate
625,Single,2nd phase - general contingent,Communication Design,Daytime,Secondary Education,109.0,No,No,No,Yes,Female,Yes,23,No,6,6,13.333333333333334,6,3,12.666666666666666,1.0,0.5,13.0,11.1,0.6,2.02,Dropout
626,Single,1st phase - general contingent,Basic Education,Daytime,Secondary Education,132.0,Yes,No,No,Yes,Female,No,21,No,6,5,12.0,6,5,10.8,0.833,0.833,11.4,12.7,3.7,-1.7,Dropout
627,Single,Technological specialization diploma holders,Social Service (evening attendance),Evening,Technological Specialization Course,130.0,Yes,No,No,Yes,Female,No,23,No,9,9,10.88888888888889,8,6,11.333333333333334,1.0,0.75,11.11,11.1,0.6,2.02,Graduate
628,Single,1st phase - general contingent,Nursing,Daytime,Secondary Education,109.5,Yes,No,No,Yes,Female,No,19,No,7,7,13.025,8,8,13.811111111111112,1.0,1.0,13.42,13.9,-0.3,0.79,Graduate
629,Single,2nd phase - general contingent,Journalism and Communication,Daytime,Secondary Education,115.9,Yes,No,No,Yes,Female,No,18,No,6,6,13.0,6,6,14.166666666666666,1.0,1.0,13.58,12.4,0.5,1.79,Graduate
630,Single,1st phase - general contingent,Journalism and Communication,Daytime,Secondary Education,131.6,Yes,Yes,No,Yes,Female,No,19,No,6,5,11.8,6,5,12.0,0.833,0.833,11.9,10.8,1.4,1.74,Graduate
631,Single,Over 23 years old,Nursing,Daytime,Secondary Education,120.0,No,No,No,Yes,Female,Yes,25,No,8,7,12.042857142857144,8,7,12.042857142857144,0.875,0.875,12.04,12.7,3.7,-1.7,Graduate
632,Single,1st phase - general contingent,Basic Education,Daytime,Secondary Education,109.7,Yes,No,No,Yes,Female,No,19,No,6,5,12.2,6,4,13.0,0.833,0.667,12.6,9.4,-0.8,-3.12,Enrolled
633,Single,1st phase - general contingent,Nursing,Daytime,Secondary Education,136.4,No,No,No,Yes,Female,Yes,19,No,7,7,12.8375,8,8,15.5,1.0,1.0,14.17,13.9,-0.3,0.79,Graduate
634,Single,Over 23 years old,Oral Hygiene,Daytime,Secondary Education,120.0,No,No,Yes,Yes,Female,Yes,24,No,7,7,11.0,8,7,11.7,1.0,0.875,11.35,12.7,3.7,-1.7,Graduate
635,Single,1st phase - general contingent,Advertising and Marketing Management,Daytime,Secondary Education,132.6,Yes,No,No,Yes,Female,Yes,18,No,6,6,13.5,6,5,14.0,1.0,0.833,13.75,8.9,1.4,3.51,Graduate
636,Single,2nd phase - general contingent,Social Service,Daytime,Secondary Education,112.9,Yes,No,No,Yes,Female,Yes,19,No,6,6,12.125,6,6,12.714285714285714,1.0,1.0,12.42,16.2,0.3,-0.92,Graduate
637,Single,1st phase - general contingent,Nursing,Daytime,Secondary Education,134.3,No,No,No,Yes,Female,Yes,18,No,8,7,12.62857142857143,8,7,12.62857142857143,0.875,0.875,12.63,12.7,3.7,-1.7,Graduate
638,Single,Over 23 years old,Management (evening attendance),Evening,Secondary Education,123.2,No,No,No,Yes,Female,No,27,No,5,3,10.666666666666666,5,4,11.4,0.6,0.8,11.03,10.8,1.4,1.74,Enrolled
639,Single,2nd phase - general contingent,Social Service,Daytime,Secondary Education,117.2,No,No,No,Yes,Female,No,19,No,6,5,11.2,6,5,11.6,0.833,0.833,11.4,15.5,2.8,-4.06,Graduate
640,Single,3rd phase - general contingent,Journalism and Communication,Daytime,Secondary Education,129.8,No,No,No,Yes,Female,Yes,18,No,6,6,12.666666666666666,6,6,11.833333333333334,1.0,1.0,12.25,12.7,3.7,-1.7,Dropout
641,Married,Over 23 years old,Advertising and Marketing Management,Daytime,Secondary Education,158.0,No,No,Yes,No,Female,No,34,No,6,4,13.5,6,0,0.0,0.667,0.0,6.75,12.7,3.7,-1.7,Dropout
642,Single,1st phase - general contingent,Management,Daytime,Secondary Education,116.5,No,No,No,Yes,Female,No,18,No,5,3,11.666666666666666,5,2,11.0,0.6,0.4,11.33,7.6,2.6,0.32,Enrolled
643,Single,1st phase - general contingent,Management,Daytime,Secondary Education,121.0,Yes,No,No,Yes,Female,No,18,No,5,2,10.5,5,3,12.333333333333334,0.4,0.6,11.42,7.6,2.6,0.32,Enrolled
644,Single,1st phase - general contingent,Nursing,Daytime,Secondary Education,133.8,Yes,No,No,Yes,Female,No,18,No,8,8,14.26875,8,8,14.26875,1.0,1.0,14.27,9.4,-0.8,-3.12,Enrolled
645,Single,1st phase - general contingent,Journalism and Communication,Daytime,Secondary Education,115.0,Yes,No,Yes,No,Female,No,20,No,6,0,0.0,6,0,0.0,0.0,0.0,0.0,8.9,1.4,3.51,Dropout
646,Single,1st phase - general contingent,Management,Daytime,Secondary Education,131.8,Yes,No,No,Yes,Female,Yes,19,No,5,2,10.5,5,3,13.333333333333334,0.4,0.6,11.92,7.6,2.6,0.32,Enrolled
647,Single,1st phase - general contingent,Social Service,Daytime,Secondary Education,121.0,No,No,No,Yes,Female,No,21,No,6,5,11.2,6,1,10.0,0.833,0.167,10.6,7.6,2.6,0.32,Enrolled
648,Married,Over 23 years old,Management (evening attendance),Evening,Higher Education - Degree,152.4,No,No,No,Yes,Female,No,26,No,5,5,12.0,5,5,14.833333333333334,1.0,1.0,13.42,10.8,1.4,1.74,Graduate
649,Single,Change of course,Oral Hygiene,Daytime,Secondary Education,110.2,No,No,No,Yes,Female,No,27,No,7,7,12.228571428571428,8,8,13.2125,1.0,1.0,12.72,10.8,1.4,1.74,Graduate
650,Single,1st phase - general contingent,Advertising and Marketing Management,Daytime,Secondary Education,113.5,Yes,No,No,Yes,Female,No,20,No,5,4,11.5,5,4,10.75,0.8,0.8,11.12,9.4,-0.8,-3.12,Graduate
651,Single,2nd phase - general contingent,Social Service,Daytime,Secondary Education,144.4,Yes,No,No,Yes,Female,No,18,No,6,6,15.375,6,6,16.428571428571427,1.0,1.0,15.9,16.2,0.3,-0.92,Graduate
652,Single,Short cycle diploma holders,Veterinary Nursing,Daytime,Professional Higher Technical Course,143.3,Yes,No,No,No,Female,No,23,No,12,9,13.666666666666666,9,6,13.5,0.75,0.667,13.58,8.9,1.4,3.51,Enrolled
653,Single,Over 23 years old,Nursing,Daytime,Basic Education 3rd Cycle,100.0,No,No,No,Yes,Female,No,24,No,8,7,12.614285714285714,8,7,12.614285714285714,0.875,0.875,12.61,12.7,3.7,-1.7,Graduate
654,Single,Technological specialization diploma holders,Social Service,Daytime,Technological Specialization Course,126.3,Yes,No,No,Yes,Female,Yes,19,No,6,5,12.2,6,6,11.5,0.833,1.0,11.85,13.9,-0.3,0.79,Graduate
655,Single,1st phase - general contingent,Journalism and Communication,Daytime,Secondary Education,115.9,No,No,No,Yes,Female,No,19,No,6,4,11.75,6,4,11.0,0.667,0.667,11.38,10.8,1.4,1.74,Graduate
656,Single,1st phase - general contingent,Social Service,Daytime,Secondary Education,114.9,Yes,No,Yes,Yes,Female,Yes,19,No,6,5,11.4,6,3,10.0,0.833,0.5,10.7,8.9,1.4,3.51,Enrolled
657,Single,1st phase - general contingent,Social Service,Daytime,Secondary Education,121.0,No,No,Yes,Yes,Female,No,18,No,6,5,10.6,6,2,10.0,0.833,0.333,10.3,7.6,2.6,0.32,Enrolled
658,Single,Change of institution/course,Social Service (evening attendance),Evening,Secondary Education,112.3,No,No,No,Yes,Female,No,22,No,16,13,10.923076923076923,13,11,11.454545454545457,0.812,0.846,11.19,16.2,0.3,-0.92,Graduate
659,Single,Change of course,Communication Design,Daytime,Secondary Education,127.0,No,No,No,Yes,Female,No,20,No,6,5,12.4,6,5,12.4,0.833,0.833,12.4,12.7,3.7,-1.7,Graduate
660,Single,Over 23 years old,Agronomy,Daytime,Secondary Education,120.0,No,No,No,Yes,Female,No,25,No,6,0,0.0,6,0,0.0,0.0,0.0,0.0,11.1,0.6,2.02,Dropout
661,Single,Technological specialization diploma holders,Agronomy,Daytime,Technological Specialization Course,180.0,No,No,No,Yes,Female,No,21,No,6,6,15.833333333333334,6,6,15.5,1.0,1.0,15.67,15.5,2.8,-4.06,Graduate
662,Single,1st phase - general contingent,Nursing,Daytime,Secondary Education,117.4,Yes,No,No,Yes,Female,No,19,No,7,5,11.8,7,6,11.708333333333334,0.714,0.857,11.75,11.1,0.6,2.02,Enrolled
663,Single,2nd phase - general contingent,Journalism and Communication,Daytime,Secondary Education,115.8,Yes,No,No,Yes,Female,No,18,No,6,6,12.571428571428571,6,6,13.666666666666666,1.0,1.0,13.12,13.9,-0.3,0.79,Graduate
664,Single,1st phase - general contingent,Advertising and Marketing Management,Daytime,Secondary Education,136.5,Yes,No,No,Yes,Female,No,18,No,5,3,12.0,5,4,13.25,0.6,0.8,12.62,7.6,2.6,0.32,Graduate
665,Single,2nd phase - general contingent,Nursing,Daytime,Secondary Education,129.0,Yes,No,No,Yes,Male,No,19,No,7,7,13.3625,8,8,14.444444444444445,1.0,1.0,13.9,13.9,-0.3,0.79,Graduate
666,Single,1st phase - general contingent,Veterinary Nursing,Daytime,Secondary Education,137.6,Yes,No,No,Yes,Female,Yes,19,Yes,5,5,15.4,5,5,16.0,1.0,1.0,15.7,10.8,1.4,1.74,Graduate
667,Single,2nd phase - general contingent,Journalism and Communication,Daytime,Secondary Education,129.5,Yes,No,Yes,No,Female,No,18,No,6,5,12.2,6,4,11.75,0.833,0.667,11.98,10.8,1.4,1.74,Dropout
668,Single,Change of institution/course,Social Service,Daytime,Technological Specialization Course,129.1,Yes,No,No,Yes,Female,Yes,20,No,11,11,12.818181818181818,11,11,13.545454545454543,1.0,1.0,13.18,12.4,0.5,1.79,Graduate
669,Single,2nd phase - general contingent,Nursing,Daytime,Secondary Education,130.2,Yes,No,No,Yes,Female,No,19,No,7,0,0.0,8,0,0.0,0.0,0.0,0.0,12.4,0.5,1.79,Dropout
670,Single,Transfer,Nursing,Daytime,Secondary Education,134.3,Yes,No,No,Yes,Female,No,28,No,17,17,13.394736842105264,17,17,13.554736842105264,1.0,1.0,13.47,16.2,0.3,-0.92,Graduate
671,Single,1st phase - general contingent,Social Service,Daytime,Secondary Education,138.4,Yes,No,No,Yes,Female,Yes,20,No,6,6,14.25,6,6,11.0,1.0,1.0,12.62,12.7,3.7,-1.7,Graduate
672,Single,Transfer,Social Service (evening attendance),Evening,Secondary Education,120.0,Yes,No,No,Yes,Female,No,30,No,11,9,13.444444444444445,7,7,14.714285714285714,0.818,1.0,14.08,7.6,2.6,0.32,Dropout
673,Single,1st phase - general contingent,Nursing,Daytime,Secondary Education,123.5,Yes,No,No,Yes,Female,Yes,19,No,7,7,12.285714285714286,8,8,11.7375,1.0,1.0,12.01,12.4,0.5,1.79,Graduate
674,Single,1st phase - general contingent,Communication Design,Daytime,Secondary Education,116.1,Yes,No,No,Yes,Female,No,22,No,6,6,11.666666666666666,6,5,13.2,1.0,0.833,12.43,12.7,3.7,-1.7,Graduate
675,Single,1st phase - general contingent,Tourism,Daytime,Secondary Education,110.8,Yes,No,No,Yes,Female,No,18,No,6,6,12.166666666666666,6,6,13.5,1.0,1.0,12.83,11.1,0.6,2.02,Graduate
676,Single,2nd phase - general contingent,Basic Education,Daytime,Secondary Education,142.8,Yes,No,No,Yes,Female,No,23,No,6,2,10.0,6,2,11.0,0.333,0.333,10.5,7.6,2.6,0.32,Dropout
677,Single,2nd phase - general contingent,Communication Design,Daytime,Secondary Education,155.5,Yes,No,No,Yes,Female,No,18,No,6,6,14.0,6,6,15.0,1.0,1.0,14.5,11.1,0.6,2.02,Graduate
678,Single,1st phase - general contingent,Basic Education,Daytime,Secondary Education,126.7,Yes,No,No,Yes,Female,No,18,No,6,5,11.833333333333334,6,4,12.0,0.833,0.667,11.92,15.5,2.8,-4.06,Enrolled
679,Married,Over 23 years old,Journalism and Communication,Daytime,Basic Education 3rd Cycle,163.5,No,No,Yes,No,Male,No,50,No,6,1,15.0,5,0,0.0,0.167,0.0,7.5,10.8,1.4,1.74,Dropout
680,Single,1st phase - general contingent,Animation and Multimedia Design,Daytime,Secondary Education,161.9,Yes,No,No,Yes,Female,Yes,19,Yes,0,0,0.0,0,0,0.0,0,0,0.0,13.9,-0.3,0.79,Graduate
681,Single,2nd phase - general contingent,Tourism,Daytime,Secondary Education,123.3,Yes,No,No,Yes,Female,No,22,Yes,6,6,10.833333333333334,6,6,10.666666666666666,1.0,1.0,10.75,13.9,-0.3,0.79,Graduate
682,Single,Technological specialization diploma holders,Social Service,Daytime,Technological Specialization Course,137.5,No,No,Yes,Yes,Female,Yes,23,Yes,6,6,13.142857142857142,6,6,14.0,1.0,1.0,13.57,12.4,0.5,1.79,Graduate
683,Single,3rd phase - general contingent,Veterinary Nursing,Daytime,Secondary Education,166.6,No,No,Yes,No,Female,Yes,20,No,5,5,14.4,5,5,14.0,1.0,1.0,14.2,12.7,3.7,-1.7,Dropout
684,Divorced,Over 23 years old,Social Service,Daytime,Basic Education 3rd Cycle,103.5,No,No,No,No,Female,No,44,No,6,0,0.0,6,0,0.0,0.0,0.0,0.0,13.9,-0.3,0.79,Dropout
685,Divorced,Over 23 years old,Agronomy,Daytime,Basic Education 3rd Cycle,110.0,No,No,No,Yes,Male,No,49,No,12,7,12.0,12,9,11.22222222222222,0.583,0.75,11.61,15.5,2.8,-4.06,Graduate
686,Married,Change of course,Management (evening attendance),Evening,Secondary Education,128.2,No,No,No,Yes,Male,No,46,No,10,9,12.2,10,10,12.8,0.9,1.0,12.5,7.6,2.6,0.32,Graduate
687,Single,Over 23 years old,Veterinary Nursing,Daytime,Technological Specialization Course,137.7,Yes,No,No,No,Male,No,41,No,3,3,12.333333333333334,2,2,11.0,1.0,1.0,11.67,12.4,0.5,1.79,Dropout
688,Single,2nd phase - general contingent,Nursing,Daytime,Secondary Education,128.8,Yes,No,No,Yes,Male,No,18,No,7,7,11.8375,8,8,12.48125,1.0,1.0,12.16,13.9,-0.3,0.79,Graduate
689,Widower,Over 23 years old,Management (evening attendance),Evening,Secondary Education,170.0,No,No,No,Yes,Male,No,43,No,5,5,11.8,5,5,14.0,1.0,1.0,12.9,9.4,-0.8,-3.12,Graduate
690,Divorced,Over 23 years old,Management,Daytime,Basic Education 3rd Cycle,116.4,No,No,Yes,No,Male,No,70,No,5,0,0.0,5,0,0.0,0.0,0.0,0.0,10.8,1.4,1.74,Dropout
691,Divorced,Over 23 years old,Equinculture,Daytime,Basic Education 3rd Cycle,100.9,No,No,No,Yes,Male,No,48,No,6,0,0.0,6,0,0.0,0.0,0.0,0.0,15.5,2.8,-4.06,Dropout
692,Married,Change of course,Agronomy,Daytime,Secondary Education,136.0,No,No,No,Yes,Male,No,41,No,19,19,12.68421052631579,13,13,12.384615384615383,1.0,1.0,12.53,15.5,2.8,-4.06,Graduate
693,Single,1st phase - general contingent,Tourism,Daytime,Secondary Education,130.0,No,No,No,Yes,Male,No,21,No,6,6,12.571428571428571,6,4,13.0,1.0,0.667,12.79,12.7,3.7,-1.7,Enrolled
694,Single,Over 23 years old,Biofuel Production Technologies,Daytime,Secondary Education,100.0,No,No,Yes,No,Male,No,35,Yes,7,3,11.25,7,0,0.0,0.429,0.0,5.62,16.2,0.3,-0.92,Dropout
695,Married,Over 23 years old,Equinculture,Daytime,Basic Education 3rd Cycle,157.0,Yes,No,No,Yes,Male,No,44,No,5,4,14.0,5,4,15.5,0.8,0.8,14.75,10.8,1.4,1.74,Graduate
696,Single,1st phase - general contingent,Management,Daytime,Secondary Education,152.1,Yes,No,Yes,Yes,Male,No,18,No,5,4,13.333333333333334,5,2,13.5,0.8,0.4,13.42,13.9,-0.3,0.79,Dropout
697,Married,1st phase - general contingent,Social Service (evening attendance),Evening,Secondary Education,162.9,Yes,No,No,Yes,Male,No,45,No,6,6,13.666666666666666,6,6,13.666666666666666,1.0,1.0,13.67,7.6,2.6,0.32,Graduate
698,Single,1st phase - general contingent,Tourism,Daytime,Secondary Education,137.2,No,No,No,Yes,Male,No,20,No,6,3,10.0,6,5,10.8,0.5,0.833,10.4,15.5,2.8,-4.06,Enrolled
699,Single,Technological specialization diploma holders,Agronomy,Daytime,Technological Specialization Course,140.0,Yes,No,No,Yes,Male,No,22,No,6,5,12.6,6,6,11.714285714285714,0.833,1.0,12.16,12.4,0.5,1.79,Graduate
700,Single,Change of course,Informatics Engineering,Daytime,Secondary Education,146.5,No,No,No,Yes,Male,No,39,No,5,3,17.333333333333332,5,1,17.0,0.6,0.2,17.17,13.9,-0.3,0.79,Dropout
701,Single,Technological specialization diploma holders,Veterinary Nursing,Daytime,Technological Specialization Course,130.0,No,No,No,No,Male,No,20,No,6,5,13.2,6,3,12.0,0.833,0.5,12.6,12.4,0.5,1.79,Enrolled
702,Married,Over 23 years old,Management,Daytime,Basic Education 3rd Cycle,128.0,No,No,No,Yes,Male,No,49,No,5,3,14.0,5,3,13.666666666666666,0.6,0.6,13.83,8.9,1.4,3.51,Dropout
703,Single,Holders of other higher courses,Oral Hygiene,Daytime,Higher Education - Master's,190.0,Yes,No,No,Yes,Male,No,43,No,4,4,13.875,1,1,12.5,1.0,1.0,13.19,11.1,0.6,2.02,Dropout
704,Married,Over 23 years old,Management (evening attendance),Evening,Secondary Education,133.2,Yes,No,No,Yes,Male,No,32,No,5,0,0.0,5,0,0.0,0.0,0.0,0.0,7.6,2.6,0.32,Dropout
705,Single,Over 23 years old,Social Service,Daytime,Other - 11th Year,124.3,No,No,No,Yes,Male,No,47,No,9,9,13.11111111111111,7,7,14.857142857142858,1.0,1.0,13.98,10.8,1.4,1.74,Graduate
706,Facto Union,Over 23 years old,Management (evening attendance),Evening,Secondary Education,138.1,No,No,No,Yes,Male,Yes,37,No,5,5,13.0,5,4,13.333333333333334,1.0,0.8,13.17,16.2,0.3,-0.92,Dropout
707,Married,Over 23 years old,Social Service (evening attendance),Evening,Secondary Education,144.3,No,No,No,Yes,Male,No,41,No,10,10,12.5,7,7,12.142857142857142,1.0,1.0,12.32,10.8,1.4,1.74,Graduate
708,Married,Over 23 years old,Agronomy,Daytime,Secondary Education,140.0,No,No,No,Yes,Male,No,60,No,18,18,14.11111111111111,13,13,14.23076923076923,1.0,1.0,14.17,15.5,2.8,-4.06,Graduate
709,Married,Over 23 years old,Tourism,Daytime,Secondary Education,148.3,No,No,No,Yes,Male,No,47,No,11,11,14.727272727272728,9,9,15.77777777777778,1.0,1.0,15.25,10.8,1.4,1.74,Graduate
710,Single,Over 23 years old,Social Service (evening attendance),Evening,Secondary Education,96.0,No,No,Yes,No,Male,No,50,No,6,0,0.0,5,0,0.0,0.0,0.0,0.0,12.4,0.5,1.79,Dropout
711,Married,Over 23 years old,Management (evening attendance),Evening,Basic Education 3rd Cycle,121.7,Yes,No,No,Yes,Male,No,45,No,5,0,0.0,5,0,0.0,0.0,0.0,0.0,7.6,2.6,0.32,Dropout
712,Single,Over 23 years old,Informatics Engineering,Daytime,Secondary Education,160.0,No,No,Yes,No,Male,No,45,No,5,0,0.0,5,0,0.0,0.0,0.0,0.0,15.5,2.8,-4.06,Dropout
713,Married,Over 23 years old,Veterinary Nursing,Daytime,Secondary Education,110.3,No,No,No,Yes,Male,No,33,No,5,4,13.5,5,5,11.6,0.8,1.0,12.55,7.6,2.6,0.32,Graduate
714,Single,1st phase - general contingent,Nursing,Daytime,Secondary Education,129.0,No,No,No,Yes,Male,No,18,No,8,7,13.105714285714283,8,7,13.105714285714283,0.875,0.875,13.11,10.8,1.4,1.74,Graduate
715,Married,Over 23 years old,Veterinary Nursing,Daytime,Secondary Education,150.0,No,No,No,Yes,Male,No,43,No,5,5,13.5,5,5,14.4,1.0,1.0,13.95,9.4,-0.8,-3.12,Graduate
716,Single,Change of course,Social Service (evening attendance),Evening,Secondary Education,100.0,No,No,No,Yes,Male,No,44,No,13,13,11.846153846153848,11,11,12.0,1.0,1.0,11.92,12.7,3.7,-1.7,Graduate
717,Single,Over 23 years old,Equinculture,Daytime,12th Year - Not Completed,107.5,No,No,No,Yes,Male,No,29,No,5,0,0.0,5,0,0.0,0.0,0.0,0.0,7.6,2.6,0.32,Dropout
718,Divorced,Over 23 years old,Advertising and Marketing Management,Daytime,Secondary Education,170.0,No,No,Yes,No,Male,No,53,No,6,3,14.333333333333334,6,0,0.0,0.5,0.0,7.17,12.7,3.7,-1.7,Dropout
719,Married,Transfer,Management (evening attendance),Evening,Frequency of Higher Education,123.0,No,No,No,Yes,Male,No,37,No,5,5,15.8,5,5,17.6,1.0,1.0,16.7,9.4,-0.8,-3.12,Enrolled
720,Single,Change of course,Advertising and Marketing Management,Daytime,Secondary Education,138.5,Yes,No,No,Yes,Male,No,18,No,6,5,13.8,6,5,12.4,0.833,0.833,13.1,13.9,-0.3,0.79,Enrolled
721,Single,Change of course,Biofuel Production Technologies,Daytime,Basic Education 3rd Cycle,140.0,No,No,Yes,Yes,Male,No,35,No,10,6,12.666666666666666,9,3,12.0,0.6,0.333,12.33,16.2,0.3,-0.92,Dropout
722,Single,1st phase - general contingent,Tourism,Daytime,Secondary Education,113.6,No,No,No,Yes,Male,No,23,No,6,6,13.0,6,6,12.0,1.0,1.0,12.5,11.1,0.6,2.02,Enrolled
723,Single,1st phase - general contingent,Animation and Multimedia Design,Daytime,Secondary Education,170.0,Yes,No,No,Yes,Male,No,22,No,0,0,0.0,0,0,0.0,0,0,0.0,7.6,2.6,0.32,Graduate
724,Single,Over 23 years old,Social Service (evening attendance),Evening,Secondary Education,115.5,No,No,No,No,Male,No,33,No,6,1,11.0,6,0,0.0,0.167,0.0,5.5,10.8,1.4,1.74,Dropout
725,Single,Holders of other higher courses,Equinculture,Daytime,Higher Education - Degree,130.0,No,No,No,No,Male,No,41,No,5,0,0.0,5,0,0.0,0.0,0.0,0.0,10.8,1.4,1.74,Dropout
726,Divorced,Holders of other higher courses,Nursing,Daytime,Higher Education - Degree,140.0,No,No,No,Yes,Male,No,51,No,7,7,15.2,8,8,16.575,1.0,1.0,15.89,13.9,-0.3,0.79,Graduate
727,Single,Change of institution/course,Advertising and Marketing Management,Daytime,Secondary Education,126.6,No,No,No,Yes,Male,No,19,No,6,6,14.428571428571429,7,7,14.375,1.0,1.0,14.4,11.1,0.6,2.02,Graduate
728,Single,Over 23 years old,Management (evening attendance),Evening,Secondary Education,143.2,No,No,No,Yes,Male,No,35,No,5,0,0.0,5,0,0.0,0.0,0.0,0.0,11.1,0.6,2.02,Dropout
729,Single,1st phase - general contingent,Animation and Multimedia Design,Daytime,Secondary Education,131.4,Yes,No,No,Yes,Male,No,20,Yes,0,0,0.0,0,0,0.0,0,0,0.0,7.6,2.6,0.32,Graduate
730,Single,Change of course,Advertising and Marketing Management,Daytime,Secondary Education,133.3,Yes,No,No,Yes,Male,No,18,No,6,4,13.75,6,5,11.2,0.667,0.833,12.48,13.9,-0.3,0.79,Enrolled
731,Single,1st phase - general contingent,Journalism and Communication,Daytime,Secondary Education,118.3,No,No,Yes,No,Male,Yes,18,No,6,5,12.166666666666666,6,3,12.0,0.833,0.5,12.08,13.9,-0.3,0.79,Dropout
732,Single,Technological specialization diploma holders,Agronomy,Daytime,Technological Specialization Course,140.0,No,No,No,Yes,Male,No,21,No,6,5,12.142857142857142,6,5,11.666666666666666,0.833,0.833,11.9,13.9,-0.3,0.79,Graduate
733,Single,1st phase - general contingent,Tourism,Daytime,Secondary Education,124.7,Yes,No,No,Yes,Male,No,21,No,6,6,12.0,6,5,11.6,1.0,0.833,11.8,13.9,-0.3,0.79,Graduate
734,Married,Over 23 years old,Management,Daytime,Secondary Education,140.0,No,No,No,Yes,Male,No,34,No,5,3,11.666666666666666,5,4,12.75,0.6,0.8,12.21,9.4,-0.8,-3.12,Graduate
735,Divorced,Over 23 years old,Equinculture,Daytime,Secondary Education,150.0,Yes,No,No,Yes,Male,No,34,No,6,0,0.0,6,0,0.0,0.0,0.0,0.0,16.2,0.3,-0.92,Dropout
736,Single,2nd phase - general contingent,Advertising and Marketing Management,Daytime,Secondary Education,115.6,Yes,No,No,Yes,Male,No,21,No,6,6,11.875,6,5,12.0,1.0,0.833,11.94,11.1,0.6,2.02,Graduate
737,Single,Change of course,Journalism and Communication,Daytime,Secondary Education,116.9,No,No,No,Yes,Male,No,32,No,11,7,11.285714285714286,7,6,12.333333333333334,0.636,0.857,11.81,13.9,-0.3,0.79,Enrolled
738,Single,2nd phase - general contingent,Tourism,Daytime,Secondary Education,123.4,Yes,No,No,Yes,Male,No,30,No,6,2,10.0,6,3,11.333333333333334,0.333,0.5,10.67,7.6,2.6,0.32,Dropout
739,Single,1st phase - general contingent,Animation and Multimedia Design,Daytime,Secondary Education,146.5,Yes,No,Yes,Yes,Male,No,19,No,12,11,12.0,11,10,11.181818181818182,0.917,0.909,11.59,8.9,1.4,3.51,Enrolled
740,Single,Change of institution/course,Journalism and Communication,Daytime,Secondary Education,117.1,Yes,No,No,Yes,Male,No,20,No,7,6,13.833333333333334,6,5,13.0,0.857,0.833,13.42,8.9,1.4,3.51,Dropout
741,Single,1st phase - general contingent,Communication Design,Daytime,Secondary Education,113.9,Yes,No,No,Yes,Male,No,18,No,6,0,0.0,6,0,0.0,0.0,0.0,0.0,12.4,0.5,1.79,Dropout
742,Single,1st phase - general contingent,Tourism,Daytime,Secondary Education,128.7,No,No,No,Yes,Male,No,19,No,6,6,14.428571428571429,6,6,12.5,1.0,1.0,13.46,8.9,1.4,3.51,Graduate
743,Single,2nd phase - general contingent,Nursing,Daytime,Secondary Education,132.9,Yes,No,No,Yes,Male,No,18,No,7,5,14.2,7,6,12.4,0.714,0.857,13.3,12.4,0.5,1.79,Dropout
744,Single,Over 23 years old,Management (evening attendance),Evening,Secondary Education,123.0,No,No,No,Yes,Male,No,27,No,5,4,11.5,5,3,10.333333333333334,0.8,0.6,10.92,12.7,3.7,-1.7,Dropout
745,Single,Over 23 years old,Journalism and Communication,Daytime,Other - 11th Year,129.8,Yes,No,No,Yes,Male,No,52,No,6,5,13.0,6,6,15.0,0.833,1.0,14.0,9.4,-0.8,-3.12,Graduate
746,Married,Change of course,Agronomy,Daytime,Secondary Education,156.1,Yes,No,No,No,Male,No,29,No,6,0,0.0,6,0,0.0,0.0,0.0,0.0,15.5,2.8,-4.06,Dropout
747,Single,Change of institution/course,Agronomy,Daytime,Technological Specialization Course,120.0,Yes,No,Yes,No,Male,No,22,No,6,3,11.333333333333334,6,2,11.0,0.5,0.333,11.17,8.9,1.4,3.51,Dropout
748,Single,Change of course,Veterinary Nursing,Daytime,Secondary Education,117.2,Yes,No,No,Yes,Male,No,28,Yes,18,18,12.5,13,12,11.428571428571429,1.0,0.923,11.96,15.5,2.8,-4.06,Graduate
749,Single,Over 23 years old,Advertising and Marketing Management,Daytime,Frequency of Higher Education,107.0,Yes,No,No,Yes,Male,No,30,No,5,0,0.0,5,0,0.0,0.0,0.0,0.0,7.6,2.6,0.32,Dropout
750,Single,1st phase - general contingent,Nursing,Daytime,Secondary Education,128.4,Yes,No,No,Yes,Female,No,18,No,7,7,13.471428571428572,8,8,13.944444444444445,1.0,1.0,13.71,16.2,0.3,-0.92,Graduate
751,Single,1st phase - general contingent,Advertising and Marketing Management,Daytime,Secondary Education,123.4,Yes,No,No,Yes,Female,No,21,No,5,4,11.75,5,3,13.333333333333334,0.8,0.6,12.54,9.4,-0.8,-3.12,Graduate
752,Single,1st phase - general contingent,Communication Design,Daytime,Secondary Education,126.7,Yes,No,Yes,Yes,Female,Yes,20,No,6,6,13.333333333333334,6,6,14.666666666666666,1.0,1.0,14.0,12.7,3.7,-1.7,Graduate
753,Single,Transfer,Nursing,Daytime,Secondary Education,123.0,Yes,No,No,Yes,Female,Yes,21,No,8,8,13.105,8,8,13.105,1.0,1.0,13.1,9.4,-0.8,-3.12,Graduate
754,Married,Over 23 years old,Management (evening attendance),Evening,Basic Education 3rd Cycle,137.2,No,No,Yes,No,Female,No,32,No,5,0,0.0,5,0,0.0,0.0,0.0,0.0,10.8,1.4,1.74,Dropout
755,Single,1st phase - general contingent,Communication Design,Daytime,Secondary Education,125.9,Yes,No,No,Yes,Male,Yes,20,No,6,6,15.5,6,6,12.166666666666666,1.0,1.0,13.83,12.4,0.5,1.79,Graduate
756,Single,1st phase - general contingent,Animation and Multimedia Design,Daytime,Secondary Education,138.0,Yes,No,Yes,No,Male,No,19,No,0,0,0.0,0,0,0.0,0,0,0.0,15.5,2.8,-4.06,Dropout
757,Single,International student (bachelor),Advertising and Marketing Management,Daytime,Secondary Education,128.2,No,No,Yes,No,Male,No,18,Yes,6,4,11.25,6,3,12.333333333333334,0.667,0.5,11.79,8.9,1.4,3.51,Dropout
758,Single,Change of course,Management (evening attendance),Evening,Secondary Education,126.5,Yes,No,No,No,Male,No,23,No,15,12,11.0,14,11,11.363636363636363,0.8,0.786,11.18,7.6,2.6,0.32,Dropout
759,Single,1st phase - general contingent,Tourism,Daytime,Secondary Education,112.4,Yes,No,No,Yes,Male,No,20,No,6,6,12.333333333333334,6,4,13.0,1.0,0.667,12.67,12.4,0.5,1.79,Graduate
760,Married,Change of course,Management,Daytime,Secondary Education,109.0,Yes,No,No,Yes,Female,No,46,No,9,8,11.375,5,5,11.8,0.889,1.0,11.59,9.4,-0.8,-3.12,Graduate
761,Single,2nd phase - general contingent,Agronomy,Daytime,Secondary Education,100.0,No,No,No,Yes,Male,No,27,No,18,18,12.22222222222222,12,12,12.384615384615383,1.0,1.0,12.3,15.5,2.8,-4.06,Graduate
762,Single,1st phase - special contingent (Azores Island),Animation and Multimedia Design,Daytime,Secondary Education,144.7,Yes,No,No,Yes,Male,No,20,No,0,0,0.0,0,0,0.0,0,0,0.0,16.2,0.3,-0.92,Enrolled
763,Married,Change of course,Social Service (evening attendance),Evening,Basic Education 3rd Cycle,120.0,Yes,No,No,Yes,Male,No,41,No,9,9,12.0,7,6,12.0,1.0,0.857,12.0,9.4,-0.8,-3.12,Graduate
764,Single,International student (bachelor),Management,Daytime,Secondary Education,100.0,No,No,Yes,Yes,Male,No,40,Yes,5,1,11.0,5,1,10.0,0.2,0.2,10.5,11.1,0.6,2.02,Enrolled
765,Married,Technological specialization diploma holders,Social Service (evening attendance),Evening,Technological Specialization Course,154.0,No,No,No,Yes,Male,No,37,No,16,16,14.125,11,10,13.0,1.0,0.909,13.56,12.4,0.5,1.79,Graduate
766,Single,1st phase - general contingent,Management,Daytime,Secondary Education,111.3,No,No,No,Yes,Male,No,20,No,5,5,10.2,5,5,11.2,1.0,1.0,10.7,12.4,0.5,1.79,Enrolled
767,Single,Technological specialization diploma holders,Equinculture,Daytime,Technological Specialization Course,150.0,Yes,No,No,Yes,Female,No,20,No,5,4,12.0,5,4,12.4,0.8,0.8,12.2,10.8,1.4,1.74,Enrolled
768,Single,Holders of other higher courses,Management (evening attendance),Evening,Higher Education - Degree (1st cycle),100.0,No,No,No,Yes,Female,No,26,No,9,9,12.333333333333334,7,7,12.571428571428571,1.0,1.0,12.45,12.4,0.5,1.79,Graduate
769,Married,Over 23 years old,Social Service (evening attendance),Evening,Secondary Education,162.5,No,No,No,Yes,Male,No,54,No,9,9,14.333333333333334,7,7,13.857142857142858,1.0,1.0,14.1,8.9,1.4,3.51,Graduate
770,Single,2nd phase - general contingent,Advertising and Marketing Management,Daytime,Secondary Education,134.1,Yes,No,No,Yes,Male,No,21,No,6,6,15.166666666666666,6,6,14.0,1.0,1.0,14.58,10.8,1.4,1.74,Graduate
771,Single,1st phase - general contingent,Veterinary Nursing,Daytime,Secondary Education,133.0,Yes,No,No,Yes,Female,Yes,20,No,6,6,15.142857142857142,6,6,15.142857142857142,1.0,1.0,15.14,11.1,0.6,2.02,Graduate
772,Single,2nd phase - general contingent,Journalism and Communication,Daytime,Secondary Education,119.0,Yes,No,No,Yes,Female,No,18,No,6,0,0.0,6,0,0.0,0.0,0.0,0.0,12.4,0.5,1.79,Dropout
773,Single,1st phase - general contingent,Nursing,Daytime,Secondary Education,131.1,Yes,No,No,Yes,Female,No,19,No,7,6,13.411428571428573,8,7,13.294444444444444,0.857,0.875,13.35,15.5,2.8,-4.06,Enrolled
774,Single,1st phase - general contingent,Social Service,Daytime,Secondary Education,129.4,Yes,No,No,Yes,Female,No,18,No,6,6,12.333333333333334,6,6,12.166666666666666,1.0,1.0,12.25,9.4,-0.8,-3.12,Graduate
775,Single,1st phase - general contingent,Veterinary Nursing,Daytime,Secondary Education,123.9,Yes,No,No,Yes,Female,No,19,No,6,4,11.8,6,4,12.2,0.667,0.667,12.0,12.4,0.5,1.79,Enrolled
776,Single,Technological specialization diploma holders,Veterinary Nursing,Daytime,Technological Specialization Course,140.0,Yes,No,Yes,Yes,Female,No,22,No,6,6,12.0,6,3,12.0,1.0,0.5,12.0,13.9,-0.3,0.79,Dropout
777,Single,Change of course,Veterinary Nursing,Daytime,Secondary Education,162.0,No,No,No,Yes,Female,No,19,No,6,6,15.0,6,6,15.625,1.0,1.0,15.31,12.4,0.5,1.79,Graduate
778,Single,1st phase - general contingent,Animation and Multimedia Design,Daytime,Secondary Education,131.6,Yes,No,No,Yes,Female,No,21,No,12,8,13.875,11,9,12.7,0.667,0.818,13.29,8.9,1.4,3.51,Dropout
779,Single,2nd phase - general contingent,Basic Education,Daytime,Secondary Education,110.6,No,No,No,Yes,Female,No,20,No,7,6,11.833333333333334,7,6,14.333333333333334,0.857,0.857,13.08,11.1,0.6,2.02,Enrolled
780,Single,2nd phase - general contingent,Journalism and Communication,Daytime,Secondary Education,117.4,Yes,No,No,Yes,Female,Yes,18,No,6,6,12.5,6,6,13.833333333333334,1.0,1.0,13.17,16.2,0.3,-0.92,Graduate
781,Single,2nd phase - general contingent,Journalism and Communication,Daytime,Secondary Education,137.8,Yes,No,No,Yes,Female,Yes,18,No,6,6,15.0,6,6,15.5,1.0,1.0,15.25,8.9,1.4,3.51,Graduate
782,Single,2nd phase - general contingent,Advertising and Marketing Management,Daytime,Secondary Education,106.7,Yes,No,Yes,Yes,Female,No,20,No,6,2,11.666666666666666,6,4,10.5,0.333,0.667,11.08,15.5,2.8,-4.06,Dropout
783,Single,1st phase - general contingent,Nursing,Daytime,Secondary Education,156.9,No,No,No,Yes,Female,Yes,18,No,7,7,14.668,8,8,14.63375,1.0,1.0,14.65,15.5,2.8,-4.06,Graduate
784,Single,1st phase - general contingent,Nursing,Daytime,Secondary Education,129.0,Yes,No,No,Yes,Female,No,18,No,8,6,13.345,8,6,13.345,0.75,0.75,13.34,9.4,-0.8,-3.12,Enrolled
785,Single,1st phase - general contingent,Journalism and Communication,Daytime,Secondary Education,124.8,Yes,No,No,Yes,Female,Yes,20,No,6,5,12.8,6,6,12.333333333333334,0.833,1.0,12.57,12.4,0.5,1.79,Graduate
786,Single,1st phase - general contingent,Social Service,Daytime,Secondary Education,115.1,Yes,No,No,Yes,Female,No,19,No,6,6,10.833333333333334,6,6,12.142857142857142,1.0,1.0,11.49,11.1,0.6,2.02,Graduate
787,Single,1st phase - general contingent,Communication Design,Daytime,Secondary Education,146.7,Yes,No,No,Yes,Female,No,18,No,6,6,13.666666666666666,6,5,14.0,1.0,0.833,13.83,12.7,3.7,-1.7,Graduate
788,Single,1st phase - general contingent,Nursing,Daytime,Secondary Education,132.8,No,No,No,Yes,Female,No,18,No,8,7,14.537142857142856,8,7,14.537142857142856,0.875,0.875,14.54,10.8,1.4,1.74,Graduate
789,Single,1st phase - special contingent (Azores Island),Veterinary Nursing,Daytime,Secondary Education,159.1,No,No,Yes,Yes,Female,Yes,18,No,5,5,14.4,5,5,14.0,1.0,1.0,14.2,7.6,2.6,0.32,Dropout
790,Single,2nd phase - general contingent,Animation and Multimedia Design,Daytime,Secondary Education,137.6,Yes,No,No,Yes,Female,Yes,20,No,0,0,0.0,0,0,0.0,0,0,0.0,12.7,3.7,-1.7,Graduate
791,Single,2nd phase - general contingent,Journalism and Communication,Daytime,Secondary Education,124.0,No,No,No,Yes,Female,Yes,19,No,6,6,13.166666666666666,6,6,13.833333333333334,1.0,1.0,13.5,11.1,0.6,2.02,Graduate
792,Single,Over 23 years old,Nursing,Daytime,Secondary Education,149.0,No,No,No,No,Male,No,36,No,6,2,11.5,7,0,0.0,0.333,0.0,5.75,15.5,2.8,-4.06,Dropout
793,Single,2nd phase - general contingent,Social Service,Daytime,Secondary Education,129.6,No,No,No,Yes,Female,Yes,19,No,6,6,11.333333333333334,6,6,12.428571428571429,1.0,1.0,11.88,11.1,0.6,2.02,Graduate
794,Single,2nd phase - general contingent,Social Service,Daytime,Secondary Education,110.0,Yes,No,No,Yes,Female,No,18,No,6,6,12.0,6,5,13.6,1.0,0.833,12.8,8.9,1.4,3.51,Graduate
795,Single,1st phase - general contingent,Journalism and Communication,Daytime,Secondary Education,116.1,No,No,No,Yes,Female,Yes,18,No,6,6,13.166666666666666,6,6,12.166666666666666,1.0,1.0,12.67,12.4,0.5,1.79,Graduate
796,Single,1st phase - general contingent,Journalism and Communication,Daytime,Secondary Education,133.3,Yes,No,No,Yes,Female,Yes,18,No,6,6,14.833333333333334,6,6,14.166666666666666,1.0,1.0,14.5,8.9,1.4,3.51,Graduate
797,Single,Technological specialization diploma holders,Communication Design,Daytime,Secondary Education,144.3,Yes,No,No,Yes,Female,No,19,No,7,7,13.0,9,9,13.22222222222222,1.0,1.0,13.11,12.4,0.5,1.79,Graduate
798,Single,3rd phase - general contingent,Nursing,Daytime,Secondary Education,133.6,Yes,No,No,Yes,Female,No,18,No,7,7,13.087142857142856,8,8,12.95,1.0,1.0,13.02,11.1,0.6,2.02,Graduate
799,Single,1st phase - general contingent,Equinculture,Daytime,Secondary Education,123.2,Yes,No,No,Yes,Female,Yes,19,No,6,6,13.333333333333334,6,6,13.666666666666666,1.0,1.0,13.5,8.9,1.4,3.51,Graduate
800,Single,1st phase - general contingent,Basic Education,Daytime,Secondary Education,137.2,Yes,No,No,Yes,Female,No,18,No,6,6,12.166666666666666,6,4,12.75,1.0,0.667,12.46,10.8,1.4,1.74,Enrolled
801,Single,Short cycle diploma holders,Communication Design,Daytime,Professional Higher Technical Course,130.0,Yes,No,No,No,Female,Yes,22,No,6,6,11.0,6,4,12.0,1.0,0.667,11.5,8.9,1.4,3.51,Enrolled
802,Single,1st phase - general contingent,Social Service,Daytime,Secondary Education,110.0,Yes,No,Yes,No,Female,No,18,No,6,0,0.0,6,0,0.0,0.0,0.0,0.0,11.1,0.6,2.02,Dropout
803,Single,2nd phase - general contingent,Management,Daytime,Secondary Education,118.0,Yes,No,No,Yes,Female,No,19,No,5,5,13.6,5,5,12.2,1.0,1.0,12.9,8.9,1.4,3.51,Graduate
804,Single,1st phase - general contingent,Journalism and Communication,Daytime,Secondary Education,128.4,Yes,No,No,Yes,Female,No,18,No,6,6,15.5,6,6,14.0,1.0,1.0,14.75,11.1,0.6,2.02,Graduate
805,Single,1st phase - general contingent,Basic Education,Daytime,Secondary Education,113.6,No,No,No,Yes,Female,No,19,No,7,7,13.857142857142858,7,7,14.285714285714286,1.0,1.0,14.07,11.1,0.6,2.02,Graduate
806,Single,2nd phase - general contingent,Management,Daytime,Secondary Education,113.5,Yes,No,Yes,Yes,Female,No,20,No,5,2,11.5,5,3,10.0,0.4,0.6,10.75,11.1,0.6,2.02,Enrolled
807,Single,2nd phase - general contingent,Communication Design,Daytime,Secondary Education,146.9,Yes,No,No,Yes,Female,Yes,18,No,6,6,13.0,6,6,12.166666666666666,1.0,1.0,12.58,16.2,0.3,-0.92,Graduate
808,Single,1st phase - general contingent,Equinculture,Daytime,Secondary Education,141.3,No,No,Yes,No,Female,No,23,No,6,6,14.0,6,4,13.0,1.0,0.667,13.5,11.1,0.6,2.02,Enrolled
809,Single,1st phase - general contingent,Journalism and Communication,Daytime,Secondary Education,129.7,Yes,No,No,Yes,Female,No,20,No,4,0,0.0,6,0,0.0,0.0,0.0,0.0,8.9,1.4,3.51,Dropout
810,Single,1st phase - general contingent,Communication Design,Daytime,Secondary Education,121.3,Yes,No,No,Yes,Female,No,20,No,6,6,11.166666666666666,6,6,11.5,1.0,1.0,11.33,12.4,0.5,1.79,Enrolled
811,Single,1st phase - general contingent,Social Service,Daytime,Secondary Education,109.1,Yes,No,Yes,No,Female,Yes,22,No,6,0,0.0,6,0,0.0,0.0,0.0,0.0,12.4,0.5,1.79,Dropout
812,Single,2nd phase - general contingent,Basic Education,Daytime,Secondary Education,107.1,Yes,No,No,Yes,Female,Yes,18,No,7,7,12.142857142857142,7,6,13.666666666666666,1.0,0.857,12.9,11.1,0.6,2.02,Graduate
813,Single,2nd phase - general contingent,Nursing,Daytime,Secondary Education,129.2,No,No,No,Yes,Female,Yes,18,No,7,7,14.145714285714286,8,8,13.627777777777778,1.0,1.0,13.89,11.1,0.6,2.02,Graduate
814,Single,1st phase - general contingent,Nursing,Daytime,Secondary Education,154.1,No,No,No,Yes,Female,No,18,No,7,7,14.45,8,8,14.144444444444444,1.0,1.0,14.3,11.1,0.6,2.02,Graduate
815,Single,1st phase - general contingent,Basic Education,Daytime,Secondary Education,147.2,No,No,No,Yes,Female,No,18,No,7,7,15.714285714285714,7,7,15.0,1.0,1.0,15.36,11.1,0.6,2.02,Graduate
816,Single,Change of institution/course,Management,Daytime,Secondary Education,120.0,No,No,No,Yes,Female,No,21,No,5,5,12.8,5,3,12.666666666666666,1.0,0.6,12.73,11.1,0.6,2.02,Enrolled
817,Single,2nd phase - general contingent,Communication Design,Daytime,Secondary Education,130.8,No,No,No,Yes,Female,No,20,No,6,6,12.5,6,6,11.5,1.0,1.0,12.0,10.8,1.4,1.74,Enrolled
818,Single,1st phase - special contingent (Madeira Island),Communication Design,Daytime,Secondary Education,120.8,Yes,No,No,Yes,Female,No,18,No,6,6,14.5,6,6,12.833333333333334,1.0,1.0,13.67,12.4,0.5,1.79,Graduate
819,Single,2nd phase - general contingent,Nursing,Daytime,Secondary Education,125.4,Yes,No,No,No,Female,Yes,20,No,7,7,13.462857142857144,8,7,13.164285714285716,1.0,0.875,13.31,11.1,0.6,2.02,Enrolled
820,Single,1st phase - general contingent,Social Service (evening attendance),Evening,Secondary Education,121.3,Yes,No,No,Yes,Female,No,25,No,6,6,12.833333333333334,6,6,12.833333333333334,1.0,1.0,12.83,7.6,2.6,0.32,Graduate
821,Single,1st phase - general contingent,Management,Daytime,Secondary Education,127.0,Yes,No,No,Yes,Female,Yes,18,No,5,5,12.0,5,4,11.6,1.0,0.8,11.8,13.9,-0.3,0.79,Graduate
822,Single,1st phase - general contingent,Animation and Multimedia Design,Daytime,Secondary Education,151.6,Yes,No,No,Yes,Female,No,19,No,0,0,0.0,0,0,0.0,0,0,0.0,13.9,-0.3,0.79,Graduate
823,Single,1st phase - general contingent,Veterinary Nursing,Daytime,Secondary Education,131.6,Yes,No,No,Yes,Female,No,20,Yes,7,6,14.714285714285714,7,6,13.2,0.857,0.857,13.96,12.4,0.5,1.79,Enrolled
824,Single,1st phase - general contingent,Social Service,Daytime,Secondary Education,106.0,Yes,No,No,Yes,Female,Yes,20,No,6,6,12.571428571428571,6,6,13.285714285714286,1.0,1.0,12.93,12.4,0.5,1.79,Graduate
825,Single,3rd phase - general contingent,Journalism and Communication,Daytime,Secondary Education,111.6,Yes,No,No,Yes,Female,Yes,21,No,6,6,12.5,6,6,11.5,1.0,1.0,12.0,11.1,0.6,2.02,Graduate
826,Single,2nd phase - general contingent,Advertising and Marketing Management,Daytime,Secondary Education,117.3,Yes,No,No,Yes,Female,No,18,No,6,6,14.0,6,5,14.0,1.0,0.833,14.0,8.9,1.4,3.51,Graduate
827,Single,2nd phase - general contingent,Basic Education,Daytime,Secondary Education,121.4,Yes,No,No,Yes,Female,No,18,No,7,7,11.571428571428571,7,6,13.166666666666666,1.0,0.857,12.37,11.1,0.6,2.02,Dropout
828,Single,1st phase - general contingent,Communication Design,Daytime,Secondary Education,126.1,Yes,No,No,Yes,Female,Yes,18,No,6,6,15.833333333333334,6,6,15.333333333333334,1.0,1.0,15.58,11.1,0.6,2.02,Graduate
829,Single,1st phase - general contingent,Nursing,Daytime,Secondary Education,137.0,Yes,No,No,Yes,Female,No,18,No,8,8,14.25,8,8,14.25,1.0,1.0,14.25,9.4,-0.8,-3.12,Graduate
830,Single,Change of course,Advertising and Marketing Management,Daytime,Secondary Education,120.8,No,No,No,Yes,Female,No,19,No,6,0,0.0,6,0,0.0,0.0,0.0,0.0,15.5,2.8,-4.06,Dropout
831,Single,2nd phase - general contingent,Tourism,Daytime,Secondary Education,128.7,Yes,No,No,Yes,Female,No,20,No,6,6,11.666666666666666,6,6,11.0,1.0,1.0,11.33,13.9,-0.3,0.79,Dropout
832,Single,Over 23 years old,Social Service,Daytime,12th Year - Not Completed,118.0,No,No,No,Yes,Female,No,47,No,6,0,0.0,5,0,0.0,0.0,0.0,0.0,7.6,2.6,0.32,Dropout
833,Single,Change of course,Equinculture,Daytime,Secondary Education,120.0,No,No,Yes,Yes,Female,No,21,Yes,5,5,13.2,5,2,12.5,1.0,0.4,12.85,10.8,1.4,1.74,Enrolled
834,Married,Over 23 years old,Equinculture,Daytime,Secondary Education,160.0,No,No,No,Yes,Male,No,31,No,6,2,12.0,6,1,10.0,0.333,0.167,11.0,16.2,0.3,-0.92,Dropout
835,Married,Over 23 years old,Informatics Engineering,Daytime,Secondary Education,150.0,Yes,No,No,Yes,Male,No,46,No,5,0,0.0,5,0,0.0,0.0,0.0,0.0,7.6,2.6,0.32,Dropout
836,Single,1st phase - general contingent,Informatics Engineering,Daytime,Secondary Education,121.8,Yes,No,No,Yes,Male,No,18,No,5,4,12.0,5,2,11.0,0.8,0.4,11.5,8.9,1.4,3.51,Enrolled
837,Single,2nd phase - general contingent,Informatics Engineering,Daytime,Secondary Education,125.4,Yes,Yes,No,Yes,Male,No,19,No,5,3,13.333333333333334,5,4,10.75,0.6,0.8,12.04,8.9,1.4,3.51,Dropout
838,Single,Change of institution/course,Oral Hygiene,Daytime,Secondary Education,126.6,Yes,No,No,Yes,Male,No,23,No,7,5,12.414285714285713,7,2,13.5,0.714,0.286,12.96,8.9,1.4,3.51,Enrolled
839,Single,Technological specialization diploma holders,Equinculture,Daytime,Technological Specialization Course,150.0,No,No,No,No,Male,No,22,No,5,0,0.0,5,0,0.0,0.0,0.0,0.0,12.7,3.7,-1.7,Dropout
840,Single,1st phase - general contingent,Management,Daytime,Secondary Education,114.5,Yes,No,No,Yes,Male,No,19,No,5,5,13.8,5,5,12.4,1.0,1.0,13.1,9.4,-0.8,-3.12,Graduate
841,Single,1st phase - general contingent,Management,Daytime,Secondary Education,107.0,No,No,Yes,No,Female,No,19,Yes,5,0,0.0,5,0,0.0,0.0,0.0,0.0,8.9,1.4,3.51,Dropout
842,Single,2nd phase - general contingent,Management,Daytime,Secondary Education,115.7,No,No,No,No,Male,No,22,No,5,4,11.5,5,4,14.0,0.8,0.8,12.75,8.9,1.4,3.51,Enrolled
843,Single,Over 23 years old,Equinculture,Daytime,Secondary Education,120.0,No,No,Yes,No,Male,No,29,No,5,0,0.0,5,0,0.0,0.0,0.0,0.0,9.4,-0.8,-3.12,Dropout
844,Single,1st phase - general contingent,Nursing,Daytime,Secondary Education,134.8,Yes,No,No,Yes,Female,No,18,No,7,6,14.016666666666666,7,6,14.016666666666666,0.857,0.857,14.02,7.6,2.6,0.32,Graduate
845,Single,1st phase - general contingent,Social Service,Daytime,Secondary Education,133.6,Yes,No,No,Yes,Female,No,18,No,6,5,11.4,6,5,10.8,0.833,0.833,11.1,9.4,-0.8,-3.12,Graduate
846,Single,1st phase - general contingent,Animation and Multimedia Design,Daytime,Secondary Education,129.0,Yes,No,Yes,No,Female,Yes,23,No,0,0,0.0,0,0,0.0,0,0,0.0,9.4,-0.8,-3.12,Dropout
847,Married,Over 23 years old,Management (evening attendance),Evening,Secondary Education,128.4,No,No,No,Yes,Female,No,34,No,5,5,10.4,5,5,12.0,1.0,1.0,11.2,12.4,0.5,1.79,Graduate
848,Single,2nd phase - general contingent,Management,Daytime,Secondary Education,122.2,No,No,No,Yes,Female,No,19,No,5,3,10.666666666666666,5,4,10.25,0.6,0.8,10.46,11.1,0.6,2.02,Graduate
849,Single,1st phase - general contingent,Veterinary Nursing,Daytime,Secondary Education,113.3,Yes,No,No,Yes,Female,No,18,No,5,4,14.25,5,5,12.714285714285714,0.8,1.0,13.48,10.8,1.4,1.74,Enrolled
850,Single,2nd phase - general contingent,Nursing,Daytime,Secondary Education,129.9,No,No,No,Yes,Female,Yes,20,No,7,7,13.914285714285713,8,8,14.10625,1.0,1.0,14.01,11.1,0.6,2.02,Graduate
851,Single,1st phase - general contingent,Nursing,Daytime,Secondary Education,126.2,Yes,No,No,Yes,Female,No,19,No,7,7,13.761111111111113,8,7,12.82375,1.0,0.875,13.29,15.5,2.8,-4.06,Graduate
852,Single,1st phase - special contingent (Azores Island),Basic Education,Daytime,Secondary Education,112.6,Yes,No,No,Yes,Female,No,22,No,6,5,12.6,6,4,11.25,0.833,0.667,11.92,12.7,3.7,-1.7,Enrolled
853,Single,1st phase - general contingent,Social Service,Daytime,Secondary Education,149.0,Yes,No,No,Yes,Female,Yes,23,No,6,6,13.857142857142858,6,6,14.166666666666666,1.0,1.0,14.01,10.8,1.4,1.74,Graduate
854,Married,Over 23 years old,Nursing,Daytime,Secondary Education,120.0,No,No,No,Yes,Male,Yes,34,No,8,7,13.842857142857143,8,7,13.842857142857143,0.875,0.875,13.84,12.7,3.7,-1.7,Graduate
855,Single,2nd phase - general contingent,Informatics Engineering,Daytime,Secondary Education,120.4,Yes,No,Yes,No,Male,No,18,No,5,0,0.0,5,0,0.0,0.0,0.0,0.0,9.4,-0.8,-3.12,Enrolled
856,Single,1st phase - general contingent,Journalism and Communication,Daytime,Secondary Education,128.1,Yes,Yes,No,Yes,Male,No,21,No,6,5,11.8,6,0,0.0,0.833,0.0,5.9,16.2,0.3,-0.92,Dropout
857,Single,1st phase - general contingent,Social Service,Daytime,Secondary Education,141.7,Yes,No,No,Yes,Male,No,22,No,6,6,12.666666666666666,6,6,13.833333333333334,1.0,1.0,13.25,10.8,1.4,1.74,Dropout
858,Single,Over 23 years old,Agronomy,Daytime,Other - 11th Year,130.0,No,No,No,Yes,Male,No,28,No,6,0,0.0,6,0,0.0,0.0,0.0,0.0,11.1,0.6,2.02,Dropout
859,Single,1st phase - special contingent (Azores Island),Informatics Engineering,Daytime,Secondary Education,113.3,Yes,No,No,Yes,Male,No,23,No,5,0,0.0,5,0,0.0,0.0,0.0,0.0,7.6,2.6,0.32,Dropout
860,Single,1st phase - general contingent,Journalism and Communication,Daytime,Secondary Education,105.9,No,No,No,Yes,Male,No,20,No,6,4,10.75,6,2,10.0,0.667,0.333,10.38,7.6,2.6,0.32,Dropout
861,Single,3rd phase - general contingent,Informatics Engineering,Daytime,Secondary Education,122.7,Yes,No,No,Yes,Male,No,18,No,5,5,12.6,5,3,13.25,1.0,0.6,12.92,13.9,-0.3,0.79,Dropout
862,Single,Over 23 years old,Management,Daytime,Other - 11th Year,120.0,Yes,No,Yes,No,Male,No,28,No,5,0,0.0,5,0,0.0,0.0,0.0,0.0,9.4,-0.8,-3.12,Dropout
863,Single,Technological specialization diploma holders,Communication Design,Daytime,Technological Specialization Course,119.8,No,No,No,Yes,Male,No,21,No,7,2,12.0,9,7,12.142857142857142,0.286,0.778,12.07,12.4,0.5,1.79,Dropout
864,Single,Over 23 years old,Advertising and Marketing Management,Daytime,Secondary Education,122.9,No,No,Yes,No,Male,No,25,No,6,3,14.0,6,2,14.5,0.5,0.333,14.25,13.9,-0.3,0.79,Dropout
865,Single,Technological specialization diploma holders,Veterinary Nursing,Daytime,Technological Specialization Course,160.0,Yes,Yes,No,No,Male,No,19,No,6,6,14.0,6,6,13.5,1.0,1.0,13.75,12.4,0.5,1.79,Dropout
866,Single,1st phase - general contingent,Nursing,Daytime,Secondary Education,125.2,Yes,No,No,Yes,Male,Yes,18,No,7,7,14.682857142857143,8,8,15.055555555555555,1.0,1.0,14.87,12.4,0.5,1.79,Graduate
867,Single,Over 23 years old,Informatics Engineering,Daytime,Higher Education - Degree,143.4,No,No,No,Yes,Male,No,29,No,3,0,0.0,5,0,0.0,0.0,0.0,0.0,10.8,1.4,1.74,Dropout
868,Single,Over 23 years old,Informatics Engineering,Daytime,Basic Education 3rd Cycle,96.7,No,No,No,Yes,Male,Yes,29,No,5,0,0.0,5,0,0.0,0.0,0.0,0.0,12.4,0.5,1.79,Dropout
869,Single,3rd phase - general contingent,Tourism,Daytime,Secondary Education,126.9,No,No,No,Yes,Male,No,20,No,6,6,13.857142857142858,6,5,12.8,1.0,0.833,13.33,16.2,0.3,-0.92,Graduate
870,Single,1st phase - general contingent,Animation and Multimedia Design,Daytime,Secondary Education,143.1,No,No,No,Yes,Male,No,18,No,0,0,0.0,0,0,0.0,0,0,0.0,9.4,-0.8,-3.12,Graduate
871,Single,1st phase - general contingent,Tourism,Daytime,Secondary Education,114.5,No,No,No,Yes,Male,No,20,No,6,6,13.142857142857142,6,6,12.5,1.0,1.0,12.82,8.9,1.4,3.51,Graduate
872,Married,Over 23 years old,Informatics Engineering,Daytime,Secondary Education,140.0,Yes,No,No,Yes,Male,No,33,No,5,1,18.0,5,2,13.0,0.2,0.4,15.5,9.4,-0.8,-3.12,Dropout
873,Single,Transfer,Management (evening attendance),Evening,Secondary Education,113.7,No,No,No,Yes,Male,No,30,No,15,13,11.461538461538462,11,10,11.583333333333334,0.867,0.909,11.52,16.2,0.3,-0.92,Graduate
874,Single,1st phase - general contingent,Oral Hygiene,Daytime,Secondary Education,131.5,No,No,No,Yes,Male,Yes,21,No,7,5,11.2,8,6,11.583333333333334,0.714,0.75,11.39,16.2,0.3,-0.92,Enrolled
875,Single,1st phase - general contingent,Agronomy,Daytime,Secondary Education,143.5,No,No,Yes,Yes,Male,No,18,No,6,5,15.0,6,4,14.5,0.833,0.667,14.75,8.9,1.4,3.51,Graduate
876,Single,1st phase - general contingent,Nursing,Daytime,Secondary Education,126.8,No,No,No,Yes,Male,Yes,19,No,7,7,14.244444444444444,8,8,12.233333333333333,1.0,1.0,13.24,15.5,2.8,-4.06,Graduate
877,Single,2nd phase - general contingent,Communication Design,Daytime,Secondary Education,115.2,No,No,No,Yes,Male,Yes,21,No,6,4,11.5,6,5,11.0,0.667,0.833,11.25,15.5,2.8,-4.06,Dropout
878,Single,Over 23 years old,Oral Hygiene,Daytime,Secondary Education,100.0,No,No,No,Yes,Male,Yes,25,No,7,2,10.0,7,0,0.0,0.286,0.0,5.0,15.5,2.8,-4.06,Dropout
879,Single,1st phase - general contingent,Advertising and Marketing Management,Daytime,Secondary Education,121.4,No,No,No,Yes,Male,No,19,No,5,3,12.333333333333334,5,5,11.6,0.6,1.0,11.97,9.4,-0.8,-3.12,Graduate
880,Single,Technological specialization diploma holders,Communication Design,Daytime,Technological Specialization Course,120.0,Yes,No,No,Yes,Male,No,23,No,7,5,12.2,9,7,12.142857142857142,0.714,0.778,12.17,16.2,0.3,-0.92,Dropout
881,Single,2nd phase - general contingent,Communication Design,Daytime,Secondary Education,129.9,Yes,No,No,Yes,Male,Yes,19,No,6,6,13.666666666666666,6,5,13.2,1.0,0.833,13.43,12.4,0.5,1.79,Graduate
882,Single,1st phase - general contingent,Animation and Multimedia Design,Daytime,Secondary Education,151.1,Yes,No,No,Yes,Male,No,19,No,0,0,0.0,0,0,0.0,0,0,0.0,9.4,-0.8,-3.12,Graduate
883,Single,Over 23 years old,Agronomy,Daytime,Secondary Education,120.0,No,No,Yes,No,Male,No,31,No,6,1,11.0,6,0,0.0,0.167,0.0,5.5,16.2,0.3,-0.92,Dropout
884,Single,Over 23 years old,Agronomy,Daytime,Secondary Education,130.0,No,No,Yes,No,Male,No,32,No,6,3,13.0,10,6,11.428571428571429,0.5,0.6,12.21,16.2,0.3,-0.92,Dropout
885,Single,1st phase - special contingent (Madeira Island),Nursing,Daytime,Secondary Education,119.0,Yes,No,No,Yes,Female,Yes,19,No,8,7,12.599999999999998,8,7,12.599999999999998,0.875,0.875,12.6,10.8,1.4,1.74,Graduate
886,Single,Transfer,Journalism and Communication,Daytime,Frequency of Higher Education,122.0,Yes,No,No,Yes,Female,No,34,No,10,10,12.2,10,9,12.333333333333334,1.0,0.9,12.27,7.6,2.6,0.32,Graduate
887,Single,1st phase - special contingent (Madeira Island),Journalism and Communication,Daytime,Secondary Education,129.7,Yes,No,No,Yes,Female,No,21,No,6,6,13.166666666666666,6,6,13.0,1.0,1.0,13.08,7.6,2.6,0.32,Graduate
888,Single,Change of course,Social Service,Daytime,Secondary Education,112.5,Yes,No,No,Yes,Female,Yes,53,No,7,6,11.0,7,7,11.0,0.857,1.0,11.0,9.4,-0.8,-3.12,Graduate
889,Single,1st phase - general contingent,Nursing,Daytime,Secondary Education,136.0,No,No,No,Yes,Female,Yes,19,No,7,7,14.014285714285714,8,8,15.35,1.0,1.0,14.68,13.9,-0.3,0.79,Graduate
890,Single,1st phase - general contingent,Journalism and Communication,Daytime,Secondary Education,133.1,No,No,No,Yes,Female,Yes,20,No,6,4,13.0,6,4,11.25,0.667,0.667,12.12,10.8,1.4,1.74,Graduate
891,Single,1st phase - general contingent,Journalism and Communication,Daytime,Secondary Education,151.3,Yes,No,No,Yes,Female,No,18,No,6,6,14.0,6,6,14.666666666666666,1.0,1.0,14.33,10.8,1.4,1.74,Graduate
892,Single,Over 23 years old,Animation and Multimedia Design,Daytime,Secondary Education,133.3,No,No,No,No,Female,No,32,No,0,0,0.0,0,0,0.0,0,0,0.0,16.2,0.3,-0.92,Dropout
893,Single,Change of course,Nursing,Daytime,Secondary Education,130.8,Yes,No,No,Yes,Female,Yes,21,No,8,7,14.428571428571429,8,7,14.428571428571429,0.875,0.875,14.43,12.7,3.7,-1.7,Graduate
894,Single,Holders of other higher courses,Social Service (evening attendance),Evening,Higher Education - Degree,140.0,No,No,No,No,Female,No,26,No,5,0,0.0,5,0,0.0,0.0,0.0,0.0,9.4,-0.8,-3.12,Dropout
895,Single,Transfer,Veterinary Nursing,Daytime,Technological Specialization Course,150.0,Yes,No,No,Yes,Female,No,26,No,18,18,11.833333333333334,13,13,12.461538461538462,1.0,1.0,12.15,15.5,2.8,-4.06,Graduate
896,Married,Technological specialization diploma holders,Management (evening attendance),Evening,Technological Specialization Course,130.0,No,No,No,No,Female,No,21,No,5,3,11.333333333333334,5,1,13.0,0.6,0.2,12.17,15.5,2.8,-4.06,Dropout
897,Single,2nd phase - general contingent,Journalism and Communication,Daytime,Secondary Education,125.3,No,No,No,Yes,Female,No,18,No,6,6,12.5,6,6,13.0,1.0,1.0,12.75,7.6,2.6,0.32,Graduate
898,Single,Change of course,Communication Design,Daytime,Technological Specialization Course,124.0,Yes,No,No,Yes,Female,Yes,21,No,12,12,13.333333333333334,12,11,12.545454545454543,1.0,0.917,12.94,15.5,2.8,-4.06,Graduate
899,Single,1st phase - general contingent,Tourism,Daytime,Secondary Education,113.8,Yes,No,No,Yes,Female,No,21,No,6,6,10.833333333333334,6,4,11.0,1.0,0.667,10.92,7.6,2.6,0.32,Enrolled
900,Single,2nd phase - general contingent,Advertising and Marketing Management,Daytime,Secondary Education,124.4,No,No,No,Yes,Female,Yes,19,No,6,6,13.0,6,6,14.0,1.0,1.0,13.5,13.9,-0.3,0.79,Graduate
901,Single,2nd phase - general contingent,Management,Daytime,Secondary Education,107.7,No,No,No,Yes,Female,No,19,No,5,2,10.0,5,2,14.0,0.4,0.4,12.0,10.8,1.4,1.74,Dropout
902,Single,Change of course,Social Service,Daytime,Secondary Education,110.0,No,No,No,Yes,Female,Yes,19,No,6,6,11.428571428571429,6,5,11.2,1.0,0.833,11.31,10.8,1.4,1.74,Graduate
903,Single,Holders of other higher courses,Nursing,Daytime,Higher Education - Degree,130.0,Yes,No,No,Yes,Female,No,27,No,8,8,12.8875,8,8,12.8875,1.0,1.0,12.89,9.4,-0.8,-3.12,Graduate
904,Single,1st phase - general contingent,Nursing,Daytime,Secondary Education,138.8,Yes,No,No,Yes,Female,Yes,18,No,7,6,12.95,7,6,12.95,0.857,0.857,12.95,7.6,2.6,0.32,Graduate
905,Single,1st phase - general contingent,Management,Daytime,Secondary Education,126.3,Yes,No,No,Yes,Female,No,20,No,5,1,10.0,5,0,0.0,0.2,0.0,5.0,12.7,3.7,-1.7,Dropout
906,Single,1st phase - general contingent,Nursing,Daytime,Secondary Education,114.5,Yes,No,No,Yes,Female,Yes,19,No,7,7,13.094285714285714,8,8,12.55,1.0,1.0,12.82,12.4,0.5,1.79,Graduate
907,Single,1st phase - general contingent,Advertising and Marketing Management,Daytime,Secondary Education,116.5,Yes,No,No,Yes,Female,No,20,No,6,0,0.0,6,0,0.0,0.0,0.0,0.0,16.2,0.3,-0.92,Dropout
908,Single,2nd phase - general contingent,Social Service,Daytime,Secondary Education,128.6,Yes,No,No,Yes,Female,Yes,19,No,6,5,11.714285714285714,6,6,11.0,0.833,1.0,11.36,12.7,3.7,-1.7,Graduate
909,Single,2nd phase - general contingent,Social Service,Daytime,Secondary Education,130.0,Yes,No,No,Yes,Female,No,20,No,6,4,11.25,6,3,10.0,0.667,0.5,10.62,9.4,-0.8,-3.12,Enrolled
910,Single,1st phase - general contingent,Animation and Multimedia Design,Daytime,Secondary Education,134.6,No,No,No,Yes,Female,No,20,No,0,0,0.0,0,0,0.0,0,0,0.0,15.5,2.8,-4.06,Dropout
911,Single,1st phase - general contingent,Basic Education,Daytime,Secondary Education,146.8,No,No,No,Yes,Female,No,18,No,6,6,13.166666666666666,6,6,13.333333333333334,1.0,1.0,13.25,7.6,2.6,0.32,Graduate
912,Single,1st phase - general contingent,Veterinary Nursing,Daytime,Secondary Education,135.7,Yes,No,No,Yes,Female,No,20,No,5,4,12.75,5,5,13.4,0.8,1.0,13.08,10.8,1.4,1.74,Graduate
913,Married,Over 23 years old,Management (evening attendance),Evening,Secondary Education,120.0,No,No,No,No,Female,No,38,No,5,5,10.6,5,2,11.0,1.0,0.4,10.8,12.7,3.7,-1.7,Dropout
914,Divorced,Over 23 years old,Social Service (evening attendance),Evening,Secondary Education,138.0,No,No,No,Yes,Female,No,42,No,6,5,11.2,6,6,12.0,0.833,1.0,11.6,8.9,1.4,3.51,Graduate
915,Single,Over 23 years old,Nursing,Daytime,Secondary Education,135.5,No,No,No,Yes,Female,No,32,No,7,0,0.0,8,0,0.0,0.0,0.0,0.0,13.9,-0.3,0.79,Dropout
916,Single,International student (bachelor),Journalism and Communication,Daytime,Secondary Education,120.0,Yes,No,No,Yes,Female,No,22,Yes,6,6,13.0,6,6,13.666666666666666,1.0,1.0,13.33,12.4,0.5,1.79,Graduate
917,Married,Over 23 years old,Management (evening attendance),Evening,Secondary Education,111.7,Yes,No,No,Yes,Female,No,28,No,5,0,0.0,5,0,0.0,0.0,0.0,0.0,7.6,2.6,0.32,Dropout
918,Married,Over 23 years old,Social Service (evening attendance),Evening,12th Year - Not Completed,100.0,Yes,No,No,Yes,Female,No,37,No,6,0,0.0,6,0,0.0,0.0,0.0,0.0,9.4,-0.8,-3.12,Dropout
919,Married,Technological specialization diploma holders,Agronomy,Daytime,Technological Specialization Course,160.0,No,No,No,Yes,Female,No,43,No,6,6,14.166666666666666,6,6,15.0,1.0,1.0,14.58,15.5,2.8,-4.06,Graduate
920,Legally Separated,Over 23 years old,Social Service (evening attendance),Evening,Secondary Education,114.8,No,No,No,Yes,Female,Yes,41,No,6,5,12.833333333333334,6,6,12.333333333333334,0.833,1.0,12.58,13.9,-0.3,0.79,Graduate
921,Divorced,Over 23 years old,Social Service (evening attendance),Evening,Basic Education 3rd Cycle,131.0,No,No,No,Yes,Female,Yes,29,No,6,4,11.75,6,5,10.4,0.667,0.833,11.08,10.8,1.4,1.74,Graduate
922,Single,Over 23 years old,Social Service (evening attendance),Evening,Secondary Education,97.0,No,No,No,Yes,Female,Yes,35,No,6,6,10.833333333333334,6,6,11.5,1.0,1.0,11.17,10.8,1.4,1.74,Graduate
923,Single,2nd phase - general contingent,Social Service,Daytime,Secondary Education,131.7,Yes,No,No,Yes,Female,No,18,No,6,4,11.75,6,4,12.25,0.667,0.667,12.0,9.4,-0.8,-3.12,Dropout
924,Single,Over 23 years old,Nursing,Daytime,Basic Education 3rd Cycle,120.0,No,No,No,No,Female,Yes,39,No,7,3,11.5,7,2,10.5,0.429,0.286,11.0,16.2,0.3,-0.92,Dropout
925,Divorced,Over 23 years old,Management (evening attendance),Evening,Secondary Education,110.0,No,No,No,Yes,Female,No,37,No,5,2,10.0,5,3,11.333333333333334,0.4,0.6,10.67,12.7,3.7,-1.7,Enrolled
926,Single,Over 23 years old,Nursing,Daytime,Secondary Education,133.0,Yes,No,No,Yes,Female,Yes,26,No,7,6,13.7,7,6,13.7,0.857,0.857,13.7,7.6,2.6,0.32,Graduate
927,Single,Holders of other higher courses,Veterinary Nursing,Daytime,Higher Education - Degree,140.0,Yes,No,No,Yes,Female,No,32,No,5,1,14.0,5,0,0.0,0.2,0.0,7.0,10.8,1.4,1.74,Dropout
928,Married,Over 23 years old,Social Service (evening attendance),Evening,Secondary Education,100.0,No,No,Yes,Yes,Female,No,37,No,8,7,11.375,7,6,12.166666666666666,0.875,0.857,11.77,13.9,-0.3,0.79,Enrolled
929,Single,Over 23 years old,Veterinary Nursing,Daytime,Secondary Education,129.3,Yes,No,Yes,Yes,Female,No,28,No,6,0,0.0,6,0,0.0,0.0,0.0,0.0,8.9,1.4,3.51,Enrolled
930,Single,1st phase - general contingent,Social Service,Daytime,Secondary Education,137.0,Yes,No,No,Yes,Female,No,19,No,6,0,0.0,6,0,0.0,0.0,0.0,0.0,7.6,2.6,0.32,Dropout
931,Single,1st phase - general contingent,Management,Daytime,Secondary Education,122.2,Yes,No,No,Yes,Female,No,18,No,5,1,11.0,5,2,12.5,0.2,0.4,11.75,7.6,2.6,0.32,Enrolled
932,Single,1st phase - general contingent,Basic Education,Daytime,Secondary Education,108.0,No,No,No,Yes,Female,Yes,19,No,7,6,13.0,7,7,13.285714285714286,0.857,1.0,13.14,12.4,0.5,1.79,Graduate
933,Married,Holders of other higher courses,Advertising and Marketing Management,Daytime,Higher Education - Degree,110.0,No,No,No,Yes,Female,No,32,No,11,8,13.6,8,8,15.11111111111111,0.727,1.0,14.36,13.9,-0.3,0.79,Graduate
934,Married,Over 23 years old,Management,Daytime,Secondary Education,127.7,Yes,No,No,Yes,Female,No,31,No,5,3,11.0,5,2,11.5,0.6,0.4,11.25,7.6,2.6,0.32,Dropout
935,Single,Over 23 years old,Nursing,Daytime,Secondary Education,121.3,Yes,No,No,Yes,Female,No,34,No,8,7,11.705714285714285,8,7,11.705714285714285,0.875,0.875,11.71,10.8,1.4,1.74,Enrolled
936,Single,1st phase - general contingent,Animation and Multimedia Design,Daytime,Secondary Education,140.1,Yes,No,No,Yes,Female,No,20,No,12,12,13.25,11,11,14.333333333333334,1.0,1.0,13.79,8.9,1.4,3.51,Graduate
937,Single,Over 23 years old,Nursing,Daytime,Basic Education 3rd Cycle,114.8,No,No,No,Yes,Female,No,28,No,7,1,10.75,7,1,10.0,0.143,0.143,10.38,13.9,-0.3,0.79,Dropout
938,Single,Technological specialization diploma holders,Management (evening attendance),Evening,Technological Specialization Course,150.0,No,No,No,Yes,Female,No,31,No,6,6,12.0,7,7,13.428571428571429,1.0,1.0,12.71,9.4,-0.8,-3.12,Enrolled
939,Single,1st phase - general contingent,Journalism and Communication,Daytime,Secondary Education,131.7,Yes,No,No,Yes,Female,No,18,No,6,6,12.666666666666666,6,4,12.25,1.0,0.667,12.46,7.6,2.6,0.32,Enrolled
940,Divorced,Over 23 years old,Social Service (evening attendance),Evening,Basic Education 3rd Cycle,110.0,No,No,No,No,Female,No,31,No,6,5,11.4,6,3,11.0,0.833,0.5,11.2,9.4,-0.8,-3.12,Dropout
941,Single,1st phase - general contingent,Journalism and Communication,Daytime,Secondary Education,105.5,Yes,No,No,Yes,Female,No,19,No,6,6,13.0,6,5,12.4,1.0,0.833,12.7,12.4,0.5,1.79,Graduate
942,Single,1st phase - general contingent,Social Service,Daytime,Secondary Education,127.3,Yes,No,No,Yes,Female,Yes,19,No,6,6,14.0,6,6,12.285714285714286,1.0,1.0,13.14,16.2,0.3,-0.92,Graduate
943,Married,Over 23 years old,Social Service,Daytime,Basic Education 3rd Cycle,130.0,Yes,No,No,Yes,Female,No,31,No,6,0,0.0,5,0,0.0,0.0,0.0,0.0,9.4,-0.8,-3.12,Enrolled
944,Single,Holders of other higher courses,Veterinary Nursing,Daytime,Higher Education - Degree,130.0,No,No,No,Yes,Female,No,34,No,6,0,0.0,6,0,0.0,0.0,0.0,0.0,15.5,2.8,-4.06,Dropout
945,Single,1st phase - special contingent (Madeira Island),Oral Hygiene,Daytime,Secondary Education,122.7,Yes,No,No,Yes,Female,Yes,18,No,7,7,15.285714285714286,8,8,16.075,1.0,1.0,15.68,12.4,0.5,1.79,Graduate
946,Single,2nd phase - general contingent,Tourism,Daytime,Secondary Education,113.9,Yes,No,No,Yes,Female,No,18,No,6,6,13.166666666666666,6,6,12.666666666666666,1.0,1.0,12.92,11.1,0.6,2.02,Graduate
947,Single,1st phase - general contingent,Management,Daytime,Secondary Education,151.1,No,No,Yes,Yes,Male,No,19,No,5,5,13.6,5,5,12.833333333333334,1.0,1.0,13.22,16.2,0.3,-0.92,Graduate
948,Single,2nd phase - general contingent,Journalism and Communication,Daytime,Secondary Education,125.8,Yes,No,No,No,Male,Yes,22,No,4,0,0.0,4,0,0.0,0.0,0.0,0.0,7.6,2.6,0.32,Dropout
949,Married,Change of course,Advertising and Marketing Management,Daytime,Secondary Education,128.2,No,No,No,Yes,Male,No,32,No,10,10,11.4,9,4,11.5,1.0,0.444,11.45,7.6,2.6,0.32,Graduate
950,Single,Over 23 years old,Management,Daytime,Secondary Education,135.1,No,No,No,Yes,Male,No,61,No,5,0,0.0,5,0,0.0,0.0,0.0,0.0,15.5,2.8,-4.06,Dropout
951,Single,Over 23 years old,Management (evening attendance),Evening,Secondary Education,120.2,Yes,No,No,Yes,Male,No,30,No,5,5,11.0,5,5,11.6,1.0,1.0,11.3,7.6,2.6,0.32,Graduate
952,Married,Over 23 years old,Management (evening attendance),Evening,Secondary Education,132.8,No,No,Yes,No,Male,No,45,No,5,0,0.0,5,0,0.0,0.0,0.0,0.0,12.4,0.5,1.79,Dropout
953,Single,Technological specialization diploma holders,Agronomy,Daytime,Technological Specialization Course,140.0,No,No,No,Yes,Male,No,20,No,6,6,13.571428571428571,6,6,12.666666666666666,1.0,1.0,13.12,12.4,0.5,1.79,Graduate
954,Single,3rd phase - general contingent,Nursing,Daytime,Secondary Education,129.3,No,No,No,Yes,Female,No,19,No,7,0,0.0,8,0,0.0,0.0,0.0,0.0,9.4,-0.8,-3.12,Dropout
955,Single,Transfer,Informatics Engineering,Daytime,Secondary Education,108.2,Yes,No,No,Yes,Male,No,26,No,10,4,11.25,11,4,12.0,0.4,0.364,11.62,7.6,2.6,0.32,Dropout
956,Single,2nd phase - general contingent,Advertising and Marketing Management,Daytime,Secondary Education,125.4,Yes,No,No,Yes,Male,No,19,No,5,3,13.333333333333334,5,1,11.0,0.6,0.2,12.17,7.6,2.6,0.32,Dropout
957,Single,2nd phase - general contingent,Journalism and Communication,Daytime,Secondary Education,140.2,No,No,No,Yes,Male,Yes,19,No,6,6,12.0,6,6,11.666666666666666,1.0,1.0,11.83,16.2,0.3,-0.92,Graduate
958,Single,1st phase - general contingent,Journalism and Communication,Daytime,Secondary Education,116.1,Yes,No,No,Yes,Male,No,19,No,6,6,12.5,6,5,13.0,1.0,0.833,12.75,12.4,0.5,1.79,Graduate
959,Single,1st phase - general contingent,Management,Daytime,Secondary Education,137.8,Yes,No,No,Yes,Male,Yes,19,No,5,5,13.2,5,5,12.666666666666666,1.0,1.0,12.93,16.2,0.3,-0.92,Graduate
960,Single,1st phase - general contingent,Advertising and Marketing Management,Daytime,Secondary Education,128.4,Yes,No,No,No,Male,No,19,No,5,0,0.0,4,0,0.0,0.0,0.0,0.0,7.6,2.6,0.32,Dropout
961,Single,Over 23 years old,Advertising and Marketing Management,Daytime,Secondary Education,106.0,Yes,No,No,No,Male,No,28,No,5,3,11.666666666666666,5,2,11.5,0.6,0.4,11.58,7.6,2.6,0.32,Dropout
962,Single,Change of course,Management,Daytime,Secondary Education,130.2,No,No,No,Yes,Male,No,24,No,15,15,13.466666666666669,14,14,13.642857142857142,1.0,1.0,13.55,9.4,-0.8,-3.12,Graduate
963,Single,1st phase - general contingent,Equinculture,Daytime,Secondary Education,126.0,No,No,No,Yes,Male,No,18,No,5,3,13.666666666666666,5,5,13.2,0.6,1.0,13.43,7.6,2.6,0.32,Graduate
964,Single,1st phase - general contingent,Informatics Engineering,Daytime,Secondary Education,141.0,No,No,No,Yes,Male,No,18,No,5,2,11.666666666666666,5,2,12.5,0.4,0.4,12.08,7.6,2.6,0.32,Enrolled
965,Single,1st phase - general contingent,Journalism and Communication,Daytime,Secondary Education,113.0,Yes,No,No,Yes,Male,Yes,18,No,6,6,11.666666666666666,6,5,10.2,1.0,0.833,10.93,12.4,0.5,1.79,Graduate
966,Single,Technological specialization diploma holders,Agronomy,Daytime,Technological Specialization Course,120.0,No,No,No,Yes,Male,No,21,No,6,5,13.4,6,5,12.4,0.833,0.833,12.9,8.9,1.4,3.51,Graduate
967,Married,Over 23 years old,Management (evening attendance),Evening,Secondary Education,130.9,No,No,No,No,Male,No,28,No,5,0,0.0,5,0,0.0,0.0,0.0,0.0,12.4,0.5,1.79,Dropout
968,Single,Over 23 years old,Agronomy,Daytime,Other - 11th Year,120.0,No,No,No,Yes,Male,No,58,No,6,0,0.0,6,0,0.0,0.0,0.0,0.0,13.9,-0.3,0.79,Dropout
969,Married,Over 23 years old,Management (evening attendance),Evening,Secondary Education,134.1,Yes,No,No,No,Male,No,49,No,5,0,0.0,5,0,0.0,0.0,0.0,0.0,7.6,2.6,0.32,Dropout
970,Single,Over 23 years old,Informatics Engineering,Daytime,Secondary Education,120.0,No,No,No,Yes,Male,No,24,No,5,3,10.666666666666666,5,2,10.5,0.6,0.4,10.58,15.5,2.8,-4.06,Enrolled
971,Single,Change of course,Advertising and Marketing Management,Daytime,Secondary Education,114.8,No,No,No,Yes,Male,No,25,No,5,4,13.75,5,4,14.75,0.8,0.8,14.25,7.6,2.6,0.32,Graduate
972,Divorced,Transfer,Management,Daytime,Secondary Education,123.0,Yes,No,No,Yes,Male,No,33,No,5,1,10.0,5,0,0.0,0.2,0.0,5.0,7.6,2.6,0.32,Dropout
973,Married,Over 23 years old,Informatics Engineering,Daytime,Basic Education 3rd Cycle,118.0,No,No,No,No,Male,No,33,No,5,0,0.0,5,0,0.0,0.0,0.0,0.0,9.4,-0.8,-3.12,Dropout
974,Married,Change of course,Basic Education,Daytime,Secondary Education,100.0,No,No,No,Yes,Male,No,40,No,2,1,16.0,4,4,15.5,0.5,1.0,15.75,13.9,-0.3,0.79,Graduate
975,Married,Over 23 years old,Management (evening attendance),Evening,Secondary Education,151.1,No,No,No,Yes,Male,No,48,No,5,5,12.285714285714286,5,5,11.125,1.0,1.0,11.71,16.2,0.3,-0.92,Graduate
976,Single,2nd phase - general contingent,Informatics Engineering,Daytime,Secondary Education,116.9,Yes,No,Yes,No,Male,No,18,No,5,3,12.0,5,3,10.333333333333334,0.6,0.6,11.17,8.9,1.4,3.51,Enrolled
977,Single,Over 23 years old,Nursing,Daytime,Basic Education 3rd Cycle,106.0,Yes,No,No,Yes,Male,No,24,No,7,6,12.666666666666666,7,6,12.666666666666666,0.857,0.857,12.67,7.6,2.6,0.32,Graduate
978,Married,1st phase - general contingent,Veterinary Nursing,Daytime,Secondary Education,127.1,No,No,No,Yes,Male,Yes,23,No,5,5,11.8,5,4,13.25,1.0,0.8,12.52,10.8,1.4,1.74,Graduate
979,Single,Over 23 years old,Management (evening attendance),Evening,Basic Education 3rd Cycle,155.5,Yes,No,Yes,No,Male,No,39,No,5,5,10.6,5,5,14.666666666666666,1.0,1.0,12.63,10.8,1.4,1.74,Dropout
980,Single,3rd phase - general contingent,Agronomy,Daytime,Secondary Education,101.0,No,No,No,Yes,Male,No,21,No,11,9,11.9,9,8,12.25,0.818,0.889,12.08,15.5,2.8,-4.06,Graduate
981,Single,Transfer,Informatics Engineering,Daytime,Frequency of Higher Education,128.2,Yes,No,No,Yes,Male,No,34,No,6,4,11.25,5,2,10.5,0.667,0.4,10.88,7.6,2.6,0.32,Dropout
982,Married,Over 23 years old,Management (evening attendance),Evening,Secondary Education,113.0,No,No,No,Yes,Male,Yes,41,No,5,4,11.0,5,5,11.4,0.8,1.0,11.2,8.9,1.4,3.51,Enrolled
983,Single,1st phase - general contingent,Journalism and Communication,Daytime,Secondary Education,122.8,No,No,No,Yes,Male,No,18,No,6,6,12.0,6,6,12.5,1.0,1.0,12.25,12.7,3.7,-1.7,Graduate
984,Married,Over 23 years old,Management (evening attendance),Evening,Secondary Education,145.6,No,No,No,Yes,Male,No,34,No,5,4,11.75,5,4,10.833333333333334,0.8,0.8,11.29,13.9,-0.3,0.79,Enrolled
985,Single,1st phase - general contingent,Management,Daytime,Secondary Education,116.5,No,No,No,Yes,Male,No,19,No,5,2,10.0,5,1,16.0,0.4,0.2,13.0,7.6,2.6,0.32,Dropout
986,Single,1st phase - general contingent,Nursing,Daytime,Secondary Education,142.0,No,No,No,Yes,Male,No,19,No,8,7,13.714285714285714,8,7,13.714285714285714,0.875,0.875,13.71,12.7,3.7,-1.7,Graduate
987,Single,Holders of other higher courses,Agronomy,Daytime,Higher Education - Master's,150.0,No,No,No,Yes,Male,No,28,No,6,6,14.875,6,6,15.8,1.0,1.0,15.34,16.2,0.3,-0.92,Graduate
988,Single,2nd phase - general contingent,Communication Design,Daytime,Secondary Education,133.3,Yes,No,No,Yes,Male,No,18,No,6,5,10.8,6,0,0.0,0.833,0.0,5.4,7.6,2.6,0.32,Dropout
989,Single,1st phase - general contingent,Social Service,Daytime,Secondary Education,115.8,Yes,No,No,Yes,Male,No,19,No,6,3,12.0,6,2,10.0,0.5,0.333,11.0,11.1,0.6,2.02,Dropout
990,Single,2nd phase - general contingent,Veterinary Nursing,Daytime,Secondary Education,100.0,Yes,No,Yes,No,Male,No,19,No,6,5,12.5,6,2,13.5,0.833,0.333,13.0,12.4,0.5,1.79,Dropout
991,Single,2nd phase - general contingent,Nursing,Daytime,Secondary Education,128.6,Yes,No,No,Yes,Female,No,18,No,7,7,14.728571428571428,8,8,16.327272727272728,1.0,1.0,15.53,16.2,0.3,-0.92,Graduate
992,Single,1st phase - general contingent,Equinculture,Daytime,Secondary Education,137.1,Yes,No,No,Yes,Female,No,18,No,6,6,12.0,6,5,14.8,1.0,0.833,13.4,12.4,0.5,1.79,Graduate
993,Single,1st phase - general contingent,Journalism and Communication,Daytime,Secondary Education,149.0,Yes,No,No,Yes,Female,No,18,No,6,6,11.428571428571429,6,6,11.0,1.0,1.0,11.21,11.1,0.6,2.02,Dropout
994,Single,Technological specialization diploma holders,Social Service,Daytime,Technological Specialization Course,147.0,Yes,No,No,Yes,Female,No,19,No,6,6,14.166666666666666,6,6,13.5,1.0,1.0,13.83,12.4,0.5,1.79,Graduate
995,Married,Holders of other higher courses,Social Service,Daytime,Higher Education - Degree,150.0,No,No,No,Yes,Female,No,31,No,6,5,12.5,6,5,14.6,0.833,0.833,13.55,12.7,3.7,-1.7,Graduate
996,Single,Over 23 years old,Social Service (evening attendance),Evening,Secondary Education,103.5,No,No,No,Yes,Female,Yes,33,No,6,6,14.166666666666666,6,6,14.333333333333334,1.0,1.0,14.25,12.7,3.7,-1.7,Graduate
997,Single,1st phase - general contingent,Nursing,Daytime,Secondary Education,107.8,Yes,No,No,Yes,Female,Yes,20,No,7,5,14.46,7,6,13.55,0.714,0.857,14.0,12.4,0.5,1.79,Enrolled
998,Single,Technological specialization diploma holders,Veterinary Nursing,Daytime,Technological Specialization Course,130.0,Yes,No,No,Yes,Female,No,22,Yes,6,5,12.8,6,2,11.5,0.833,0.333,12.15,12.4,0.5,1.79,Enrolled
999,Single,2nd phase - general contingent,Tourism,Daytime,Secondary Education,109.4,Yes,No,No,Yes,Female,No,19,No,6,6,12.666666666666666,6,5,13.4,1.0,0.833,13.03,11.1,0.6,2.02,Graduate
1000,Single,1st phase - general contingent,Communication Design,Daytime,Secondary Education,143.6,Yes,No,No,Yes,Female,No,18,No,6,6,12.5,6,6,13.0,1.0,1.0,12.75,7.6,2.6,0.32,Dropout
1001,Single,2nd phase - general contingent,Communication Design,Daytime,Secondary Education,124.3,No,Yes,No,Yes,Female,No,18,No,6,0,0.0,6,0,0.0,0.0,0.0,0.0,15.5,2.8,-4.06,Dropout
1002,Single,1st phase - general contingent,Advertising and Marketing Management,Daytime,Secondary Education,119.5,Yes,No,No,No,Female,No,18,No,6,0,0.0,6,0,0.0,0.0,0.0,0.0,8.9,1.4,3.51,Dropout
1003,Single,1st phase - general contingent,Animation and Multimedia Design,Daytime,Secondary Education,175.6,Yes,No,No,Yes,Female,No,18,No,0,0,0.0,0,0,0.0,0,0,0.0,11.1,0.6,2.02,Graduate
1004,Single,2nd phase - general contingent,Management,Daytime,Secondary Education,116.1,Yes,No,No,Yes,Female,Yes,19,No,5,5,11.2,5,3,11.0,1.0,0.6,11.1,12.4,0.5,1.79,Graduate
1005,Single,2nd phase - general contingent,Social Service,Daytime,Secondary Education,126.6,Yes,No,No,Yes,Female,No,18,No,6,6,16.5,6,6,17.428571428571427,1.0,1.0,16.96,11.1,0.6,2.02,Dropout
1006,Single,2nd phase - general contingent,Veterinary Nursing,Daytime,Secondary Education,130.8,Yes,No,No,Yes,Female,No,18,No,5,3,13.666666666666666,5,5,12.0,0.6,1.0,12.83,12.7,3.7,-1.7,Graduate
1007,Single,2nd phase - general contingent,Nursing,Daytime,Secondary Education,133.5,Yes,No,No,Yes,Female,Yes,18,No,8,7,15.228571428571428,8,7,15.228571428571428,0.875,0.875,15.23,12.7,3.7,-1.7,Graduate
1008,Single,Short cycle diploma holders,Social Service,Daytime,Professional Higher Technical Course,136.9,Yes,No,No,Yes,Female,No,21,No,9,9,12.77777777777778,9,9,13.22222222222222,1.0,1.0,13.0,8.9,1.4,3.51,Graduate
1009,Single,1st phase - general contingent,Nursing,Daytime,Secondary Education,142.3,No,No,No,Yes,Female,Yes,18,No,8,7,14.428571428571429,8,7,14.428571428571429,0.875,0.875,14.43,12.7,3.7,-1.7,Graduate
1010,Single,2nd phase - general contingent,Advertising and Marketing Management,Daytime,Secondary Education,114.3,Yes,No,No,Yes,Female,No,18,No,6,6,13.875,6,6,13.714285714285714,1.0,1.0,13.79,11.1,0.6,2.02,Graduate
1011,Single,1st phase - general contingent,Nursing,Daytime,Secondary Education,122.9,Yes,No,No,Yes,Female,No,18,No,7,7,13.128,8,6,13.193333333333332,1.0,0.75,13.16,15.5,2.8,-4.06,Graduate
1012,Single,2nd phase - general contingent,Nursing,Daytime,Secondary Education,117.2,Yes,No,No,Yes,Female,No,20,No,7,6,11.605,8,7,12.4125,0.857,0.875,12.01,16.2,0.3,-0.92,Graduate
1013,Single,2nd phase - general contingent,Management,Daytime,Secondary Education,152.0,No,No,No,Yes,Female,Yes,18,No,5,5,14.6,5,5,12.0,1.0,1.0,13.3,12.7,3.7,-1.7,Graduate
1014,Single,1st phase - general contingent,Journalism and Communication,Daytime,Secondary Education,122.2,Yes,No,No,Yes,Female,No,18,No,6,0,0.0,6,0,0.0,0.0,0.0,0.0,11.1,0.6,2.02,Dropout
1015,Single,3rd phase - general contingent,Management,Daytime,Secondary Education,101.7,Yes,No,No,Yes,Female,Yes,20,No,5,5,11.8,5,5,11.6,1.0,1.0,11.7,8.9,1.4,3.51,Graduate
1016,Single,2nd phase - general contingent,Tourism,Daytime,Secondary Education,119.9,Yes,No,No,Yes,Female,No,20,No,6,6,12.333333333333334,6,6,12.333333333333334,1.0,1.0,12.33,12.4,0.5,1.79,Graduate
1017,Single,2nd phase - general contingent,Management,Daytime,Secondary Education,123.7,Yes,No,Yes,Yes,Female,Yes,19,No,5,4,11.0,5,0,0.0,0.8,0.0,5.5,11.1,0.6,2.02,Dropout
1018,Single,Change of institution/course,Communication Design,Daytime,Secondary Education,121.8,No,No,No,Yes,Female,Yes,19,No,11,11,13.181818181818182,11,11,12.909090909090908,1.0,1.0,13.05,11.1,0.6,2.02,Graduate
1019,Single,2nd phase - general contingent,Advertising and Marketing Management,Daytime,Secondary Education,106.1,Yes,Yes,Yes,No,Female,Yes,18,No,6,1,11.0,6,0,0.0,0.167,0.0,5.5,12.7,3.7,-1.7,Dropout
1020,Single,2nd phase - general contingent,Journalism and Communication,Daytime,Secondary Education,124.3,Yes,No,Yes,Yes,Female,Yes,19,No,6,6,11.833333333333334,6,6,12.285714285714286,1.0,1.0,12.06,15.5,2.8,-4.06,Graduate
1021,Single,1st phase - general contingent,Nursing,Daytime,Secondary Education,124.3,Yes,No,No,Yes,Female,Yes,20,No,8,8,12.98125,8,8,12.98125,1.0,1.0,12.98,9.4,-0.8,-3.12,Graduate
1022,Single,Technological specialization diploma holders,Management,Daytime,Technological Specialization Course,117.4,Yes,No,No,Yes,Female,No,21,No,7,6,11.333333333333334,5,5,11.2,0.857,1.0,11.27,11.1,0.6,2.02,Graduate
1023,Single,Change of course,Nursing,Daytime,Secondary Education,112.7,No,No,No,Yes,Female,No,21,No,8,6,11.68,8,6,11.68,0.75,0.75,11.68,10.8,1.4,1.74,Graduate
1024,Single,2nd phase - general contingent,Communication Design,Daytime,Secondary Education,123.7,No,No,No,Yes,Female,No,20,No,6,6,14.5,6,6,13.5,1.0,1.0,14.0,11.1,0.6,2.02,Graduate
1025,Single,3rd phase - general contingent,Basic Education,Daytime,Secondary Education,105.8,Yes,No,No,Yes,Female,No,19,No,7,7,13.142857142857142,7,7,12.857142857142858,1.0,1.0,13.0,8.9,1.4,3.51,Graduate
1026,Single,2nd phase - general contingent,Veterinary Nursing,Daytime,Secondary Education,124.2,No,No,No,No,Female,No,21,No,5,2,11.5,5,2,10.5,0.4,0.4,11.0,7.6,2.6,0.32,Dropout
1027,Single,1st phase - general contingent,Veterinary Nursing,Daytime,Secondary Education,122.3,No,No,No,Yes,Female,No,18,No,5,5,14.2,5,5,11.8,1.0,1.0,13.0,7.6,2.6,0.32,Graduate
1028,Single,1st phase - general contingent,Tourism,Daytime,Secondary Education,123.7,No,No,No,Yes,Female,Yes,19,No,6,5,11.666666666666666,6,5,12.2,0.833,0.833,11.93,8.9,1.4,3.51,Graduate
1029,Single,2nd phase - general contingent,Nursing,Daytime,Secondary Education,129.8,Yes,No,No,Yes,Female,No,18,No,7,7,13.175,8,8,14.875,1.0,1.0,14.02,13.9,-0.3,0.79,Graduate
1030,Single,1st phase - general contingent,Nursing,Daytime,Secondary Education,123.8,Yes,No,No,Yes,Female,Yes,19,No,8,7,13.314285714285717,8,7,13.314285714285717,0.875,0.875,13.31,12.7,3.7,-1.7,Graduate
1031,Single,1st phase - general contingent,Management,Daytime,Secondary Education,126.4,Yes,No,No,Yes,Female,Yes,18,No,5,3,10.6,5,3,10.5,0.6,0.6,10.55,13.9,-0.3,0.79,Graduate
1032,Single,1st phase - general contingent,Basic Education,Daytime,Secondary Education,115.1,No,No,No,Yes,Female,Yes,18,No,6,4,12.0,6,4,10.75,0.667,0.667,11.38,15.5,2.8,-4.06,Enrolled
1033,Single,1st phase - general contingent,Journalism and Communication,Daytime,Secondary Education,138.4,No,No,No,Yes,Female,No,18,No,6,6,13.428571428571429,6,6,14.142857142857142,1.0,1.0,13.79,13.9,-0.3,0.79,Graduate
1034,Single,2nd phase - general contingent,Veterinary Nursing,Daytime,Secondary Education,118.2,Yes,No,No,Yes,Female,Yes,18,No,5,4,13.25,5,5,15.571428571428571,0.8,1.0,14.41,10.8,1.4,1.74,Graduate
1035,Single,2nd phase - general contingent,Communication Design,Daytime,Secondary Education,121.7,Yes,No,No,Yes,Female,No,18,No,6,2,13.0,6,0,0.0,0.333,0.0,6.5,12.4,0.5,1.79,Dropout
1036,Single,1st phase - general contingent,Communication Design,Daytime,Secondary Education,118.0,No,No,No,Yes,Female,Yes,18,No,6,6,14.333333333333334,6,6,14.0,1.0,1.0,14.17,11.1,0.6,2.02,Enrolled
1037,Single,2nd phase - general contingent,Social Service,Daytime,Secondary Education,119.8,No,No,No,Yes,Female,No,18,No,6,0,0.0,6,0,0.0,0.0,0.0,0.0,11.1,0.6,2.02,Dropout
1038,Single,1st phase - general contingent,Social Service,Daytime,Secondary Education,164.9,No,No,No,Yes,Female,No,18,No,6,6,14.0,6,6,13.166666666666666,1.0,1.0,13.58,10.8,1.4,1.74,Graduate
1039,Single,Transfer,Veterinary Nursing,Daytime,Secondary Education,100.0,Yes,No,No,Yes,Female,Yes,20,No,2,2,12.0,6,6,12.833333333333334,1.0,1.0,12.42,13.9,-0.3,0.79,Graduate
1040,Single,1st phase - general contingent,Basic Education,Daytime,Secondary Education,121.6,No,No,No,Yes,Female,No,18,No,6,5,12.333333333333334,6,5,10.6,0.833,0.833,11.47,15.5,2.8,-4.06,Enrolled
1041,Single,2nd phase - general contingent,Communication Design,Daytime,Secondary Education,120.4,Yes,No,No,Yes,Female,No,18,No,6,5,11.8,6,5,10.4,0.833,0.833,11.1,16.2,0.3,-0.92,Graduate
1042,Single,3rd phase - general contingent,Nursing,Daytime,Secondary Education,117.8,No,No,No,Yes,Female,Yes,20,No,8,7,12.791428571428572,8,7,12.791428571428572,0.875,0.875,12.79,10.8,1.4,1.74,Graduate
1043,Divorced,Change of course,Advertising and Marketing Management,Daytime,Secondary Education,110.0,No,No,No,Yes,Female,No,40,No,8,8,11.625,7,5,11.2,1.0,0.714,11.41,9.4,-0.8,-3.12,Graduate
1044,Single,1st phase - general contingent,Nursing,Daytime,Secondary Education,128.8,Yes,No,No,Yes,Female,Yes,18,No,7,6,11.994444444444444,8,7,12.43142857142857,0.857,0.875,12.21,15.5,2.8,-4.06,Graduate
1045,Single,1st phase - general contingent,Tourism,Daytime,Secondary Education,116.6,Yes,No,No,Yes,Female,No,19,No,6,5,11.6,6,5,12.2,0.833,0.833,11.9,13.9,-0.3,0.79,Graduate
1046,Single,Holders of other higher courses,Management (evening attendance),Evening,Higher Education - Degree (1st cycle),120.0,No,No,No,Yes,Female,No,24,No,5,0,0.0,5,0,0.0,0.0,0.0,0.0,12.4,0.5,1.79,Dropout
1047,Single,1st phase - general contingent,Journalism and Communication,Daytime,Secondary Education,157.5,Yes,No,No,Yes,Female,No,19,No,6,6,13.166666666666666,6,6,13.166666666666666,1.0,1.0,13.17,10.8,1.4,1.74,Dropout
1048,Single,1st phase - general contingent,Nursing,Daytime,Secondary Education,136.3,Yes,No,No,Yes,Female,No,19,No,8,7,14.1,8,7,14.1,0.875,0.875,14.1,10.8,1.4,1.74,Graduate
1049,Single,1st phase - general contingent,Nursing,Daytime,Secondary Education,121.5,Yes,No,No,Yes,Female,Yes,20,No,7,6,12.396666666666668,8,7,12.94285714285714,0.857,0.875,12.67,11.1,0.6,2.02,Graduate
1050,Single,1st phase - general contingent,Nursing,Daytime,Secondary Education,133.9,No,No,No,Yes,Female,No,18,No,7,7,15.014285714285714,8,8,16.0875,1.0,1.0,15.55,12.4,0.5,1.79,Graduate
1051,Single,1st phase - general contingent,Animation and Multimedia Design,Daytime,Secondary Education,136.8,Yes,No,No,Yes,Female,Yes,18,No,0,0,0.0,0,0,0.0,0,0,0.0,13.9,-0.3,0.79,Graduate
1052,Single,2nd phase - general contingent,Nursing,Daytime,Secondary Education,133.5,Yes,No,No,Yes,Female,No,19,No,7,7,14.05,8,8,15.1,1.0,1.0,14.58,13.9,-0.3,0.79,Graduate
1053,Single,2nd phase - general contingent,Nursing,Daytime,Secondary Education,130.0,Yes,No,No,Yes,Female,No,18,No,7,7,14.85,8,8,15.2,1.0,1.0,15.02,13.9,-0.3,0.79,Dropout
1054,Single,Technological specialization diploma holders,Veterinary Nursing,Daytime,Technological Specialization Course,140.0,Yes,No,No,Yes,Female,No,19,No,6,6,13.0,6,5,13.0,1.0,0.833,13.0,12.4,0.5,1.79,Graduate
1055,Single,1st phase - general contingent,Nursing,Daytime,Secondary Education,132.7,Yes,No,No,Yes,Female,Yes,19,No,7,7,14.7875,8,8,15.8625,1.0,1.0,15.32,13.9,-0.3,0.79,Graduate
1056,Single,1st phase - general contingent,Nursing,Daytime,Secondary Education,117.8,No,No,No,Yes,Female,Yes,19,No,7,7,13.7,8,7,14.671428571428574,1.0,0.875,14.19,12.4,0.5,1.79,Graduate
1057,Single,1st phase - general contingent,Nursing,Daytime,Secondary Education,126.1,Yes,No,No,Yes,Female,Yes,19,No,7,7,12.495714285714286,8,7,12.242857142857144,1.0,0.875,12.37,11.1,0.6,2.02,Dropout
1058,Single,1st phase - general contingent,Nursing,Daytime,Secondary Education,120.0,No,No,No,Yes,Female,No,19,No,7,6,14.566666666666668,7,6,14.566666666666668,0.857,0.857,14.57,7.6,2.6,0.32,Graduate
1059,Single,Over 23 years old,Advertising and Marketing Management,Daytime,Other - 11th Year,100.0,Yes,No,Yes,No,Female,No,25,No,5,5,11.2,5,4,11.25,1.0,0.8,11.22,9.4,-0.8,-3.12,Dropout
1060,Single,1st phase - general contingent,Nursing,Daytime,Secondary Education,116.8,No,No,No,Yes,Female,No,20,No,8,7,12.685714285714283,8,7,12.685714285714283,0.875,0.875,12.69,12.7,3.7,-1.7,Graduate
1061,Single,Short cycle diploma holders,Social Service,Daytime,Professional Higher Technical Course,128.3,No,No,Yes,No,Female,No,23,No,9,7,13.571428571428571,9,4,13.25,0.778,0.444,13.41,8.9,1.4,3.51,Dropout
1062,Single,1st phase - general contingent,Communication Design,Daytime,Secondary Education,117.0,No,No,No,Yes,Female,No,20,No,6,0,0.0,6,0,0.0,0.0,0.0,0.0,15.5,2.8,-4.06,Dropout
1063,Single,Over 23 years old,Social Service (evening attendance),Evening,Secondary Education,131.5,No,No,No,Yes,Female,No,27,No,6,5,11.0,6,6,11.166666666666666,0.833,1.0,11.08,11.1,0.6,2.02,Graduate
1064,Single,1st phase - general contingent,Nursing,Daytime,Secondary Education,134.8,No,No,No,Yes,Female,No,18,No,8,8,14.445,8,8,14.445,1.0,1.0,14.44,9.4,-0.8,-3.12,Graduate
1065,Single,1st phase - general contingent,Basic Education,Daytime,Secondary Education,146.6,Yes,No,Yes,Yes,Female,No,18,No,6,5,13.6,6,4,11.75,0.833,0.667,12.68,9.4,-0.8,-3.12,Enrolled
1066,Single,Holders of other higher courses,Social Service (evening attendance),Evening,Higher Education - Degree (1st cycle),130.0,Yes,No,Yes,No,Female,No,23,No,12,11,14.0,10,8,14.625,0.917,0.8,14.31,13.9,-0.3,0.79,Dropout
1067,Single,1st phase - general contingent,Nursing,Daytime,Secondary Education,127.5,Yes,No,No,Yes,Female,Yes,19,No,7,6,13.416666666666666,7,6,13.416666666666666,0.857,0.857,13.42,7.6,2.6,0.32,Graduate
1068,Single,1st phase - general contingent,Management,Daytime,Secondary Education,123.0,No,No,No,Yes,Female,No,18,No,5,5,12.333333333333334,5,5,11.4,1.0,1.0,11.87,15.5,2.8,-4.06,Graduate
1069,Single,Change of course,Nursing,Daytime,Secondary Education,100.0,Yes,No,No,Yes,Female,No,20,No,7,7,13.1,8,8,14.8125,1.0,1.0,13.96,13.9,-0.3,0.79,Graduate
1070,Single,1st phase - general contingent,Advertising and Marketing Management,Daytime,Secondary Education,114.2,Yes,No,No,Yes,Female,No,18,No,6,4,13.2,6,5,12.8,0.667,0.833,13.0,12.4,0.5,1.79,Graduate
1071,Single,1st phase - general contingent,Nursing,Daytime,Secondary Education,123.5,Yes,No,No,Yes,Female,Yes,19,No,8,8,14.75,8,8,14.75,1.0,1.0,14.75,9.4,-0.8,-3.12,Graduate
1072,Single,Technological specialization diploma holders,Social Service,Daytime,Technological Specialization Course,144.3,Yes,No,No,Yes,Female,Yes,19,No,6,6,13.142857142857142,6,6,14.333333333333334,1.0,1.0,13.74,12.4,0.5,1.79,Graduate
1073,Single,1st phase - general contingent,Basic Education,Daytime,Secondary Education,142.2,No,No,No,Yes,Female,No,19,No,6,4,12.5,6,5,12.5,0.667,0.833,12.5,9.4,-0.8,-3.12,Enrolled
1074,Single,1st phase - general contingent,Veterinary Nursing,Daytime,Secondary Education,161.9,No,No,No,Yes,Female,No,18,No,5,4,13.75,5,5,14.857142857142858,0.8,1.0,14.3,7.6,2.6,0.32,Graduate
1075,Single,1st phase - general contingent,Social Service,Daytime,Secondary Education,135.9,No,No,No,Yes,Female,No,18,No,6,5,12.4,6,6,13.0,0.833,1.0,12.7,9.4,-0.8,-3.12,Graduate
1076,Single,1st phase - general contingent,Journalism and Communication,Daytime,Secondary Education,110.1,Yes,No,No,Yes,Female,No,18,No,6,6,13.333333333333334,6,6,12.0,1.0,1.0,12.67,11.1,0.6,2.02,Graduate
1077,Single,Ordinance No. 612/93,Basic Education,Daytime,Secondary Education,122.5,No,No,No,No,Female,No,28,No,11,11,11.727272727272728,8,8,12.0,1.0,1.0,11.86,15.5,2.8,-4.06,Dropout
1078,Single,2nd phase - general contingent,Tourism,Daytime,Secondary Education,138.1,Yes,No,No,Yes,Female,No,19,No,6,4,12.5,6,1,14.0,0.667,0.167,13.25,7.6,2.6,0.32,Dropout
1079,Single,Change of course,Animation and Multimedia Design,Daytime,Secondary Education,117.3,Yes,No,Yes,Yes,Female,No,20,No,0,0,0.0,0,0,0.0,0,0,0.0,13.9,-0.3,0.79,Dropout
1080,Single,1st phase - general contingent,Nursing,Daytime,Secondary Education,106.8,Yes,No,No,Yes,Female,Yes,19,No,7,6,13.533333333333331,8,7,13.614285714285714,0.857,0.875,13.57,12.4,0.5,1.79,Graduate
1081,Single,1st phase - general contingent,Communication Design,Daytime,Secondary Education,120.1,No,Yes,No,Yes,Female,Yes,20,No,6,6,13.166666666666666,6,6,12.666666666666666,1.0,1.0,12.92,11.1,0.6,2.02,Graduate
1082,Single,1st phase - general contingent,Tourism,Daytime,Secondary Education,116.5,Yes,No,No,Yes,Female,Yes,19,No,6,5,13.2,6,5,11.0,0.833,0.833,12.1,12.4,0.5,1.79,Graduate
1083,Single,Change of institution/course,Communication Design,Daytime,Secondary Education,120.0,Yes,No,No,Yes,Female,No,21,No,6,5,12.2,6,4,12.6,0.833,0.667,12.4,8.9,1.4,3.51,Enrolled
1084,Single,1st phase - general contingent,Basic Education,Daytime,Secondary Education,139.7,Yes,No,No,Yes,Female,Yes,19,No,7,7,13.428571428571429,7,7,14.857142857142858,1.0,1.0,14.14,11.1,0.6,2.02,Graduate
1085,Single,1st phase - general contingent,Communication Design,Daytime,Secondary Education,123.7,Yes,No,No,Yes,Female,Yes,18,No,6,6,12.714285714285714,6,6,12.625,1.0,1.0,12.67,13.9,-0.3,0.79,Graduate
1086,Single,2nd phase - general contingent,Equinculture,Daytime,Secondary Education,116.5,No,No,No,Yes,Female,No,19,No,6,0,0.0,6,0,0.0,0.0,0.0,0.0,15.5,2.8,-4.06,Dropout
1087,Single,2nd phase - general contingent,Advertising and Marketing Management,Daytime,Secondary Education,122.2,No,No,No,Yes,Female,Yes,19,No,6,6,13.666666666666666,6,6,13.666666666666666,1.0,1.0,13.67,8.9,1.4,3.51,Graduate
1088,Single,1st phase - general contingent,Journalism and Communication,Daytime,Secondary Education,146.0,No,No,Yes,Yes,Female,No,20,No,6,5,11.0,6,6,13.166666666666666,0.833,1.0,12.08,16.2,0.3,-0.92,Graduate
1089,Single,2nd phase - general contingent,Basic Education,Daytime,Secondary Education,108.8,Yes,No,No,Yes,Female,No,18,No,7,5,11.4,7,6,13.333333333333334,0.714,0.857,12.37,13.9,-0.3,0.79,Enrolled
1090,Single,Change of course,Animation and Multimedia Design,Daytime,Secondary Education,133.0,No,No,No,Yes,Female,No,18,No,0,0,0.0,0,0,0.0,0,0,0.0,15.5,2.8,-4.06,Enrolled
1091,Single,2nd phase - general contingent,Equinculture,Daytime,Secondary Education,123.8,No,No,No,Yes,Female,No,18,No,5,4,12.0,5,5,12.0,0.8,1.0,12.0,7.6,2.6,0.32,Graduate
1092,Single,2nd phase - general contingent,Journalism and Communication,Daytime,Secondary Education,120.0,No,No,No,Yes,Female,No,18,No,6,0,0.0,6,0,0.0,0.0,0.0,0.0,8.9,1.4,3.51,Dropout
1093,Single,2nd phase - general contingent,Social Service,Daytime,Secondary Education,126.9,Yes,No,No,Yes,Female,No,18,No,6,5,11.0,6,6,11.666666666666666,0.833,1.0,11.33,7.6,2.6,0.32,Graduate
1094,Single,3rd phase - general contingent,Journalism and Communication,Daytime,Secondary Education,121.3,Yes,No,No,Yes,Female,No,20,No,6,5,12.0,6,6,11.571428571428571,0.833,1.0,11.79,15.5,2.8,-4.06,Dropout
1095,Single,2nd phase - general contingent,Nursing,Daytime,Secondary Education,129.0,Yes,No,No,Yes,Female,Yes,19,No,7,7,13.308571428571428,8,8,12.55,1.0,1.0,12.93,12.4,0.5,1.79,Graduate
1096,Single,1st phase - general contingent,Basic Education,Daytime,Secondary Education,114.9,Yes,No,Yes,No,Female,No,21,No,6,3,13.666666666666666,6,3,10.666666666666666,0.5,0.5,12.17,15.5,2.8,-4.06,Dropout
1097,Single,2nd phase - general contingent,Advertising and Marketing Management,Daytime,Higher Education - Degree,106.5,Yes,No,Yes,No,Female,No,20,No,6,0,0.0,6,0,0.0,0.0,0.0,0.0,10.8,1.4,1.74,Dropout
1098,Single,1st phase - general contingent,Tourism,Daytime,Secondary Education,133.9,Yes,No,No,Yes,Female,No,18,No,6,5,12.2,6,4,11.25,0.833,0.667,11.72,9.4,-0.8,-3.12,Graduate
1099,Single,1st phase - general contingent,Journalism and Communication,Daytime,Secondary Education,124.9,No,No,No,Yes,Female,Yes,20,No,6,6,12.666666666666666,6,6,12.833333333333334,1.0,1.0,12.75,10.8,1.4,1.74,Graduate
1100,Single,1st phase - general contingent,Nursing,Daytime,Secondary Education,128.5,Yes,No,No,Yes,Female,Yes,19,No,8,8,14.07125,8,8,14.07125,1.0,1.0,14.07,9.4,-0.8,-3.12,Graduate
1101,Single,1st phase - general contingent,Veterinary Nursing,Daytime,Frequency of Higher Education,126.2,Yes,No,No,Yes,Female,No,22,No,5,4,14.25,5,5,13.2,0.8,1.0,13.72,9.4,-0.8,-3.12,Dropout
1102,Single,2nd phase - general contingent,Equinculture,Daytime,Secondary Education,121.7,Yes,No,No,No,Female,No,22,No,6,0,0.0,2,0,0.0,0.0,0.0,0.0,9.4,-0.8,-3.12,Dropout
1103,Single,1st phase - general contingent,Basic Education,Daytime,Secondary Education,120.0,Yes,No,No,Yes,Female,No,18,No,6,3,12.0,6,4,10.25,0.5,0.667,11.12,10.8,1.4,1.74,Enrolled
1104,Single,Change of course,Management,Daytime,Secondary Education,113.2,No,No,No,Yes,Female,No,21,No,10,6,11.166666666666666,10,7,10.571428571428571,0.6,0.7,10.87,7.6,2.6,0.32,Enrolled
1105,Single,1st phase - general contingent,Social Service,Daytime,Secondary Education,120.3,Yes,No,No,Yes,Female,No,19,No,6,2,13.0,6,5,11.6,0.333,0.833,12.3,7.6,2.6,0.32,Graduate
1106,Single,1st phase - general contingent,Animation and Multimedia Design,Daytime,Secondary Education,127.8,Yes,No,No,Yes,Female,No,19,No,0,0,0.0,0,0,0.0,0,0,0.0,10.8,1.4,1.74,Dropout
1107,Single,1st phase - general contingent,Nursing,Daytime,Secondary Education,123.3,Yes,No,No,Yes,Female,Yes,20,No,8,7,14.901428571428571,8,7,14.901428571428571,0.875,0.875,14.9,9.4,-0.8,-3.12,Dropout
1108,Single,1st phase - general contingent,Nursing,Daytime,Secondary Education,126.3,Yes,No,Yes,Yes,Female,Yes,18,No,7,7,12.65,8,8,12.445555555555554,1.0,1.0,12.55,15.5,2.8,-4.06,Graduate
1109,Single,Change of institution/course,Management (evening attendance),Evening,Professional Higher Technical Course,128.2,No,No,No,No,Female,No,22,No,12,7,11.0,5,5,10.6,0.583,1.0,10.8,8.9,1.4,3.51,Dropout
1110,Single,2nd phase - general contingent,Veterinary Nursing,Daytime,Secondary Education,134.9,Yes,No,No,Yes,Female,No,20,No,5,4,12.4,5,5,12.666666666666666,0.8,1.0,12.53,7.6,2.6,0.32,Graduate
1111,Single,Technological specialization diploma holders,Agronomy,Daytime,Technological Specialization Course,140.0,No,No,No,Yes,Female,No,19,No,6,6,12.0,6,6,12.666666666666666,1.0,1.0,12.33,12.4,0.5,1.79,Graduate
1112,Single,1st phase - general contingent,Nursing,Daytime,Secondary Education,115.5,Yes,No,No,Yes,Female,Yes,19,No,7,7,12.135714285714286,8,7,13.328571428571427,1.0,0.875,12.73,12.4,0.5,1.79,Graduate
1113,Single,1st phase - general contingent,Nursing,Daytime,Secondary Education,106.7,Yes,No,No,Yes,Female,Yes,20,No,7,5,12.62,7,6,12.5,0.714,0.857,12.56,11.1,0.6,2.02,Enrolled
1114,Single,Over 23 years old,Management (evening attendance),Evening,Secondary Education,140.0,No,No,No,Yes,Female,No,25,No,5,3,10.666666666666666,5,3,11.333333333333334,0.6,0.6,11.0,15.5,2.8,-4.06,Enrolled
1115,Single,1st phase - general contingent,Nursing,Daytime,Secondary Education,136.6,No,No,No,Yes,Female,Yes,19,No,7,6,13.766666666666666,8,7,14.051428571428572,0.857,0.875,13.91,15.5,2.8,-4.06,Graduate
1116,Single,3rd phase - general contingent,Nursing,Daytime,Secondary Education,119.3,Yes,No,No,Yes,Female,No,19,No,8,8,13.11625,8,8,13.11625,1.0,1.0,13.12,9.4,-0.8,-3.12,Graduate
1117,Single,1st phase - general contingent,Communication Design,Daytime,Secondary Education,152.0,Yes,No,No,No,Female,No,19,No,5,0,0.0,6,0,0.0,0.0,0.0,0.0,10.8,1.4,1.74,Dropout
1118,Single,1st phase - general contingent,Nursing,Daytime,Secondary Education,144.3,No,No,No,Yes,Female,No,20,No,7,6,12.7,8,7,13.571428571428571,0.857,0.875,13.14,13.9,-0.3,0.79,Graduate
1119,Single,Over 23 years old,Oral Hygiene,Daytime,Secondary Education,159.0,Yes,No,No,Yes,Female,No,25,No,7,7,11.857142857142858,8,5,11.7,1.0,0.625,11.78,12.4,0.5,1.79,Enrolled
1120,Single,2nd phase - general contingent,Nursing,Daytime,Secondary Education,129.5,Yes,No,No,Yes,Female,Yes,20,No,7,6,12.333333333333334,7,6,12.333333333333334,0.857,0.857,12.33,7.6,2.6,0.32,Graduate
1121,Single,Over 23 years old,Social Service,Daytime,Secondary Education,140.0,Yes,No,No,Yes,Female,No,24,No,6,4,15.75,6,5,16.4,0.667,0.833,16.08,9.4,-0.8,-3.12,Enrolled
1122,Single,1st phase - general contingent,Advertising and Marketing Management,Daytime,Secondary Education,105.4,No,No,No,Yes,Female,No,20,No,5,5,13.333333333333334,5,5,13.2,1.0,1.0,13.27,7.6,2.6,0.32,Graduate
1123,Single,Transfer,Nursing,Daytime,Secondary Education,136.0,Yes,No,No,Yes,Female,No,21,No,7,7,14.355555555555554,8,8,13.49375,1.0,1.0,13.92,15.5,2.8,-4.06,Graduate
1124,Single,Technological specialization diploma holders,Agronomy,Daytime,Technological Specialization Course,160.0,No,No,Yes,Yes,Female,Yes,19,No,6,6,13.0,6,5,13.0,1.0,0.833,13.0,15.5,2.8,-4.06,Graduate
1125,Single,1st phase - general contingent,Journalism and Communication,Daytime,Secondary Education,139.1,No,No,No,Yes,Female,Yes,19,No,6,6,12.833333333333334,6,6,13.5,1.0,1.0,13.17,16.2,0.3,-0.92,Graduate
1126,Single,1st phase - general contingent,Advertising and Marketing Management,Daytime,Secondary Education,126.9,No,No,No,Yes,Female,Yes,21,No,5,5,13.2,5,4,13.0,1.0,0.8,13.1,9.4,-0.8,-3.12,Graduate
1127,Single,Over 23 years old,Nursing,Daytime,Higher Education - Degree,184.0,No,No,No,Yes,Female,No,28,No,7,7,17.005555555555556,8,8,16.582222222222224,1.0,1.0,16.79,15.5,2.8,-4.06,Graduate
1128,Single,1st phase - general contingent,Social Service,Daytime,Secondary Education,125.0,Yes,No,Yes,No,Female,Yes,19,No,6,5,10.6,6,5,11.0,0.833,0.833,10.8,10.8,1.4,1.74,Graduate
1129,Single,1st phase - general contingent,Management,Daytime,Secondary Education,138.5,No,No,No,Yes,Female,Yes,18,No,5,5,14.0,5,5,13.6,1.0,1.0,13.8,12.4,0.5,1.79,Graduate
1130,Facto Union,2nd phase - general contingent,Nursing,Daytime,Secondary Education,133.5,Yes,No,No,Yes,Female,Yes,18,No,8,7,12.114285714285714,8,7,12.114285714285714,0.875,0.875,12.11,12.7,3.7,-1.7,Graduate
1131,Single,1st phase - general contingent,Nursing,Daytime,Secondary Education,141.5,Yes,No,No,Yes,Female,Yes,18,No,8,8,13.05875,8,8,13.05875,1.0,1.0,13.06,9.4,-0.8,-3.12,Graduate
1132,Single,Transfer,Nursing,Daytime,Secondary Education,130.0,Yes,No,No,Yes,Female,No,22,No,8,7,13.285714285714286,8,7,13.285714285714286,0.875,0.875,13.29,12.7,3.7,-1.7,Graduate
1133,Single,1st phase - general contingent,Management,Daytime,Secondary Education,131.0,Yes,No,No,Yes,Female,No,19,No,5,4,11.0,5,3,10.666666666666666,0.8,0.6,10.83,12.4,0.5,1.79,Enrolled
1134,Single,1st phase - general contingent,Nursing,Daytime,Secondary Education,145.0,No,No,No,Yes,Female,Yes,18,No,7,7,14.071428571428571,8,8,15.1625,1.0,1.0,14.62,13.9,-0.3,0.79,Graduate
1135,Single,2nd phase - general contingent,Tourism,Daytime,Secondary Education,114.3,No,No,No,No,Female,No,20,No,6,0,0.0,6,0,0.0,0.0,0.0,0.0,15.5,2.8,-4.06,Dropout
1136,Single,Technological specialization diploma holders,Animation and Multimedia Design,Daytime,Technological Specialization Course,108.3,No,No,No,No,Female,No,26,No,9,4,11.25,10,3,11.0,0.444,0.3,11.12,12.4,0.5,1.79,Dropout
1137,Single,1st phase - general contingent,Communication Design,Daytime,Secondary Education,125.2,Yes,No,No,Yes,Female,Yes,18,No,6,6,14.0,6,6,13.625,1.0,1.0,13.81,10.8,1.4,1.74,Graduate
1138,Single,1st phase - general contingent,Tourism,Daytime,Secondary Education,131.7,Yes,No,No,Yes,Female,Yes,21,No,6,6,12.166666666666666,6,3,11.666666666666666,1.0,0.5,11.92,10.8,1.4,1.74,Dropout
1139,Single,2nd phase - general contingent,Nursing,Daytime,Secondary Education,126.3,Yes,No,No,Yes,Female,No,18,No,8,7,13.297142857142855,8,7,13.297142857142855,0.875,0.875,13.3,10.8,1.4,1.74,Graduate
1140,Single,1st phase - general contingent,Veterinary Nursing,Daytime,Secondary Education,147.6,Yes,No,No,Yes,Female,No,20,No,6,6,13.923076923076923,6,6,14.25,1.0,1.0,14.09,15.5,2.8,-4.06,Graduate
1141,Single,1st phase - general contingent,Nursing,Daytime,Secondary Education,125.1,Yes,No,No,Yes,Female,No,18,No,7,7,13.37,8,7,12.833333333333334,1.0,0.875,13.1,15.5,2.8,-4.06,Graduate
1142,Single,2nd phase - general contingent,Management,Daytime,Secondary Education,123.8,No,No,No,Yes,Female,Yes,19,No,5,5,12.4,5,3,11.0,1.0,0.6,11.7,12.7,3.7,-1.7,Enrolled
1143,Single,1st phase - general contingent,Advertising and Marketing Management,Daytime,Secondary Education,130.8,Yes,No,No,Yes,Female,No,20,No,5,4,15.0,5,4,13.75,0.8,0.8,14.38,7.6,2.6,0.32,Dropout
1144,Single,1st phase - general contingent,Basic Education,Daytime,Secondary Education,154.1,No,No,Yes,Yes,Female,Yes,18,No,6,6,13.333333333333334,6,6,12.571428571428571,1.0,1.0,12.95,12.7,3.7,-1.7,Graduate
1145,Single,1st phase - special contingent (Madeira Island),Management,Daytime,Secondary Education,122.6,Yes,No,No,Yes,Female,Yes,20,No,5,3,12.0,5,4,12.625,0.6,0.8,12.31,10.8,1.4,1.74,Enrolled
1146,Single,1st phase - general contingent,Social Service (evening attendance),Evening,Secondary Education,103.5,Yes,No,No,Yes,Female,No,22,No,6,5,13.4,6,5,12.2,0.833,0.833,12.8,7.6,2.6,0.32,Graduate
1147,Single,1st phase - general contingent,Animation and Multimedia Design,Daytime,Secondary Education,132.8,Yes,No,No,Yes,Female,No,18,No,0,0,0.0,0,0,0.0,0,0,0.0,7.6,2.6,0.32,Enrolled
1148,Single,Change of institution/course,Management (evening attendance),Evening,Secondary Education,100.0,No,No,No,Yes,Female,No,21,No,5,4,11.5,5,5,11.4,0.8,1.0,11.45,8.9,1.4,3.51,Graduate
1149,Single,3rd phase - general contingent,Basic Education,Daytime,Secondary Education,115.8,No,No,No,Yes,Female,No,18,No,7,6,12.0,7,6,12.166666666666666,0.857,0.857,12.08,13.9,-0.3,0.79,Enrolled
1150,Single,1st phase - general contingent,Nursing,Daytime,Secondary Education,133.8,No,No,No,Yes,Female,No,18,No,8,7,13.485714285714284,8,7,13.485714285714284,0.875,0.875,13.49,12.7,3.7,-1.7,Graduate
1151,Single,1st phase - general contingent,Communication Design,Daytime,Secondary Education,118.5,No,Yes,No,Yes,Female,Yes,18,No,6,6,12.0,6,6,11.285714285714286,1.0,1.0,11.64,8.9,1.4,3.51,Graduate
1152,Single,2nd phase - general contingent,Animation and Multimedia Design,Daytime,Secondary Education,150.3,Yes,No,No,Yes,Female,No,19,No,0,0,0.0,0,0,0.0,0,0,0.0,15.5,2.8,-4.06,Dropout
1153,Single,2nd phase - general contingent,Management,Daytime,Secondary Education,107.8,Yes,No,No,Yes,Female,No,19,No,5,3,10.333333333333334,5,3,14.428571428571429,0.6,0.6,12.38,10.8,1.4,1.74,Enrolled
1154,Single,1st phase - general contingent,Nursing,Daytime,Secondary Education,127.5,Yes,No,No,Yes,Female,No,19,No,7,5,12.94,7,5,13.76,0.714,0.714,13.35,16.2,0.3,-0.92,Enrolled
1155,Single,1st phase - general contingent,Nursing,Daytime,Secondary Education,120.5,Yes,No,No,Yes,Female,No,19,No,8,7,13.258571428571427,8,7,13.258571428571427,0.875,0.875,13.26,10.8,1.4,1.74,Graduate
1156,Single,1st phase - general contingent,Management,Daytime,Secondary Education,117.3,Yes,No,No,Yes,Female,No,19,No,5,4,12.25,5,4,12.0,0.8,0.8,12.12,8.9,1.4,3.51,Enrolled
1157,Single,2nd phase - general contingent,Tourism,Daytime,Secondary Education,120.6,Yes,No,No,No,Female,No,19,No,6,3,11.666666666666666,6,1,10.0,0.5,0.167,10.83,10.8,1.4,1.74,Dropout
1158,Single,1st phase - special contingent (Madeira Island),Tourism,Daytime,Secondary Education,118.7,Yes,No,No,Yes,Female,Yes,21,No,6,6,13.571428571428571,6,6,12.5,1.0,1.0,13.04,8.9,1.4,3.51,Graduate
1159,Single,1st phase - general contingent,Journalism and Communication,Daytime,Secondary Education,130.8,No,No,No,Yes,Female,Yes,20,Yes,6,5,11.8,6,5,11.833333333333334,0.833,0.833,11.82,15.5,2.8,-4.06,Graduate
1160,Single,1st phase - general contingent,Management,Daytime,Secondary Education,112.6,Yes,No,No,Yes,Female,Yes,20,No,5,5,14.2,5,5,13.285714285714286,1.0,1.0,13.74,11.1,0.6,2.02,Graduate
1161,Single,Over 23 years old,Management (evening attendance),Evening,Basic Education 3rd Cycle,117.2,No,No,No,Yes,Female,No,41,No,5,5,11.0,5,5,11.8,1.0,1.0,11.4,7.6,2.6,0.32,Graduate
1162,Divorced,Holders of other higher courses,Nursing,Daytime,Higher Education - Degree (1st cycle),130.0,Yes,No,No,Yes,Female,No,32,No,7,4,13.625,7,7,12.6375,0.571,1.0,13.13,12.4,0.5,1.79,Enrolled
1163,Single,2nd phase - general contingent,Nursing,Daytime,Secondary Education,131.8,Yes,No,No,Yes,Female,No,18,No,8,7,14.652857142857142,8,7,14.652857142857142,0.875,0.875,14.65,10.8,1.4,1.74,Graduate
1164,Divorced,Over 23 years old,Social Service (evening attendance),Evening,Secondary Education,97.0,No,No,No,Yes,Female,Yes,35,No,6,6,11.333333333333334,6,6,11.333333333333334,1.0,1.0,11.33,15.5,2.8,-4.06,Graduate
1165,Single,Over 23 years old,Nursing,Daytime,Secondary Education,130.0,No,No,Yes,No,Female,No,32,No,7,4,13.7,7,0,0.0,0.571,0.0,6.85,16.2,0.3,-0.92,Dropout
1166,Single,Over 23 years old,Social Service (evening attendance),Evening,Higher Education - Degree (1st cycle),148.0,No,No,No,Yes,Female,No,37,No,11,11,13.727272727272728,8,8,14.75,1.0,1.0,14.24,12.4,0.5,1.79,Graduate
1167,Married,Over 23 years old,Management,Daytime,Higher Education - Degree,103.4,No,No,No,Yes,Female,No,30,No,7,7,11.75,8,7,11.142857142857142,1.0,0.875,11.45,12.7,3.7,-1.7,Dropout
1168,Single,Change of course,Journalism and Communication,Daytime,Secondary Education,127.1,No,No,No,Yes,Male,No,23,No,6,6,12.333333333333334,6,5,13.0,1.0,0.833,12.67,7.6,2.6,0.32,Graduate
1169,Single,2nd phase - general contingent,Journalism and Communication,Daytime,Secondary Education,124.0,Yes,No,No,Yes,Female,Yes,20,No,6,6,14.0,6,6,13.857142857142858,1.0,1.0,13.93,15.5,2.8,-4.06,Dropout
1170,Single,1st phase - general contingent,Advertising and Marketing Management,Daytime,Secondary Education,121.4,No,No,No,Yes,Male,No,21,No,5,4,11.5,5,4,11.75,0.8,0.8,11.62,9.4,-0.8,-3.12,Graduate
1171,Single,1st phase - general contingent,Management,Daytime,Secondary Education,118.1,No,No,No,Yes,Male,No,19,No,5,5,11.2,5,5,13.2,1.0,1.0,12.2,12.4,0.5,1.79,Graduate
1172,Single,2nd phase - general contingent,Nursing,Daytime,Secondary Education,121.3,Yes,No,No,Yes,Male,Yes,18,No,8,7,15.07,8,7,15.07,0.875,0.875,15.07,10.8,1.4,1.74,Graduate
1173,Single,Transfer,Informatics Engineering,Daytime,Secondary Education,119.5,No,No,No,Yes,Male,No,18,No,5,1,10.0,5,1,12.0,0.2,0.2,11.0,10.8,1.4,1.74,Dropout
1174,Single,Over 23 years old,Management (evening attendance),Evening,Secondary Education,115.2,No,No,No,Yes,Male,No,24,No,5,4,12.0,5,5,12.666666666666666,0.8,1.0,12.33,12.4,0.5,1.79,Enrolled
1175,Single,3rd phase - general contingent,Advertising and Marketing Management,Daytime,Secondary Education,130.2,Yes,No,No,Yes,Male,No,22,No,6,4,13.0,6,4,12.6,0.667,0.667,12.8,12.7,3.7,-1.7,Graduate
1176,Single,2nd phase - general contingent,Tourism,Daytime,Secondary Education,130.0,Yes,No,No,Yes,Male,No,18,No,6,4,11.0,6,3,11.25,0.667,0.5,11.12,16.2,0.3,-0.92,Dropout
1177,Single,1st phase - special contingent (Madeira Island),Social Service,Daytime,Secondary Education,126.9,Yes,No,No,Yes,Female,No,18,No,6,6,13.571428571428571,6,5,12.166666666666666,1.0,0.833,12.87,9.4,-0.8,-3.12,Graduate
1178,Single,1st phase - general contingent,Communication Design,Daytime,Secondary Education,168.5,Yes,No,No,Yes,Male,No,21,Yes,6,5,14.6,6,5,14.2,0.833,0.833,14.4,16.2,0.3,-0.92,Graduate
1179,Divorced,Over 23 years old,Nursing,Daytime,Secondary Education,130.0,No,No,Yes,Yes,Female,No,38,No,7,3,11.833333333333334,7,2,10.0,0.429,0.286,10.92,16.2,0.3,-0.92,Dropout
1180,Single,3rd phase - general contingent,Oral Hygiene,Daytime,Secondary Education,122.8,No,No,No,Yes,Female,Yes,19,No,7,7,12.625,8,8,12.5125,1.0,1.0,12.57,12.7,3.7,-1.7,Graduate
1181,Legally Separated,Over 23 years old,Nursing,Daytime,Secondary Education,110.0,No,No,No,Yes,Female,No,36,No,7,4,11.5,7,3,12.333333333333334,0.571,0.429,11.92,16.2,0.3,-0.92,Dropout
1182,Single,1st phase - special contingent (Madeira Island),Veterinary Nursing,Daytime,Secondary Education,127.1,Yes,No,No,Yes,Female,No,18,No,5,4,13.25,5,4,10.5,0.8,0.8,11.88,12.7,3.7,-1.7,Graduate
1183,Single,1st phase - general contingent,Nursing,Daytime,Secondary Education,108.5,Yes,No,No,Yes,Female,No,19,No,7,7,12.60625,8,6,11.9,1.0,0.75,12.25,12.4,0.5,1.79,Graduate
1184,Single,Short cycle diploma holders,Veterinary Nursing,Daytime,Professional Higher Technical Course,138.2,No,No,Yes,No,Female,No,21,No,10,8,13.75,9,5,13.2,0.8,0.556,13.48,8.9,1.4,3.51,Dropout
1185,Single,1st phase - general contingent,Nursing,Daytime,Secondary Education,96.0,Yes,No,No,Yes,Female,No,19,No,7,6,13.598333333333334,8,6,11.933333333333332,0.857,0.75,12.77,11.1,0.6,2.02,Enrolled
1186,Single,1st phase - general contingent,Social Service,Daytime,Secondary Education,124.5,No,No,No,Yes,Female,Yes,18,No,6,5,11.142857142857142,6,6,12.285714285714286,0.833,1.0,11.71,16.2,0.3,-0.92,Graduate
1187,Married,Holders of other higher courses,Nursing,Daytime,Higher Education - Degree,120.0,Yes,No,No,Yes,Female,No,45,No,11,11,12.7,10,10,12.96818181818182,1.0,1.0,12.83,13.9,-0.3,0.79,Enrolled
1188,Single,2nd phase - general contingent,Management,Daytime,Secondary Education,132.3,Yes,No,No,Yes,Female,No,20,No,5,1,10.0,5,1,11.0,0.2,0.2,10.5,7.6,2.6,0.32,Dropout
1189,Single,2nd phase - general contingent,Tourism,Daytime,Secondary Education,120.7,Yes,No,Yes,Yes,Female,No,18,No,6,6,11.666666666666666,6,4,11.5,1.0,0.667,11.58,13.9,-0.3,0.79,Graduate
1190,Single,1st phase - general contingent,Advertising and Marketing Management,Daytime,Secondary Education,132.6,No,No,No,Yes,Female,Yes,18,No,6,6,14.0,6,6,13.142857142857142,1.0,1.0,13.57,11.1,0.6,2.02,Graduate
1191,Single,Holders of other higher courses,Equinculture,Daytime,Higher Education - Degree,140.0,No,No,No,Yes,Female,No,25,No,5,0,0.0,5,0,0.0,0.0,0.0,0.0,10.8,1.4,1.74,Dropout
1192,Single,1st phase - general contingent,Nursing,Daytime,Secondary Education,124.5,Yes,No,No,Yes,Female,No,19,No,8,7,12.04142857142857,8,7,12.04142857142857,0.875,0.875,12.04,10.8,1.4,1.74,Graduate
1193,Single,1st phase - general contingent,Animation and Multimedia Design,Daytime,Secondary Education,142.0,Yes,No,No,Yes,Female,Yes,18,No,0,0,0.0,0,0,0.0,0,0,0.0,13.9,-0.3,0.79,Graduate
1194,Single,Holders of other higher courses,Tourism,Daytime,Higher Education - Degree (1st cycle),130.0,No,No,No,Yes,Female,No,39,No,13,13,13.76923076923077,12,12,14.583333333333334,1.0,1.0,14.18,13.9,-0.3,0.79,Graduate
1195,Married,Over 23 years old,Agronomy,Daytime,Secondary Education,144.0,No,No,No,Yes,Female,No,29,No,18,18,15.444444444444445,13,13,15.307692307692308,1.0,1.0,15.38,15.5,2.8,-4.06,Graduate
1196,Single,2nd phase - general contingent,Basic Education,Daytime,Secondary Education,128.5,Yes,No,No,Yes,Female,No,18,No,7,6,11.5,7,7,12.714285714285714,0.857,1.0,12.11,13.9,-0.3,0.79,Enrolled
1197,Single,Holders of other higher courses,Communication Design,Daytime,Higher Education - Degree,140.0,No,No,No,No,Female,No,23,No,3,2,10.0,6,0,0.0,0.667,0.0,5.0,10.8,1.4,1.74,Dropout
1198,Single,Transfer,Basic Education,Daytime,Secondary Education,113.9,Yes,No,No,Yes,Female,No,21,No,6,4,12.25,6,3,10.333333333333334,0.667,0.5,11.29,12.7,3.7,-1.7,Dropout
1199,Single,1st phase - general contingent,Social Service,Daytime,Secondary Education,137.2,No,No,No,No,Female,No,18,No,6,6,14.5,6,6,15.166666666666666,1.0,1.0,14.83,10.8,1.4,1.74,Graduate
1200,Single,Holders of other higher courses,Veterinary Nursing,Daytime,Higher Education - Degree (1st cycle),140.0,Yes,No,No,Yes,Female,No,23,No,6,6,15.571428571428571,6,6,16.375,1.0,1.0,15.97,12.4,0.5,1.79,Graduate
1201,Single,1st phase - general contingent,Equinculture,Daytime,Secondary Education,152.3,No,No,No,Yes,Female,No,18,No,6,6,15.571428571428571,6,6,14.714285714285714,1.0,1.0,15.14,11.1,0.6,2.02,Graduate
1202,Married,Over 23 years old,Social Service (evening attendance),Evening,Basic Education 3rd Cycle,112.5,No,No,No,Yes,Female,No,32,No,6,5,13.8,6,6,12.166666666666666,0.833,1.0,12.98,9.4,-0.8,-3.12,Graduate
1203,Married,Over 23 years old,Management,Daytime,Secondary Education,101.0,No,No,Yes,No,Female,No,29,No,5,3,10.666666666666666,5,2,14.8,0.6,0.4,12.73,10.8,1.4,1.74,Dropout
1204,Single,1st phase - general contingent,Social Service,Daytime,Secondary Education,112.3,Yes,No,Yes,Yes,Female,Yes,20,No,6,5,11.6,6,4,11.75,0.833,0.667,11.68,8.9,1.4,3.51,Graduate
1205,Single,Over 23 years old,Social Service,Daytime,Secondary Education,114.0,Yes,No,No,No,Female,No,28,No,6,1,13.0,6,0,0.0,0.167,0.0,6.5,9.4,-0.8,-3.12,Dropout
1206,Single,Holders of other higher courses,Management,Daytime,Higher Education - Degree,130.0,No,No,No,Yes,Female,No,27,No,5,3,12.0,5,4,13.625,0.6,0.8,12.81,10.8,1.4,1.74,Graduate
1207,Single,Change of course,Nursing,Daytime,Secondary Education,121.5,No,No,Yes,Yes,Female,No,22,No,14,12,12.333333333333334,14,12,12.333333333333334,0.857,0.857,12.33,7.6,2.6,0.32,Graduate
1208,Married,Over 23 years old,Agronomy,Daytime,Basic Education 3rd Cycle,120.0,No,No,Yes,Yes,Female,No,37,No,6,6,12.875,6,6,12.9,1.0,1.0,12.89,16.2,0.3,-0.92,Enrolled
1209,Single,Holders of other higher courses,Social Service (evening attendance),Evening,Higher Education - Degree,130.0,No,No,No,No,Female,No,28,No,6,1,11.0,6,0,0.0,0.167,0.0,5.5,12.7,3.7,-1.7,Dropout
1210,Married,Over 23 years old,Agronomy,Daytime,Secondary Education,125.7,No,No,Yes,No,Female,No,43,No,6,4,12.25,6,4,10.5,0.667,0.667,11.38,8.9,1.4,3.51,Dropout
1211,Single,Change of course,Oral Hygiene,Daytime,Secondary Education,128.0,Yes,No,No,No,Female,No,32,No,7,0,0.0,8,0,0.0,0.0,0.0,0.0,10.8,1.4,1.74,Dropout
1212,Single,2nd phase - general contingent,Social Service,Daytime,Secondary Education,113.2,No,No,No,Yes,Female,Yes,20,No,6,4,10.75,6,5,11.5,0.667,0.833,11.12,15.5,2.8,-4.06,Enrolled
1213,Divorced,Over 23 years old,Nursing,Daytime,Basic Education 3rd Cycle,120.0,No,No,No,Yes,Female,Yes,35,No,8,8,13.63,8,8,13.63,1.0,1.0,13.63,9.4,-0.8,-3.12,Graduate
1214,Single,1st phase - general contingent,Advertising and Marketing Management,Daytime,Secondary Education,117.8,Yes,No,No,Yes,Female,No,21,No,5,3,13.0,5,4,11.5,0.6,0.8,12.25,7.6,2.6,0.32,Graduate
1215,Single,1st phase - general contingent,Nursing,Daytime,Secondary Education,121.3,Yes,No,No,Yes,Female,Yes,18,No,7,6,13.533333333333331,7,7,12.228571428571428,0.857,1.0,12.88,12.4,0.5,1.79,Enrolled
1216,Single,1st phase - general contingent,Nursing,Daytime,Secondary Education,169.7,No,No,No,Yes,Female,Yes,18,No,7,7,16.9,8,8,16.37777777777778,1.0,1.0,16.64,16.2,0.3,-0.92,Graduate
1217,Single,2nd phase - general contingent,Social Service,Daytime,Secondary Education,117.7,Yes,No,No,Yes,Female,No,18,No,6,5,12.0,6,4,12.0,0.833,0.667,12.0,16.2,0.3,-0.92,Graduate
1218,Single,Technological specialization diploma holders,Social Service (evening attendance),Evening,Technological Specialization Course,121.8,Yes,No,No,Yes,Female,No,22,No,6,6,12.5,6,6,13.285714285714286,1.0,1.0,12.89,12.4,0.5,1.79,Graduate
1219,Single,1st phase - general contingent,Nursing,Daytime,Secondary Education,128.3,Yes,No,No,Yes,Female,No,19,No,8,7,12.764285714285714,8,7,12.764285714285714,0.875,0.875,12.76,10.8,1.4,1.74,Graduate
1220,Single,3rd phase - general contingent,Management,Daytime,Secondary Education,132.2,Yes,No,No,Yes,Female,Yes,18,No,5,5,13.75,5,5,12.166666666666666,1.0,1.0,12.96,13.9,-0.3,0.79,Graduate
1221,Single,1st phase - general contingent,Animation and Multimedia Design,Daytime,Secondary Education,134.3,Yes,No,Yes,Yes,Female,No,19,No,0,0,0.0,0,0,0.0,0,0,0.0,12.4,0.5,1.79,Dropout
1222,Single,1st phase - general contingent,Nursing,Daytime,Secondary Education,123.4,No,No,No,Yes,Female,Yes,18,No,7,7,14.604285714285712,8,8,15.68333333333333,1.0,1.0,15.14,11.1,0.6,2.02,Graduate
1223,Married,Over 23 years old,Management (evening attendance),Evening,Basic Education 3rd Cycle,121.7,No,No,Yes,No,Female,No,31,No,5,0,0.0,5,0,0.0,0.0,0.0,0.0,16.2,0.3,-0.92,Dropout
1224,Married,Over 23 years old,Social Service (evening attendance),Evening,Basic Education 3rd Cycle,130.0,No,No,Yes,Yes,Female,Yes,33,No,6,5,13.833333333333334,6,6,12.5,0.833,1.0,13.17,9.4,-0.8,-3.12,Graduate
1225,Single,1st phase - general contingent,Nursing,Daytime,Secondary Education,126.5,Yes,No,No,Yes,Female,Yes,19,No,8,8,13.57625,8,8,13.57625,1.0,1.0,13.58,9.4,-0.8,-3.12,Graduate
1226,Single,2nd phase - general contingent,Social Service,Daytime,Secondary Education,159.7,Yes,No,No,Yes,Female,Yes,18,No,6,6,15.142857142857142,6,6,15.833333333333334,1.0,1.0,15.49,12.7,3.7,-1.7,Graduate
1227,Single,1st phase - general contingent,Management,Daytime,Secondary Education,151.3,No,No,No,Yes,Female,No,23,No,5,3,10.666666666666666,5,5,11.6,0.6,1.0,11.13,7.6,2.6,0.32,Graduate
1228,Single,2nd phase - general contingent,Social Service,Daytime,Secondary Education,138.0,Yes,No,No,Yes,Female,No,20,No,6,5,11.2,6,6,12.0,0.833,1.0,11.6,9.4,-0.8,-3.12,Graduate
1229,Single,1st phase - general contingent,Nursing,Daytime,Secondary Education,126.5,Yes,No,No,Yes,Female,No,18,No,8,8,13.76375,8,8,13.76375,1.0,1.0,13.76,9.4,-0.8,-3.12,Graduate
1230,Single,Short cycle diploma holders,Veterinary Nursing,Daytime,Professional Higher Technical Course,140.0,Yes,No,Yes,Yes,Female,No,21,No,9,8,13.25,9,5,12.2,0.889,0.556,12.72,8.9,1.4,3.51,Enrolled
1231,Single,1st phase - general contingent,Social Service,Daytime,Secondary Education,112.3,No,No,No,Yes,Female,Yes,22,No,6,5,10.714285714285714,6,5,12.2,0.833,0.833,11.46,12.7,3.7,-1.7,Graduate
1232,Single,1st phase - general contingent,Social Service,Daytime,Secondary Education,127.3,Yes,No,Yes,Yes,Female,No,20,No,6,6,12.166666666666666,6,6,11.666666666666666,1.0,1.0,11.92,9.4,-0.8,-3.12,Graduate
1233,Single,Holders of other higher courses,Nursing,Daytime,Higher Education - Degree,130.0,Yes,No,No,Yes,Female,No,23,No,7,6,14.357142857142858,7,6,14.357142857142858,0.857,0.857,14.36,7.6,2.6,0.32,Graduate
1234,Single,2nd phase - general contingent,Journalism and Communication,Daytime,Secondary Education,115.0,Yes,No,No,Yes,Female,No,19,No,6,6,12.833333333333334,6,6,12.666666666666666,1.0,1.0,12.75,16.2,0.3,-0.92,Graduate
1235,Single,2nd phase - general contingent,Nursing,Daytime,Secondary Education,131.5,Yes,No,No,Yes,Female,No,19,No,8,7,13.925714285714283,8,7,13.925714285714283,0.875,0.875,13.93,10.8,1.4,1.74,Graduate
1236,Single,Over 23 years old,Management (evening attendance),Evening,Secondary Education,125.7,No,No,No,Yes,Female,No,26,No,5,2,12.0,5,3,11.0,0.4,0.6,11.5,10.8,1.4,1.74,Dropout
1237,Single,1st phase - general contingent,Nursing,Daytime,Secondary Education,126.8,Yes,No,No,Yes,Female,No,18,No,7,7,13.44285714285714,8,8,13.744444444444444,1.0,1.0,13.59,16.2,0.3,-0.92,Graduate
1238,Single,3rd phase - general contingent,Informatics Engineering,Daytime,Secondary Education,132.4,Yes,No,No,Yes,Male,No,18,No,5,1,16.0,5,0,0.0,0.2,0.0,8.0,9.4,-0.8,-3.12,Dropout
1239,Single,Technological specialization diploma holders,Agronomy,Daytime,Technological Specialization Course,150.0,Yes,No,No,Yes,Male,No,20,No,6,6,13.125,6,6,13.2,1.0,1.0,13.16,16.2,0.3,-0.92,Graduate
1240,Single,1st phase - general contingent,Advertising and Marketing Management,Daytime,Secondary Education,95.0,No,No,No,Yes,Male,No,19,No,6,0,0.0,6,0,0.0,0.0,0.0,0.0,15.5,2.8,-4.06,Dropout
1241,Single,Change of course,Management (evening attendance),Evening,Secondary Education,128.2,No,No,No,No,Male,No,32,No,9,5,11.4,4,4,11.0,0.556,1.0,11.2,10.8,1.4,1.74,Dropout
1242,Married,Over 23 years old,Equinculture,Daytime,Secondary Education,130.0,No,No,No,No,Male,No,31,No,4,2,11.0,5,3,11.666666666666666,0.5,0.6,11.33,9.4,-0.8,-3.12,Dropout
1243,Single,Over 23 years old,Informatics Engineering,Daytime,Basic Education 3rd Cycle,100.0,No,No,No,Yes,Male,No,25,No,5,1,11.0,5,1,10.0,0.2,0.2,10.5,13.9,-0.3,0.79,Enrolled
1244,Single,Transfer,Veterinary Nursing,Daytime,Technological Specialization Course,159.9,Yes,No,No,Yes,Female,No,21,No,6,5,13.666666666666666,6,5,13.0,0.833,0.833,13.33,16.2,0.3,-0.92,Graduate
1245,Married,Change of course,Management (evening attendance),Evening,Secondary Education,100.0,No,No,No,No,Female,No,31,No,6,4,11.75,5,1,10.0,0.667,0.2,10.88,12.7,3.7,-1.7,Dropout
1246,Married,Over 23 years old,Basic Education,Daytime,Secondary Education,116.5,No,No,No,Yes,Female,No,34,No,7,1,10.0,7,1,13.0,0.143,0.143,11.5,16.2,0.3,-0.92,Dropout
1247,Single,1st phase - general contingent,Social Service,Daytime,Secondary Education,120.0,No,No,No,Yes,Female,Yes,18,No,6,6,13.5,6,6,12.833333333333334,1.0,1.0,13.17,11.1,0.6,2.02,Graduate
1248,Single,1st phase - general contingent,Social Service,Daytime,Secondary Education,117.0,Yes,No,Yes,Yes,Female,No,19,No,6,0,0.0,6,0,0.0,0.0,0.0,0.0,12.4,0.5,1.79,Dropout
1249,Single,Short cycle diploma holders,Advertising and Marketing Management,Daytime,Professional Higher Technical Course,140.0,Yes,No,Yes,Yes,Female,No,21,No,6,1,12.0,6,1,11.0,0.167,0.167,11.5,8.9,1.4,3.51,Enrolled
1250,Single,1st phase - general contingent,Basic Education,Daytime,Secondary Education,118.1,Yes,No,No,No,Female,No,18,No,6,3,13.0,6,5,11.8,0.5,0.833,12.4,9.4,-0.8,-3.12,Dropout
1251,Single,1st phase - general contingent,Tourism,Daytime,Secondary Education,153.5,Yes,No,No,Yes,Female,No,20,No,6,6,14.833333333333334,6,6,16.0,1.0,1.0,15.42,11.1,0.6,2.02,Graduate
1252,Single,Change of course,Journalism and Communication,Daytime,Secondary Education,127.9,Yes,No,No,Yes,Female,No,20,No,6,6,11.833333333333334,6,6,12.857142857142858,1.0,1.0,12.35,15.5,2.8,-4.06,Graduate
1253,Single,2nd phase - general contingent,Advertising and Marketing Management,Daytime,Secondary Education,118.8,Yes,Yes,No,Yes,Female,Yes,18,No,6,5,12.0,6,5,12.333333333333334,0.833,0.833,12.17,11.1,0.6,2.02,Graduate
1254,Single,1st phase - general contingent,Social Service,Daytime,Secondary Education,126.7,Yes,No,No,Yes,Female,No,19,No,6,4,12.75,6,6,11.333333333333334,0.667,1.0,12.04,7.6,2.6,0.32,Graduate
1255,Single,Change of course,Veterinary Nursing,Daytime,Secondary Education,170.0,Yes,No,No,Yes,Female,No,19,No,5,0,0.0,5,4,14.75,0.0,0.8,7.38,12.7,3.7,-1.7,Enrolled
1256,Divorced,Over 23 years old,Equinculture,Daytime,Secondary Education,110.0,Yes,No,No,Yes,Female,Yes,30,No,6,0,0.0,6,1,10.0,0.0,0.167,5.0,11.1,0.6,2.02,Dropout
1257,Single,2nd phase - general contingent,Social Service,Daytime,Secondary Education,115.0,Yes,No,No,Yes,Female,No,19,No,6,6,12.0,6,6,12.857142857142858,1.0,1.0,12.43,11.1,0.6,2.02,Graduate
1258,Single,1st phase - general contingent,Oral Hygiene,Daytime,Secondary Education,119.0,Yes,No,No,Yes,Female,No,19,No,7,7,11.677777777777775,8,8,13.8,1.0,1.0,12.74,12.7,3.7,-1.7,Graduate
1259,Single,1st phase - general contingent,Nursing,Daytime,Secondary Education,121.8,Yes,No,No,Yes,Female,Yes,19,No,8,7,13.6,8,7,13.6,0.875,0.875,13.6,12.7,3.7,-1.7,Graduate
1260,Single,1st phase - general contingent,Veterinary Nursing,Daytime,Secondary Education,133.4,Yes,No,No,Yes,Female,No,19,No,6,6,16.0,6,6,15.875,1.0,1.0,15.94,12.4,0.5,1.79,Graduate
1261,Single,1st phase - general contingent,Social Service,Daytime,Secondary Education,131.4,Yes,No,No,Yes,Female,No,20,No,6,5,11.8,6,6,11.5,0.833,1.0,11.65,7.6,2.6,0.32,Graduate
1262,Single,Transfer,Informatics Engineering,Daytime,Secondary Education,135.0,No,No,Yes,Yes,Male,No,25,No,5,0,0.0,6,2,14.0,0.0,0.333,7.0,13.9,-0.3,0.79,Dropout
1263,Single,1st phase - general contingent,Journalism and Communication,Daytime,Secondary Education,122.8,No,No,No,Yes,Male,No,19,No,6,0,0.0,6,0,0.0,0.0,0.0,0.0,12.4,0.5,1.79,Dropout
1264,Married,Over 23 years old,Basic Education,Daytime,Secondary Education,140.0,No,No,Yes,Yes,Female,Yes,34,No,6,6,16.142857142857142,6,6,16.2,1.0,1.0,16.17,9.4,-0.8,-3.12,Graduate
1265,Single,3rd phase - general contingent,Nursing,Daytime,Secondary Education,125.3,Yes,No,No,Yes,Female,Yes,18,No,8,7,11.785714285714286,8,7,11.785714285714286,0.875,0.875,11.79,12.7,3.7,-1.7,Graduate
1266,Single,1st phase - general contingent,Nursing,Daytime,Secondary Education,126.3,Yes,No,No,Yes,Female,Yes,18,No,8,8,13.42375,8,8,13.42375,1.0,1.0,13.42,9.4,-0.8,-3.12,Graduate
1267,Single,1st phase - general contingent,Advertising and Marketing Management,Daytime,Secondary Education,100.0,No,No,No,Yes,Female,No,20,No,6,6,12.5,6,5,14.166666666666666,1.0,0.833,13.33,11.1,0.6,2.02,Graduate
1268,Single,2nd phase - general contingent,Nursing,Daytime,Secondary Education,121.3,Yes,No,No,Yes,Female,Yes,20,No,8,7,12.464285714285714,8,7,12.464285714285714,0.875,0.875,12.46,10.8,1.4,1.74,Graduate
1269,Single,Short cycle diploma holders,Management (evening attendance),Evening,Secondary Education,135.0,No,No,Yes,Yes,Female,No,23,No,11,8,12.375,9,5,12.6,0.727,0.556,12.49,8.9,1.4,3.51,Enrolled
1270,Single,Over 23 years old,Advertising and Marketing Management,Daytime,Secondary Education,120.0,No,No,No,Yes,Female,No,28,No,6,1,10.0,6,0,0.0,0.167,0.0,5.0,10.8,1.4,1.74,Dropout
1271,Single,2nd phase - general contingent,Journalism and Communication,Daytime,Secondary Education,113.7,No,No,No,Yes,Female,No,18,No,6,5,12.6,6,6,12.428571428571429,0.833,1.0,12.51,15.5,2.8,-4.06,Enrolled
1272,Single,Change of course,Management,Daytime,Secondary Education,129.7,Yes,No,No,Yes,Female,No,19,No,5,5,12.6,5,4,12.4,1.0,0.8,12.5,16.2,0.3,-0.92,Graduate
1273,Married,1st phase - general contingent,Management,Daytime,Secondary Education,132.1,Yes,No,No,Yes,Female,No,34,No,5,2,10.0,5,4,12.0,0.4,0.8,11.0,7.6,2.6,0.32,Dropout
1274,Married,Change of institution/course,Basic Education,Daytime,Secondary Education,120.3,No,No,No,Yes,Female,No,35,No,7,0,0.0,6,0,0.0,0.0,0.0,0.0,8.9,1.4,3.51,Dropout
1275,Single,Holders of other higher courses,Management (evening attendance),Evening,Higher Education - Degree (1st cycle),120.0,No,No,No,Yes,Female,No,32,No,5,5,11.6,5,5,12.333333333333334,1.0,1.0,11.97,12.4,0.5,1.79,Graduate
1276,Single,2nd phase - general contingent,Tourism,Daytime,Secondary Education,123.1,Yes,No,No,Yes,Female,No,19,No,6,6,12.166666666666666,6,6,13.5,1.0,1.0,12.83,11.1,0.6,2.02,Graduate
1277,Single,2nd phase - general contingent,Advertising and Marketing Management,Daytime,Secondary Education,119.4,Yes,No,No,Yes,Female,No,18,No,6,4,13.6,6,5,12.666666666666666,0.667,0.833,13.13,11.1,0.6,2.02,Graduate
1278,Married,Over 23 years old,Management,Daytime,Secondary Education,140.0,No,No,No,No,Female,No,35,No,5,4,12.5,5,5,11.8,0.8,1.0,12.15,9.4,-0.8,-3.12,Dropout
1279,Single,Over 23 years old,Social Service (evening attendance),Evening,Secondary Education,116.5,No,No,No,Yes,Male,Yes,24,No,6,4,12.25,6,4,11.5,0.667,0.667,11.88,12.4,0.5,1.79,Enrolled
1280,Single,2nd phase - general contingent,Social Service,Daytime,Secondary Education,113.0,Yes,No,No,Yes,Female,Yes,20,No,6,6,11.714285714285714,6,6,12.625,1.0,1.0,12.17,13.9,-0.3,0.79,Graduate
1281,Single,1st phase - general contingent,Journalism and Communication,Daytime,Secondary Education,133.9,Yes,No,No,Yes,Male,Yes,18,Yes,6,6,13.5,6,6,13.0,1.0,1.0,13.25,16.2,0.3,-0.92,Graduate
1282,Single,1st phase - general contingent,Nursing,Daytime,Secondary Education,115.5,Yes,No,No,Yes,Male,Yes,20,No,8,7,13.024285714285714,8,7,13.024285714285714,0.875,0.875,13.02,10.8,1.4,1.74,Graduate
1283,Single,2nd phase - general contingent,Tourism,Daytime,Secondary Education,116.5,Yes,No,No,No,Male,No,18,No,6,0,0.0,6,0,0.0,0.0,0.0,0.0,9.4,-0.8,-3.12,Dropout
1284,Single,1st phase - general contingent,Informatics Engineering,Daytime,Secondary Education,171.2,No,No,No,Yes,Male,Yes,18,No,5,5,17.333333333333332,5,5,18.571428571428573,1.0,1.0,17.95,12.4,0.5,1.79,Graduate
1285,Single,1st phase - general contingent,Advertising and Marketing Management,Daytime,Secondary Education,119.1,No,No,No,Yes,Male,Yes,20,No,5,4,11.0,5,4,11.5,0.8,0.8,11.25,9.4,-0.8,-3.12,Graduate
1286,Single,2nd phase - general contingent,Basic Education,Daytime,Secondary Education,121.1,Yes,No,No,Yes,Male,No,19,No,7,6,13.666666666666666,7,6,12.5,0.857,0.857,13.08,12.4,0.5,1.79,Dropout
1287,Single,1st phase - general contingent,Communication Design,Daytime,Secondary Education,132.9,Yes,No,No,Yes,Male,Yes,20,No,6,6,11.375,6,5,13.8,1.0,0.833,12.59,7.6,2.6,0.32,Enrolled
1288,Single,1st phase - general contingent,Social Service,Daytime,Secondary Education,132.8,No,No,No,Yes,Male,No,19,No,6,6,12.833333333333334,6,6,11.833333333333334,1.0,1.0,12.33,10.8,1.4,1.74,Graduate
1289,Single,1st phase - general contingent,Journalism and Communication,Daytime,Secondary Education,126.7,Yes,No,No,Yes,Male,No,20,No,6,5,12.6,6,4,11.5,0.833,0.667,12.05,7.6,2.6,0.32,Graduate
1290,Single,1st phase - general contingent,Nursing,Daytime,Secondary Education,105.8,Yes,No,No,Yes,Male,No,22,No,7,6,14.333333333333334,8,7,13.771428571428572,0.857,0.875,14.05,11.1,0.6,2.02,Graduate
1291,Single,2nd phase - general contingent,Informatics Engineering,Daytime,Secondary Education,117.2,No,No,No,Yes,Male,Yes,18,No,5,4,13.5,6,6,13.625,0.8,1.0,13.56,11.1,0.6,2.02,Enrolled
1292,Single,1st phase - general contingent,Nursing,Daytime,Secondary Education,140.0,No,No,No,Yes,Male,No,19,No,8,7,14.285714285714286,8,7,14.285714285714286,0.875,0.875,14.29,12.7,3.7,-1.7,Graduate
1293,Single,Technological specialization diploma holders,Agronomy,Daytime,Technological Specialization Course,120.0,No,No,No,Yes,Male,No,22,No,6,3,11.75,6,2,10.0,0.5,0.333,10.88,13.9,-0.3,0.79,Dropout
1294,Single,2nd phase - general contingent,Informatics Engineering,Daytime,Secondary Education,119.5,Yes,No,No,Yes,Male,No,20,Yes,5,5,14.8,5,5,17.6,1.0,1.0,16.2,8.9,1.4,3.51,Graduate
1295,Married,Over 23 years old,Agronomy,Daytime,Secondary Education,153.9,No,No,Yes,No,Male,No,34,No,6,0,0.0,6,0,0.0,0.0,0.0,0.0,12.4,0.5,1.79,Dropout
1296,Married,Over 23 years old,Social Service (evening attendance),Evening,Basic Education 3rd Cycle,130.0,No,No,No,Yes,Male,No,24,No,6,1,10.0,5,0,0.0,0.167,0.0,5.0,16.2,0.3,-0.92,Dropout
1297,Single,Over 23 years old,Advertising and Marketing Management,Daytime,Secondary Education,107.0,Yes,No,No,Yes,Male,No,26,No,5,0,0.0,5,0,0.0,0.0,0.0,0.0,7.6,2.6,0.32,Dropout
1298,Single,Over 23 years old,Nursing,Daytime,Secondary Education,132.8,No,No,No,Yes,Male,No,35,No,7,4,12.6,7,5,12.38,0.571,0.714,12.49,12.4,0.5,1.79,Dropout
1299,Single,1st phase - general contingent,Management (evening attendance),Evening,Secondary Education,127.5,Yes,No,No,Yes,Male,No,22,No,5,5,12.428571428571429,5,5,11.8,1.0,1.0,12.11,7.6,2.6,0.32,Graduate
1300,Single,3rd phase - general contingent,Tourism,Daytime,Secondary Education,123.3,Yes,No,No,Yes,Male,No,26,No,6,4,10.0,6,3,12.0,0.667,0.5,11.0,9.4,-0.8,-3.12,Enrolled
1301,Single,2nd phase - general contingent,Management,Daytime,Secondary Education,122.0,No,No,No,Yes,Male,No,19,No,5,3,12.333333333333334,5,0,0.0,0.6,0.0,6.17,8.9,1.4,3.51,Dropout
1302,Single,1st phase - general contingent,Tourism,Daytime,Secondary Education,114.8,Yes,No,No,No,Male,No,19,No,6,0,0.0,6,0,0.0,0.0,0.0,0.0,8.9,1.4,3.51,Dropout
1303,Single,Technological specialization diploma holders,Animation and Multimedia Design,Daytime,Technological Specialization Course,140.0,No,No,Yes,Yes,Male,No,20,No,0,0,0.0,0,0,0.0,0,0,0.0,15.5,2.8,-4.06,Graduate
1304,Single,Change of institution/course,Advertising and Marketing Management,Daytime,Secondary Education,111.0,No,No,Yes,Yes,Male,No,21,No,11,10,12.1,8,8,13.333333333333334,0.909,1.0,12.72,11.1,0.6,2.02,Graduate
1305,Single,1st phase - general contingent,Journalism and Communication,Daytime,Secondary Education,133.2,Yes,No,No,Yes,Female,Yes,19,No,6,6,14.714285714285714,6,6,15.0,1.0,1.0,14.86,13.9,-0.3,0.79,Graduate
1306,Single,1st phase - general contingent,Journalism and Communication,Daytime,Secondary Education,123.0,Yes,No,No,Yes,Female,No,18,No,6,6,12.666666666666666,6,6,12.833333333333334,1.0,1.0,12.75,12.7,3.7,-1.7,Graduate
1307,Single,Short cycle diploma holders,Agronomy,Daytime,Professional Higher Technical Course,150.0,No,No,No,Yes,Female,Yes,23,No,12,12,14.384615384615383,10,10,13.3,1.0,1.0,13.84,8.9,1.4,3.51,Graduate
1308,Single,2nd phase - general contingent,Management,Daytime,Secondary Education,132.3,Yes,No,No,Yes,Female,Yes,18,No,5,5,13.4,5,5,12.2,1.0,1.0,12.8,12.7,3.7,-1.7,Graduate
1309,Single,3rd phase - general contingent,Nursing,Daytime,Secondary Education,126.0,Yes,No,No,Yes,Female,No,18,No,8,7,13.314285714285717,8,7,13.314285714285717,0.875,0.875,13.31,12.7,3.7,-1.7,Graduate
1310,Single,1st phase - general contingent,Nursing,Daytime,Secondary Education,119.3,Yes,No,No,Yes,Female,No,19,No,8,7,11.98857142857143,8,7,11.98857142857143,0.875,0.875,11.99,10.8,1.4,1.74,Graduate
1311,Single,Short cycle diploma holders,Management,Daytime,Professional Higher Technical Course,133.8,Yes,No,No,Yes,Female,No,21,No,11,11,11.545454545454543,9,8,12.88888888888889,1.0,0.889,12.22,8.9,1.4,3.51,Graduate
1312,Single,1st phase - general contingent,Veterinary Nursing,Daytime,Secondary Education,126.5,Yes,No,No,Yes,Female,Yes,18,No,6,6,16.46153846153846,6,6,13.875,1.0,1.0,15.17,15.5,2.8,-4.06,Graduate
1313,Single,1st phase - general contingent,Journalism and Communication,Daytime,Secondary Education,138.4,Yes,No,No,Yes,Female,Yes,24,No,6,6,13.666666666666666,6,6,12.833333333333334,1.0,1.0,13.25,10.8,1.4,1.74,Graduate
1314,Single,1st phase - general contingent,Nursing,Daytime,Secondary Education,129.0,Yes,No,No,Yes,Female,No,18,No,7,7,12.65,8,8,13.411111111111111,1.0,1.0,13.03,16.2,0.3,-0.92,Dropout
1315,Single,1st phase - general contingent,Advertising and Marketing Management,Daytime,Secondary Education,118.3,Yes,No,No,Yes,Female,No,18,No,6,6,12.333333333333334,6,3,12.0,1.0,0.5,12.17,13.9,-0.3,0.79,Enrolled
1316,Single,2nd phase - general contingent,Nursing,Daytime,Secondary Education,129.8,Yes,No,No,Yes,Female,No,20,No,7,6,14.37,8,7,14.65,0.857,0.875,14.51,12.4,0.5,1.79,Graduate
1317,Single,2nd phase - general contingent,Veterinary Nursing,Daytime,Secondary Education,113.6,Yes,No,No,Yes,Female,No,19,No,5,3,12.0,5,4,11.75,0.6,0.8,11.88,9.4,-0.8,-3.12,Enrolled
1318,Single,1st phase - general contingent,Journalism and Communication,Daytime,Secondary Education,128.3,Yes,No,No,No,Female,Yes,18,No,6,3,12.0,6,3,10.666666666666666,0.5,0.5,11.33,7.6,2.6,0.32,Dropout
1319,Single,Change of course,Tourism,Daytime,Secondary Education,130.0,No,No,No,Yes,Female,Yes,19,No,6,4,12.0,6,3,11.0,0.667,0.5,11.5,10.8,1.4,1.74,Dropout
1320,Single,2nd phase - general contingent,Basic Education,Daytime,Secondary Education,121.9,Yes,No,No,Yes,Female,No,19,No,6,5,12.6,6,5,11.2,0.833,0.833,11.9,10.8,1.4,1.74,Graduate
1321,Single,1st phase - general contingent,Social Service,Daytime,Higher Education - Degree,129.4,No,No,Yes,Yes,Female,No,18,No,6,6,12.166666666666666,6,6,12.333333333333334,1.0,1.0,12.25,10.8,1.4,1.74,Graduate
1322,Single,1st phase - general contingent,Basic Education,Daytime,Secondary Education,115.3,Yes,No,No,Yes,Female,No,20,No,7,6,13.5,7,6,14.0,0.857,0.857,13.75,11.1,0.6,2.02,Enrolled
1323,Single,1st phase - general contingent,Nursing,Daytime,Secondary Education,125.5,Yes,No,No,Yes,Female,Yes,18,No,8,8,13.76375,8,8,13.76375,1.0,1.0,13.76,9.4,-0.8,-3.12,Graduate
1324,Single,2nd phase - general contingent,Oral Hygiene,Daytime,Secondary Education,117.8,Yes,No,No,Yes,Female,Yes,19,No,7,6,12.4,7,6,12.8,0.857,0.857,12.6,11.1,0.6,2.02,Graduate
1325,Single,2nd phase - general contingent,Management,Daytime,Secondary Education,118.7,Yes,No,No,Yes,Female,No,18,No,5,4,10.666666666666666,5,2,12.0,0.8,0.4,11.33,13.9,-0.3,0.79,Enrolled
1326,Single,1st phase - general contingent,Nursing,Daytime,Secondary Education,139.0,Yes,No,No,Yes,Female,No,18,No,7,6,14.333333333333334,7,6,14.333333333333334,0.857,0.857,14.33,7.6,2.6,0.32,Graduate
1327,Single,1st phase - general contingent,Veterinary Nursing,Daytime,Secondary Education,98.9,Yes,No,No,Yes,Female,No,21,No,6,4,12.5,6,2,12.666666666666666,0.667,0.333,12.58,11.1,0.6,2.02,Enrolled
1328,Single,2nd phase - general contingent,Tourism,Daytime,Secondary Education,137.7,Yes,No,Yes,No,Female,No,19,No,6,1,10.0,6,0,0.0,0.167,0.0,5.0,7.6,2.6,0.32,Dropout
1329,Single,1st phase - general contingent,Nursing,Daytime,Secondary Education,113.6,Yes,No,No,Yes,Female,No,21,No,7,7,14.69625,8,8,14.622222222222224,1.0,1.0,14.66,12.4,0.5,1.79,Graduate
1330,Single,1st phase - general contingent,Veterinary Nursing,Daytime,Secondary Education,113.4,No,No,No,Yes,Female,No,18,No,6,4,11.5,6,3,13.75,0.667,0.5,12.62,11.1,0.6,2.02,Enrolled
1331,Single,2nd phase - general contingent,Oral Hygiene,Daytime,Secondary Education,128.5,No,No,No,Yes,Female,Yes,18,No,7,7,12.855555555555556,8,8,13.9125,1.0,1.0,13.38,12.7,3.7,-1.7,Graduate
1332,Single,1st phase - general contingent,Nursing,Daytime,Secondary Education,142.8,No,No,No,Yes,Female,No,18,No,7,7,13.7,8,8,13.994444444444444,1.0,1.0,13.85,11.1,0.6,2.02,Graduate
1333,Single,1st phase - general contingent,Equinculture,Daytime,Secondary Education,137.7,No,No,No,No,Female,No,23,No,5,0,0.0,5,1,12.0,0.0,0.2,6.0,10.8,1.4,1.74,Dropout
1334,Single,1st phase - general contingent,Social Service,Daytime,Secondary Education,103.5,Yes,No,No,Yes,Female,No,20,No,6,3,11.2,6,4,12.0,0.5,0.667,11.6,16.2,0.3,-0.92,Enrolled
1335,Single,1st phase - general contingent,Nursing,Daytime,Secondary Education,123.2,No,No,No,Yes,Female,No,18,No,7,7,13.285714285714286,8,8,13.333333333333334,1.0,1.0,13.31,16.2,0.3,-0.92,Graduate
1336,Single,2nd phase - general contingent,Basic Education,Daytime,Secondary Education,126.0,Yes,No,No,Yes,Female,No,19,No,6,5,13.0,6,5,10.4,0.833,0.833,11.7,7.6,2.6,0.32,Enrolled
1337,Single,Over 23 years old,Nursing,Daytime,Secondary Education,121.7,No,No,No,Yes,Female,Yes,27,No,7,6,12.6,7,6,11.685714285714283,0.857,0.857,12.14,12.4,0.5,1.79,Enrolled
1338,Single,2nd phase - general contingent,Management,Daytime,Secondary Education,142.8,Yes,No,Yes,No,Female,Yes,19,No,5,5,12.8,5,4,12.0,1.0,0.8,12.4,11.1,0.6,2.02,Enrolled
1339,Single,Change of course,Equinculture,Daytime,Secondary Education,120.0,Yes,No,No,Yes,Female,No,21,No,6,5,11.5,6,5,11.0,0.833,0.833,11.25,15.5,2.8,-4.06,Dropout
1340,Single,3rd phase - general contingent,Nursing,Daytime,Secondary Education,119.3,Yes,No,No,Yes,Female,Yes,19,No,8,7,11.4,8,7,11.4,0.875,0.875,11.4,10.8,1.4,1.74,Graduate
1341,Single,Technological specialization diploma holders,Social Service,Daytime,Secondary Education,121.0,No,No,No,Yes,Female,Yes,21,No,6,6,12.333333333333334,6,6,11.333333333333334,1.0,1.0,11.83,13.9,-0.3,0.79,Graduate
1342,Single,1st phase - general contingent,Journalism and Communication,Daytime,Secondary Education,139.4,Yes,No,No,Yes,Female,No,18,No,6,5,12.8,6,4,12.2,0.833,0.667,12.5,10.8,1.4,1.74,Graduate
1343,Single,2nd phase - general contingent,Veterinary Nursing,Daytime,Secondary Education,113.9,Yes,No,No,Yes,Female,Yes,20,No,5,5,12.0,5,4,15.0,1.0,0.8,13.5,12.7,3.7,-1.7,Graduate
1344,Single,1st phase - general contingent,Basic Education,Daytime,Secondary Education,124.6,Yes,No,No,Yes,Female,Yes,18,No,6,5,13.0,6,5,13.5,0.833,0.833,13.25,9.4,-0.8,-3.12,Graduate
1345,Single,2nd phase - general contingent,Communication Design,Daytime,Secondary Education,123.8,Yes,No,Yes,No,Female,Yes,18,No,6,6,11.833333333333334,6,6,11.0,1.0,1.0,11.42,12.7,3.7,-1.7,Dropout
1346,Single,1st phase - general contingent,Veterinary Nursing,Daytime,Secondary Education,126.3,Yes,No,No,Yes,Female,No,18,No,6,6,14.0,6,6,13.333333333333334,1.0,1.0,13.67,8.9,1.4,3.51,Graduate
1347,Single,2nd phase - general contingent,Journalism and Communication,Daytime,Secondary Education,120.4,Yes,No,No,Yes,Female,Yes,18,No,6,6,12.333333333333334,6,6,13.5,1.0,1.0,12.92,16.2,0.3,-0.92,Graduate
1348,Single,1st phase - general contingent,Nursing,Daytime,Secondary Education,120.5,Yes,No,No,Yes,Female,Yes,19,No,7,5,13.04,7,7,12.5,0.714,1.0,12.77,12.4,0.5,1.79,Enrolled
1349,Single,Short cycle diploma holders,Veterinary Nursing,Daytime,Professional Higher Technical Course,144.9,Yes,No,Yes,No,Female,No,23,No,11,11,13.166666666666666,9,8,13.333333333333334,1.0,0.889,13.25,8.9,1.4,3.51,Enrolled
1350,Single,Over 23 years old,Veterinary Nursing,Daytime,Basic Education 3rd Cycle,139.9,Yes,No,No,Yes,Female,Yes,24,No,6,6,12.5,6,6,12.833333333333334,1.0,1.0,12.67,8.9,1.4,3.51,Graduate
1351,Single,1st phase - general contingent,Animation and Multimedia Design,Daytime,Secondary Education,133.3,Yes,No,No,Yes,Female,No,19,No,0,0,0.0,0,0,0.0,0,0,0.0,10.8,1.4,1.74,Graduate
1352,Single,1st phase - general contingent,Nursing,Daytime,Secondary Education,126.0,Yes,No,No,Yes,Female,No,18,No,8,7,15.657142857142857,8,7,15.657142857142857,0.875,0.875,15.66,12.7,3.7,-1.7,Graduate
1353,Single,1st phase - general contingent,Communication Design,Daytime,Secondary Education,133.5,No,No,No,Yes,Female,No,19,No,6,6,12.166666666666666,6,6,11.333333333333334,1.0,1.0,11.75,12.7,3.7,-1.7,Graduate
1354,Single,2nd phase - general contingent,Basic Education,Daytime,Secondary Education,127.9,Yes,No,No,Yes,Female,No,19,No,6,0,0.0,6,0,0.0,0.0,0.0,0.0,10.8,1.4,1.74,Dropout
1355,Single,1st phase - general contingent,Social Service,Daytime,Secondary Education,105.9,No,No,No,Yes,Female,Yes,20,No,6,5,10.6,6,5,11.166666666666666,0.833,0.833,10.88,11.1,0.6,2.02,Enrolled
1356,Single,1st phase - general contingent,Veterinary Nursing,Daytime,Secondary Education,124.3,No,No,No,Yes,Female,No,20,No,6,6,13.428571428571429,6,5,12.666666666666666,1.0,0.833,13.05,13.9,-0.3,0.79,Enrolled
1357,Single,Over 23 years old,Journalism and Communication,Daytime,Secondary Education,102.5,No,No,No,Yes,Female,No,26,No,6,4,11.75,6,0,0.0,0.667,0.0,5.88,7.6,2.6,0.32,Dropout
1358,Single,Over 23 years old,Tourism,Daytime,Basic Education 3rd Cycle,97.0,No,No,Yes,No,Male,No,36,No,5,0,0.0,5,0,0.0,0.0,0.0,0.0,15.5,2.8,-4.06,Dropout
1359,Single,2nd phase - general contingent,Animation and Multimedia Design,Daytime,Secondary Education,134.7,No,No,No,No,Male,No,19,No,0,0,0.0,0,0,0.0,0,0,0.0,10.8,1.4,1.74,Dropout
1360,Single,Transfer,Informatics Engineering,Daytime,Secondary Education,113.8,No,No,No,No,Male,No,27,No,5,0,0.0,5,0,0.0,0.0,0.0,0.0,15.5,2.8,-4.06,Dropout
1361,Single,1st phase - general contingent,Informatics Engineering,Daytime,Secondary Education,116.9,No,No,No,Yes,Male,No,18,No,5,1,13.0,5,0,0.0,0.2,0.0,6.5,8.9,1.4,3.51,Dropout
1362,Single,1st phase - general contingent,Nursing,Daytime,Secondary Education,124.0,Yes,No,No,Yes,Male,Yes,18,No,8,7,13.331428571428573,8,7,13.331428571428573,0.875,0.875,13.33,10.8,1.4,1.74,Graduate
1363,Single,Over 23 years old,Communication Design,Daytime,Secondary Education,117.5,No,No,No,Yes,Male,No,28,No,6,0,0.0,6,0,0.0,0.0,0.0,0.0,12.4,0.5,1.79,Dropout
1364,Single,Technological specialization diploma holders,Animation and Multimedia Design,Daytime,Technological Specialization Course,154.8,Yes,No,No,Yes,Male,No,21,No,0,0,0.0,0,0,0.0,0,0,0.0,12.4,0.5,1.79,Graduate
1365,Single,1st phase - general contingent,Nursing,Daytime,Secondary Education,141.0,No,No,No,Yes,Male,No,19,No,7,6,13.7,7,6,13.7,0.857,0.857,13.7,7.6,2.6,0.32,Graduate
1366,Single,Over 23 years old,Advertising and Marketing Management,Daytime,12th Year - Not Completed,120.0,No,No,Yes,No,Male,No,26,No,5,0,0.0,5,0,0.0,0.0,0.0,0.0,9.4,-0.8,-3.12,Dropout
1367,Single,Change of institution/course,Informatics Engineering,Daytime,Secondary Education,133.6,Yes,No,No,Yes,Male,No,20,No,9,9,13.454545454545457,7,6,13.875,1.0,0.857,13.66,11.1,0.6,2.02,Dropout
1368,Single,1st phase - general contingent,Nursing,Daytime,Secondary Education,122.0,Yes,No,No,Yes,Male,No,19,No,8,7,12.2,8,7,12.2,0.875,0.875,12.2,12.7,3.7,-1.7,Graduate
1369,Single,1st phase - general contingent,Management,Daytime,Secondary Education,120.0,Yes,No,No,Yes,Male,No,21,No,5,3,10.0,5,4,11.0,0.6,0.8,10.5,12.7,3.7,-1.7,Dropout
1370,Single,Short cycle diploma holders,Advertising and Marketing Management,Daytime,Professional Higher Technical Course,114.2,No,No,No,Yes,Male,Yes,23,No,6,5,13.0,6,6,12.857142857142858,0.833,1.0,12.93,8.9,1.4,3.51,Graduate
1371,Single,Over 23 years old,Social Service (evening attendance),Evening,Basic Education 2nd Cycle,95.5,No,No,No,Yes,Male,No,29,No,6,6,12.0,6,6,14.0,1.0,1.0,13.0,11.1,0.6,2.02,Graduate
1372,Single,1st phase - general contingent,Nursing,Daytime,Secondary Education,120.0,No,No,No,Yes,Male,No,20,No,8,7,15.028571428571428,8,7,15.028571428571428,0.875,0.875,15.03,12.7,3.7,-1.7,Graduate
1373,Single,1st phase - general contingent,Social Service,Daytime,Secondary Education,111.1,No,No,No,Yes,Male,No,18,No,6,6,12.0,6,6,11.714285714285714,1.0,1.0,11.86,15.5,2.8,-4.06,Graduate
1374,Single,1st phase - general contingent,Journalism and Communication,Daytime,Secondary Education,128.6,Yes,No,No,Yes,Male,No,19,No,6,5,12.0,6,5,12.4,0.833,0.833,12.2,9.4,-0.8,-3.12,Graduate
1375,Single,Holders of other higher courses,Oral Hygiene,Daytime,Higher Education - Degree,130.0,No,No,No,No,Male,No,23,No,7,3,13.666666666666666,8,3,11.333333333333334,0.429,0.375,12.5,10.8,1.4,1.74,Dropout
1376,Single,1st phase - general contingent,Animation and Multimedia Design,Daytime,Secondary Education,111.1,No,No,No,Yes,Male,No,21,No,0,0,0.0,0,0,0.0,0,0,0.0,13.9,-0.3,0.79,Dropout
1377,Single,2nd phase - general contingent,Management,Daytime,Secondary Education,122.7,Yes,No,No,Yes,Male,No,18,No,5,5,12.0,5,4,12.5,1.0,0.8,12.25,15.5,2.8,-4.06,Enrolled
1378,Single,1st phase - general contingent,Animation and Multimedia Design,Daytime,Secondary Education,134.4,Yes,No,No,Yes,Male,Yes,18,No,0,0,0.0,0,0,0.0,0,0,0.0,10.8,1.4,1.74,Graduate
1379,Single,1st phase - general contingent,Communication Design,Daytime,Secondary Education,131.0,Yes,No,Yes,No,Male,No,21,No,6,1,14.0,6,0,0.0,0.167,0.0,7.0,9.4,-0.8,-3.12,Dropout
1380,Single,Change of institution/course,Social Service,Daytime,Secondary Education,125.0,No,No,No,Yes,Male,No,22,No,6,0,0.0,6,0,0.0,0.0,0.0,0.0,11.1,0.6,2.02,Dropout
1381,Single,3rd phase - general contingent,Oral Hygiene,Daytime,Secondary Education,106.0,Yes,No,No,Yes,Male,No,21,No,7,7,12.375,7,5,12.583333333333334,1.0,0.714,12.48,8.9,1.4,3.51,Graduate
1382,Single,Over 23 years old,Nursing,Daytime,Secondary Education,128.0,Yes,No,No,No,Male,No,32,No,7,0,0.0,8,0,0.0,0.0,0.0,0.0,16.2,0.3,-0.92,Dropout
1383,Single,Holders of other higher courses,Agronomy,Daytime,Higher Education - Degree,120.0,Yes,No,No,Yes,Male,No,27,No,18,18,11.421052631578949,13,13,11.076923076923077,1.0,1.0,11.25,15.5,2.8,-4.06,Graduate
1384,Single,1st phase - general contingent,Nursing,Daytime,Secondary Education,134.8,Yes,No,No,Yes,Male,No,18,No,7,6,13.35,7,6,13.35,0.857,0.857,13.35,7.6,2.6,0.32,Graduate
1385,Single,Over 23 years old,Communication Design,Daytime,Secondary Education,112.0,Yes,No,No,Yes,Male,Yes,24,No,6,6,15.0,6,2,16.0,1.0,0.333,15.5,15.5,2.8,-4.06,Graduate
1386,Single,1st phase - general contingent,Equinculture,Daytime,Secondary Education,116.1,Yes,No,No,Yes,Male,No,22,No,5,2,10.5,5,0,0.0,0.4,0.0,5.25,12.7,3.7,-1.7,Dropout
1387,Single,Change of course,Equinculture,Daytime,Secondary Education,120.0,Yes,No,No,No,Male,No,22,No,6,0,0.0,4,0,0.0,0.0,0.0,0.0,10.8,1.4,1.74,Dropout
1388,Single,1st phase - general contingent,Management,Daytime,Secondary Education,119.7,Yes,No,No,Yes,Male,No,19,No,5,5,13.25,5,5,11.833333333333334,1.0,1.0,12.54,13.9,-0.3,0.79,Graduate
1389,Single,2nd phase - general contingent,Informatics Engineering,Daytime,Secondary Education,117.1,Yes,No,No,Yes,Male,No,19,No,5,0,0.0,5,0,0.0,0.0,0.0,0.0,7.6,2.6,0.32,Dropout
1390,Single,1st phase - general contingent,Veterinary Nursing,Daytime,Secondary Education,112.4,Yes,No,No,Yes,Male,No,21,No,5,4,11.5,5,3,10.6,0.8,0.6,11.05,10.8,1.4,1.74,Enrolled
1391,Single,1st phase - general contingent,Nursing,Daytime,Secondary Education,131.0,Yes,No,No,Yes,Female,Yes,18,No,8,8,13.88125,8,8,13.88125,1.0,1.0,13.88,9.4,-0.8,-3.12,Graduate
1392,Single,1st phase - general contingent,Tourism,Daytime,Secondary Education,130.9,Yes,No,No,Yes,Female,No,18,No,6,6,11.333333333333334,6,5,12.6,1.0,0.833,11.97,9.4,-0.8,-3.12,Graduate
1393,Single,1st phase - general contingent,Animation and Multimedia Design,Daytime,Secondary Education,134.9,Yes,No,Yes,Yes,Female,No,20,No,0,0,0.0,0,0,0.0,0,0,0.0,16.2,0.3,-0.92,Dropout
1394,Single,2nd phase - general contingent,Social Service,Daytime,Secondary Education,127.1,Yes,No,No,Yes,Female,No,19,No,6,6,12.857142857142858,6,6,13.666666666666666,1.0,1.0,13.26,13.9,-0.3,0.79,Graduate
1395,Single,2nd phase - general contingent,Journalism and Communication,Daytime,Secondary Education,110.2,Yes,No,Yes,Yes,Female,No,19,No,6,5,11.6,6,6,12.5,0.833,1.0,12.05,8.9,1.4,3.51,Graduate
1396,Single,2nd phase - general contingent,Tourism,Daytime,Secondary Education,108.7,Yes,No,No,Yes,Female,Yes,18,No,6,5,11.4,6,6,11.333333333333334,0.833,1.0,11.37,12.4,0.5,1.79,Graduate
1397,Single,1st phase - general contingent,Equinculture,Daytime,Secondary Education,138.0,Yes,No,No,Yes,Female,No,20,No,6,6,13.333333333333334,6,6,13.0,1.0,1.0,13.17,16.2,0.3,-0.92,Enrolled
1398,Single,Technological specialization diploma holders,Communication Design,Daytime,Technological Specialization Course,147.7,No,No,Yes,Yes,Female,Yes,22,No,7,7,13.571428571428571,9,9,13.77777777777778,1.0,1.0,13.67,12.4,0.5,1.79,Graduate
1399,Married,Over 23 years old,Oral Hygiene,Daytime,Basic Education 3rd Cycle,123.0,No,No,No,Yes,Female,No,31,No,7,6,11.833333333333334,7,7,12.228571428571428,0.857,1.0,12.03,12.4,0.5,1.79,Graduate
1400,Single,2nd phase - general contingent,Basic Education,Daytime,Secondary Education,142.8,No,No,No,Yes,Female,Yes,19,No,7,7,14.428571428571429,7,7,14.142857142857142,1.0,1.0,14.29,16.2,0.3,-0.92,Graduate
1401,Single,1st phase - general contingent,Animation and Multimedia Design,Daytime,Secondary Education,138.3,Yes,No,No,Yes,Female,No,18,No,0,0,0.0,0,0,0.0,0,0,0.0,12.4,0.5,1.79,Enrolled
1402,Single,1st phase - general contingent,Tourism,Daytime,Secondary Education,125.2,Yes,No,No,Yes,Female,Yes,18,No,6,6,12.285714285714286,6,5,12.4,1.0,0.833,12.34,8.9,1.4,3.51,Graduate
1403,Single,1st phase - general contingent,Veterinary Nursing,Daytime,Secondary Education,141.8,No,No,No,Yes,Female,No,21,No,5,5,14.4,5,5,13.8,1.0,1.0,14.1,7.6,2.6,0.32,Graduate
1404,Single,2nd phase - general contingent,Nursing,Daytime,Secondary Education,130.6,Yes,No,No,Yes,Female,Yes,18,No,7,7,13.15,8,8,15.06875,1.0,1.0,14.11,13.9,-0.3,0.79,Graduate
1405,Single,Technological specialization diploma holders,Management,Daytime,Technological Specialization Course,130.0,No,No,Yes,No,Male,No,25,Yes,5,0,0.0,5,0,0.0,0.0,0.0,0.0,15.5,2.8,-4.06,Dropout
1406,Single,International student (bachelor),Informatics Engineering,Daytime,Secondary Education,100.0,No,No,Yes,Yes,Male,No,21,Yes,5,0,0.0,6,0,0.0,0.0,0.0,0.0,11.1,0.6,2.02,Dropout
1407,Single,3rd phase - general contingent,Nursing,Daytime,Secondary Education,119.0,Yes,No,No,Yes,Female,Yes,19,No,8,7,12.342857142857143,8,7,12.342857142857143,0.875,0.875,12.34,10.8,1.4,1.74,Graduate
1408,Single,1st phase - general contingent,Journalism and Communication,Daytime,Secondary Education,124.3,Yes,No,No,Yes,Female,No,19,No,6,5,12.2,6,5,10.8,0.833,0.833,11.5,10.8,1.4,1.74,Enrolled
1409,Single,2nd phase - general contingent,Tourism,Daytime,Secondary Education,122.2,Yes,No,No,Yes,Female,No,22,No,6,4,10.5,6,1,11.0,0.667,0.167,10.75,7.6,2.6,0.32,Dropout
1410,Single,International student (bachelor),Management,Daytime,Secondary Education,150.0,No,No,No,Yes,Male,No,19,No,5,5,10.6,5,5,11.6,1.0,1.0,11.1,12.4,0.5,1.79,Graduate
1411,Single,Over 23 years old,Social Service (evening attendance),Evening,Basic Education 3rd Cycle,135.5,No,No,No,Yes,Female,No,58,No,6,0,0.0,6,0,0.0,0.0,0.0,0.0,11.1,0.6,2.02,Dropout
1412,Single,1st phase - special contingent (Madeira Island),Social Service,Daytime,Secondary Education,127.3,Yes,No,No,Yes,Female,Yes,19,No,6,4,11.25,6,6,12.0,0.667,1.0,11.62,10.8,1.4,1.74,Graduate
1413,Single,Change of course,Advertising and Marketing Management,Daytime,Secondary Education,127.0,Yes,No,No,Yes,Male,No,23,Yes,9,6,10.5,10,10,11.7,0.667,1.0,11.1,9.4,-0.8,-3.12,Graduate
1414,Single,1st phase - general contingent,Journalism and Communication,Daytime,Secondary Education,126.9,Yes,No,No,Yes,Female,Yes,19,No,6,4,11.0,6,3,11.666666666666666,0.667,0.5,11.33,9.4,-0.8,-3.12,Enrolled
1415,Single,3rd phase - general contingent,Nursing,Daytime,Secondary Education,127.5,Yes,No,No,Yes,Female,No,18,No,7,7,13.457142857142856,8,8,14.5125,1.0,1.0,13.98,13.9,-0.3,0.79,Graduate
1416,Single,1st phase - general contingent,Veterinary Nursing,Daytime,Secondary Education,122.0,No,No,No,Yes,Female,No,20,No,5,5,12.6,5,4,12.333333333333334,1.0,0.8,12.47,7.6,2.6,0.32,Graduate
1417,Single,2nd phase - general contingent,Veterinary Nursing,Daytime,Secondary Education,115.8,No,No,No,No,Female,No,18,No,6,0,0.0,6,0,0.0,0.0,0.0,0.0,12.7,3.7,-1.7,Dropout
1418,Single,2nd phase - general contingent,Advertising and Marketing Management,Daytime,Secondary Education,121.6,No,No,No,Yes,Female,No,18,No,6,6,13.666666666666666,6,5,13.6,1.0,0.833,13.63,8.9,1.4,3.51,Graduate
1419,Single,2nd phase - general contingent,Management,Daytime,Secondary Education,116.4,Yes,No,Yes,Yes,Female,Yes,18,No,5,5,11.6,5,5,11.8,1.0,1.0,11.7,11.1,0.6,2.02,Graduate
1420,Single,Over 23 years old,Equinculture,Daytime,Secondary Education,120.0,No,No,No,Yes,Female,No,24,No,6,6,12.571428571428571,6,5,12.833333333333334,1.0,0.833,12.7,11.1,0.6,2.02,Dropout
1421,Single,2nd phase - general contingent,Basic Education,Daytime,Secondary Education,127.3,Yes,No,No,Yes,Female,No,18,No,6,5,11.8,6,5,11.4,0.833,0.833,11.6,10.8,1.4,1.74,Dropout
1422,Single,1st phase - general contingent,Management,Daytime,Secondary Education,123.5,Yes,No,No,Yes,Female,Yes,19,No,5,5,11.6,5,3,12.666666666666666,1.0,0.6,12.13,9.4,-0.8,-3.12,Enrolled
1423,Single,2nd phase - general contingent,Social Service,Daytime,Secondary Education,125.6,Yes,No,No,Yes,Female,Yes,19,No,6,6,11.333333333333334,6,6,11.833333333333334,1.0,1.0,11.58,8.9,1.4,3.51,Graduate
1424,Single,1st phase - general contingent,Tourism,Daytime,Secondary Education,118.5,Yes,No,No,Yes,Female,No,18,No,6,6,10.666666666666666,6,6,11.5,1.0,1.0,11.08,7.6,2.6,0.32,Graduate
1425,Single,1st phase - general contingent,Equinculture,Daytime,Secondary Education,129.5,Yes,No,No,Yes,Female,No,18,No,5,4,13.5,5,5,13.4,0.8,1.0,13.45,12.7,3.7,-1.7,Enrolled
1426,Single,1st phase - general contingent,Animation and Multimedia Design,Daytime,Secondary Education,134.6,Yes,No,No,Yes,Female,Yes,19,No,0,0,0.0,0,0,0.0,0,0,0.0,10.8,1.4,1.74,Graduate
1427,Single,Technological specialization diploma holders,Veterinary Nursing,Daytime,Secondary Education,140.0,No,No,No,Yes,Female,No,22,No,6,6,13.333333333333334,6,4,11.5,1.0,0.667,12.42,13.9,-0.3,0.79,Graduate
1428,Single,1st phase - general contingent,Tourism,Daytime,Secondary Education,133.2,Yes,No,No,Yes,Female,No,19,No,6,5,13.4,6,2,13.5,0.833,0.333,13.45,10.8,1.4,1.74,Enrolled
1429,Widower,2nd phase - general contingent,Social Service,Daytime,Secondary Education,133.5,Yes,No,No,Yes,Female,Yes,21,No,6,3,10.2,6,4,12.25,0.5,0.667,11.22,12.7,3.7,-1.7,Enrolled
1430,Single,2nd phase - general contingent,Journalism and Communication,Daytime,Secondary Education,117.9,Yes,No,No,Yes,Female,Yes,21,No,6,5,13.0,6,6,12.833333333333334,0.833,1.0,12.92,8.9,1.4,3.51,Graduate
1431,Single,1st phase - general contingent,Nursing,Daytime,Secondary Education,128.0,Yes,No,No,Yes,Female,Yes,18,No,8,7,12.90857142857143,8,7,12.90857142857143,0.875,0.875,12.91,10.8,1.4,1.74,Graduate
1432,Single,1st phase - general contingent,Basic Education,Daytime,Secondary Education,113.2,Yes,No,No,Yes,Female,No,20,No,6,4,12.0,6,1,10.0,0.667,0.167,11.0,10.8,1.4,1.74,Dropout
1433,Single,1st phase - general contingent,Tourism,Daytime,Secondary Education,122.0,Yes,No,No,Yes,Female,Yes,18,No,6,6,10.833333333333334,6,5,11.0,1.0,0.833,10.92,7.6,2.6,0.32,Enrolled
1434,Single,1st phase - special contingent (Madeira Island),Communication Design,Daytime,Secondary Education,156.9,Yes,No,No,Yes,Female,No,19,No,6,6,15.333333333333334,6,6,15.833333333333334,1.0,1.0,15.58,12.7,3.7,-1.7,Graduate
1435,Single,1st phase - general contingent,Nursing,Daytime,Secondary Education,125.1,Yes,No,No,Yes,Female,Yes,18,No,7,6,12.816666666666668,8,6,12.875,0.857,0.75,12.85,11.1,0.6,2.02,Enrolled
1436,Single,International student (bachelor),Management,Daytime,Secondary Education,100.0,No,No,Yes,No,Male,No,26,Yes,7,6,13.0,6,2,14.0,0.857,0.333,13.5,11.1,0.6,2.02,Dropout
1437,Single,International student (bachelor),Informatics Engineering,Daytime,Secondary Education,160.0,No,No,Yes,Yes,Female,No,19,Yes,6,2,13.5,5,2,11.0,0.333,0.4,12.25,8.9,1.4,3.51,Enrolled
1438,Married,Over 23 years old,Social Service (evening attendance),Evening,Secondary Education,101.0,No,No,No,Yes,Female,No,35,No,6,6,12.5,6,6,12.166666666666666,1.0,1.0,12.33,15.5,2.8,-4.06,Graduate
1439,Single,3rd phase - general contingent,Advertising and Marketing Management,Daytime,Secondary Education,121.5,Yes,No,No,Yes,Female,Yes,19,No,6,6,13.0,6,6,14.333333333333334,1.0,1.0,13.67,12.4,0.5,1.79,Graduate
1440,Single,1st phase - general contingent,Veterinary Nursing,Daytime,Secondary Education,126.8,Yes,No,No,Yes,Male,No,18,No,5,4,11.75,5,5,12.571428571428571,0.8,1.0,12.16,10.8,1.4,1.74,Graduate
1441,Single,1st phase - general contingent,Advertising and Marketing Management,Daytime,Secondary Education,132.9,No,No,No,Yes,Male,No,19,No,5,4,12.5,5,4,14.25,0.8,0.8,13.38,7.6,2.6,0.32,Graduate
1442,Single,1st phase - general contingent,Animation and Multimedia Design,Daytime,Secondary Education,134.3,Yes,No,No,Yes,Male,No,25,No,17,17,11.61111111111111,17,17,12.055555555555555,1.0,1.0,11.83,12.4,0.5,1.79,Graduate
1443,Single,2nd phase - general contingent,Tourism,Daytime,Secondary Education,120.5,Yes,No,No,Yes,Male,No,18,No,6,6,14.0,6,6,14.666666666666666,1.0,1.0,14.33,11.1,0.6,2.02,Graduate
1444,Single,2nd phase - general contingent,Agronomy,Daytime,Secondary Education,144.1,Yes,No,Yes,No,Male,No,26,No,6,0,0.0,6,0,0.0,0.0,0.0,0.0,16.2,0.3,-0.92,Dropout
1445,Single,Change of course,Management (evening attendance),Evening,Secondary Education,100.0,No,No,No,Yes,Male,No,34,No,5,5,13.8,5,5,13.833333333333334,1.0,1.0,13.82,9.4,-0.8,-3.12,Graduate
1446,Single,1st phase - general contingent,Tourism,Daytime,Secondary Education,114.8,Yes,No,No,No,Male,No,18,No,5,0,0.0,5,0,0.0,0.0,0.0,0.0,12.7,3.7,-1.7,Dropout
1447,Single,1st phase - general contingent,Animation and Multimedia Design,Daytime,Secondary Education,111.9,No,No,No,No,Male,No,18,No,0,0,0.0,0,0,0.0,0,0,0.0,9.4,-0.8,-3.12,Dropout
1448,Single,2nd phase - general contingent,Informatics Engineering,Daytime,Secondary Education,125.4,Yes,No,No,Yes,Male,Yes,18,No,5,4,12.25,5,3,12.333333333333334,0.8,0.6,12.29,8.9,1.4,3.51,Dropout
1449,Single,Technological specialization diploma holders,Agronomy,Daytime,Technological Specialization Course,140.0,No,No,No,Yes,Male,No,20,No,6,3,11.5,6,3,13.666666666666666,0.5,0.5,12.58,12.4,0.5,1.79,Dropout
1450,Single,Technological specialization diploma holders,Communication Design,Daytime,Technological Specialization Course,140.0,No,No,No,Yes,Male,No,25,No,7,6,12.571428571428571,9,9,12.555555555555555,0.857,1.0,12.56,16.2,0.3,-0.92,Graduate
1451,Single,2nd phase - general contingent,Equinculture,Daytime,Secondary Education,127.8,No,No,No,Yes,Male,No,18,No,6,6,12.0,6,5,12.166666666666666,1.0,0.833,12.08,11.1,0.6,2.02,Dropout
1452,Single,1st phase - general contingent,Agronomy,Daytime,Secondary Education,131.6,Yes,No,No,Yes,Male,No,19,No,12,11,12.0,12,12,12.307692307692308,0.917,1.0,12.15,15.5,2.8,-4.06,Graduate
1453,Single,1st phase - general contingent,Animation and Multimedia Design,Daytime,Secondary Education,119.4,Yes,No,No,Yes,Male,No,20,No,0,0,0.0,0,0,0.0,0,0,0.0,10.8,1.4,1.74,Dropout
1454,Single,3rd phase - general contingent,Social Service,Daytime,Secondary Education,129.9,Yes,No,No,Yes,Male,Yes,20,No,7,6,12.0,6,6,11.166666666666666,0.857,1.0,11.58,10.8,1.4,1.74,Graduate
1455,Single,1st phase - general contingent,Informatics Engineering,Daytime,Secondary Education,114.0,No,No,No,Yes,Male,No,20,No,5,4,11.6,5,4,12.25,0.8,0.8,11.92,7.6,2.6,0.32,Enrolled
1456,Single,1st phase - general contingent,Management,Daytime,Secondary Education,113.4,Yes,No,No,Yes,Male,Yes,19,No,5,0,0.0,5,0,0.0,0.0,0.0,0.0,11.1,0.6,2.02,Dropout
1457,Single,1st phase - general contingent,Management,Daytime,Secondary Education,117.8,No,No,No,Yes,Male,No,20,No,5,5,12.0,5,4,13.0,1.0,0.8,12.5,8.9,1.4,3.51,Enrolled
1458,Single,1st phase - general contingent,Nursing,Daytime,Secondary Education,114.3,Yes,No,No,Yes,Male,No,18,No,7,6,13.976666666666668,8,6,12.041666666666666,0.857,0.75,13.01,11.1,0.6,2.02,Enrolled
1459,Single,1st phase - general contingent,Advertising and Marketing Management,Daytime,Secondary Education,129.7,Yes,No,No,Yes,Male,No,19,No,6,4,12.5,6,1,10.0,0.667,0.167,11.25,16.2,0.3,-0.92,Enrolled
1460,Single,3rd phase - general contingent,Management,Daytime,Secondary Education,112.0,Yes,No,No,No,Male,No,20,No,5,0,0.0,5,0,0.0,0.0,0.0,0.0,9.4,-0.8,-3.12,Dropout
1461,Single,Over 23 years old,Advertising and Marketing Management,Daytime,Secondary Education,140.0,No,No,No,Yes,Male,No,24,No,6,4,10.5,6,4,12.5,0.667,0.667,11.5,15.5,2.8,-4.06,Dropout
1462,Single,Technological specialization diploma holders,Agronomy,Daytime,Technological Specialization Course,150.0,Yes,No,No,Yes,Male,No,20,No,6,5,12.857142857142858,6,6,12.3,0.833,1.0,12.58,16.2,0.3,-0.92,Graduate
1463,Single,1st phase - general contingent,Advertising and Marketing Management,Daytime,Secondary Education,122.4,Yes,No,No,Yes,Male,No,19,No,5,3,11.666666666666666,5,4,12.0,0.6,0.8,11.83,9.4,-0.8,-3.12,Enrolled
1464,Single,Change of institution/course,Informatics Engineering,Daytime,Secondary Education,150.0,No,No,No,Yes,Male,No,23,No,5,2,13.0,5,1,10.0,0.4,0.2,11.5,8.9,1.4,3.51,Dropout
1465,Single,2nd phase - general contingent,Tourism,Daytime,Secondary Education,135.0,Yes,No,No,Yes,Male,No,20,No,6,6,11.833333333333334,6,5,10.4,1.0,0.833,11.12,7.6,2.6,0.32,Enrolled
1466,Single,Change of course,Social Service (evening attendance),Evening,Secondary Education,116.2,No,No,No,Yes,Male,No,21,No,11,11,12.454545454545457,11,8,12.75,1.0,0.727,12.6,9.4,-0.8,-3.12,Graduate
1467,Single,2nd phase - general contingent,Informatics Engineering,Daytime,Secondary Education,120.4,Yes,No,No,Yes,Male,No,20,No,5,3,11.0,5,0,0.0,0.6,0.0,5.5,10.8,1.4,1.74,Dropout
1468,Married,2nd phase - general contingent,Informatics Engineering,Daytime,Secondary Education,122.9,Yes,No,No,Yes,Male,No,21,No,5,4,13.2,5,4,14.25,0.8,0.8,13.72,7.6,2.6,0.32,Enrolled
1469,Single,1st phase - general contingent,Journalism and Communication,Daytime,Secondary Education,155.0,No,No,No,Yes,Male,Yes,18,No,6,6,15.5,6,6,14.166666666666666,1.0,1.0,14.83,11.1,0.6,2.02,Graduate
1470,Single,1st phase - general contingent,Tourism,Daytime,Secondary Education,123.4,Yes,No,No,Yes,Male,No,18,No,6,6,12.333333333333334,6,6,13.666666666666666,1.0,1.0,13.0,11.1,0.6,2.02,Graduate
1471,Single,2nd phase - general contingent,Management,Daytime,Secondary Education,124.2,Yes,No,No,Yes,Male,No,18,No,5,5,12.0,5,4,11.4,1.0,0.8,11.7,13.9,-0.3,0.79,Enrolled
1472,Single,Technological specialization diploma holders,Agronomy,Daytime,Technological Specialization Course,130.0,Yes,No,No,Yes,Male,No,20,No,6,4,11.6,6,5,11.5,0.667,0.833,11.55,15.5,2.8,-4.06,Enrolled
1473,Single,2nd phase - general contingent,Journalism and Communication,Daytime,Secondary Education,126.2,No,No,No,Yes,Male,Yes,18,No,6,6,11.333333333333334,6,6,12.285714285714286,1.0,1.0,11.81,16.2,0.3,-0.92,Graduate
1474,Single,2nd phase - general contingent,Journalism and Communication,Daytime,Secondary Education,120.5,Yes,No,No,Yes,Male,No,19,No,6,0,0.0,6,0,0.0,0.0,0.0,0.0,9.4,-0.8,-3.12,Dropout
1475,Single,2nd phase - general contingent,Informatics Engineering,Daytime,Secondary Education,123.7,Yes,No,No,Yes,Male,No,20,No,5,4,12.0,5,2,12.5,0.8,0.4,12.25,10.8,1.4,1.74,Enrolled
1476,Single,2nd phase - general contingent,Equinculture,Daytime,Secondary Education,122.5,No,No,No,Yes,Male,No,19,No,5,4,12.0,5,5,12.6,0.8,1.0,12.3,9.4,-0.8,-3.12,Graduate
1477,Single,Over 23 years old,Management (evening attendance),Evening,Secondary Education,139.2,Yes,No,Yes,Yes,Male,No,33,No,5,2,12.5,5,2,11.5,0.4,0.4,12.0,12.7,3.7,-1.7,Dropout
1478,Single,Change of institution/course,Animation and Multimedia Design,Daytime,Secondary Education,131.2,Yes,No,No,Yes,Male,No,21,No,12,12,13.666666666666666,11,11,13.0,1.0,1.0,13.33,8.9,1.4,3.51,Graduate
1479,Married,Over 23 years old,Agronomy,Daytime,Secondary Education,120.0,No,No,Yes,No,Male,No,25,No,6,2,14.5,6,0,0.0,0.333,0.0,7.25,15.5,2.8,-4.06,Dropout
1480,Single,1st phase - general contingent,Veterinary Nursing,Daytime,Secondary Education,116.7,Yes,No,No,Yes,Male,Yes,20,No,6,4,13.2,6,0,0.0,0.667,0.0,6.6,12.4,0.5,1.79,Dropout
1481,Single,Short cycle diploma holders,Veterinary Nursing,Daytime,Professional Higher Technical Course,150.0,Yes,No,No,Yes,Male,Yes,22,No,7,5,12.166666666666666,8,5,14.8,0.714,0.625,13.48,8.9,1.4,3.51,Dropout
1482,Divorced,Over 23 years old,Journalism and Communication,Daytime,Basic Education 3rd Cycle,117.5,No,No,No,Yes,Female,No,39,No,6,4,11.25,6,6,11.333333333333334,0.667,1.0,11.29,10.8,1.4,1.74,Graduate
1483,Single,1st phase - general contingent,Advertising and Marketing Management,Daytime,Secondary Education,137.6,Yes,No,No,Yes,Male,Yes,21,No,6,6,15.166666666666666,6,6,14.428571428571429,1.0,1.0,14.8,8.9,1.4,3.51,Graduate
1484,Single,2nd phase - general contingent,Tourism,Daytime,Secondary Education,124.3,No,No,No,Yes,Female,Yes,19,No,6,6,11.166666666666666,6,4,13.4,1.0,0.667,12.28,16.2,0.3,-0.92,Graduate
1485,Single,Over 23 years old,Nursing,Daytime,Basic Education 3rd Cycle,116.0,No,No,No,Yes,Female,Yes,26,No,7,6,10.983333333333334,7,6,10.983333333333334,0.857,0.857,10.98,7.6,2.6,0.32,Graduate
1486,Single,3rd phase - general contingent,Social Service,Daytime,Secondary Education,121.4,Yes,No,No,Yes,Female,Yes,19,No,6,4,10.75,6,5,11.5,0.667,0.833,11.12,15.5,2.8,-4.06,Graduate
1487,Single,Short cycle diploma holders,Veterinary Nursing,Daytime,Professional Higher Technical Course,142.8,Yes,No,No,No,Female,Yes,20,No,12,11,13.384615384615383,9,7,14.285714285714286,0.917,0.778,13.84,8.9,1.4,3.51,Graduate
1488,Single,2nd phase - general contingent,Advertising and Marketing Management,Daytime,Secondary Education,96.0,Yes,No,No,Yes,Female,Yes,25,No,6,6,11.285714285714286,6,5,12.2,1.0,0.833,11.74,15.5,2.8,-4.06,Enrolled
1489,Single,Change of course,Social Service (evening attendance),Evening,Secondary Education,125.0,No,No,No,Yes,Male,No,24,No,6,0,0.0,6,0,0.0,0.0,0.0,0.0,16.2,0.3,-0.92,Dropout
1490,Single,2nd phase - general contingent,Informatics Engineering,Daytime,Secondary Education,126.1,Yes,No,No,Yes,Male,No,20,No,5,4,13.0,5,5,14.833333333333334,0.8,1.0,13.92,7.6,2.6,0.32,Graduate
1491,Married,Over 23 years old,Agronomy,Daytime,Secondary Education,155.8,No,No,No,Yes,Male,No,29,No,6,6,16.11111111111111,6,6,13.5,1.0,1.0,14.81,13.9,-0.3,0.79,Graduate
1492,Single,1st phase - general contingent,Journalism and Communication,Daytime,Secondary Education,116.0,No,No,No,Yes,Male,No,20,No,6,6,11.5,6,6,11.0,1.0,1.0,11.25,16.2,0.3,-0.92,Graduate
1493,Single,Technological specialization diploma holders,Equinculture,Daytime,Technological Specialization Course,110.0,Yes,No,No,Yes,Male,No,20,No,6,4,10.75,6,2,10.5,0.667,0.333,10.62,13.9,-0.3,0.79,Dropout
1494,Single,Over 23 years old,Advertising and Marketing Management,Daytime,Basic Education 3rd Cycle,97.2,Yes,No,No,Yes,Male,Yes,24,No,6,4,11.6,6,5,13.0,0.667,0.833,12.3,11.1,0.6,2.02,Graduate
1495,Single,Over 23 years old,Nursing,Daytime,Basic Education 3rd Cycle,100.0,No,No,Yes,Yes,Male,No,24,No,7,0,0.0,7,0,0.0,0.0,0.0,0.0,16.2,0.3,-0.92,Dropout
1496,Single,Holders of other higher courses,Informatics Engineering,Daytime,Higher Education - Degree (1st cycle),140.0,No,No,No,Yes,Male,No,23,No,5,5,13.8,5,5,14.142857142857142,1.0,1.0,13.97,11.1,0.6,2.02,Graduate
1497,Single,Change of course,Oral Hygiene,Daytime,Secondary Education,128.0,Yes,No,No,Yes,Male,No,20,No,7,7,13.585714285714284,8,8,14.6875,1.0,1.0,14.14,15.5,2.8,-4.06,Graduate
1498,Single,2nd phase - general contingent,Advertising and Marketing Management,Daytime,Secondary Education,115.3,Yes,No,No,Yes,Male,No,19,No,6,6,13.857142857142858,6,5,13.0,1.0,0.833,13.43,15.5,2.8,-4.06,Graduate
1499,Divorced,Over 23 years old,Agronomy,Daytime,Secondary Education,150.0,No,No,No,Yes,Male,No,28,No,6,5,12.0,6,6,12.333333333333334,0.833,1.0,12.17,11.1,0.6,2.02,Enrolled
1500,Single,Technological specialization diploma holders,Agronomy,Daytime,Technological Specialization Course,160.0,Yes,No,No,Yes,Male,Yes,20,No,6,6,13.444444444444445,6,5,12.6,1.0,0.833,13.02,13.9,-0.3,0.79,Graduate
1501,Single,1st phase - general contingent,Communication Design,Daytime,Secondary Education,133.1,No,No,No,Yes,Male,No,18,No,6,6,14.0,6,6,13.857142857142858,1.0,1.0,13.93,8.9,1.4,3.51,Graduate
1502,Single,1st phase - general contingent,Advertising and Marketing Management,Daytime,Secondary Education,119.0,Yes,No,Yes,Yes,Male,No,20,No,6,1,12.0,6,0,0.0,0.167,0.0,6.0,10.8,1.4,1.74,Dropout
1503,Married,Over 23 years old,Management (evening attendance),Evening,Secondary Education,156.0,Yes,No,No,Yes,Male,No,33,No,5,5,14.2,5,5,13.833333333333334,1.0,1.0,14.02,10.8,1.4,1.74,Graduate
1504,Married,Over 23 years old,Nursing,Daytime,Secondary Education,163.7,No,No,No,Yes,Female,No,35,No,7,5,13.34,7,5,10.84,0.714,0.714,12.09,12.4,0.5,1.79,Enrolled
1505,Single,Over 23 years old,Nursing,Daytime,Higher Education - Degree (1st cycle),130.0,No,No,No,Yes,Female,No,27,No,8,7,12.457142857142856,8,7,12.457142857142856,0.875,0.875,12.46,12.7,3.7,-1.7,Enrolled
1506,Single,2nd phase - general contingent,Journalism and Communication,Daytime,Secondary Education,123.1,Yes,No,No,No,Female,No,19,No,6,3,11.0,6,3,12.0,0.5,0.5,11.5,9.4,-0.8,-3.12,Dropout
1507,Single,Over 23 years old,Management (evening attendance),Evening,Secondary Education,160.0,No,No,No,Yes,Female,Yes,31,Yes,5,4,10.5,5,4,10.5,0.8,0.8,10.5,15.5,2.8,-4.06,Enrolled
1508,Single,1st phase - general contingent,Animation and Multimedia Design,Daytime,Secondary Education,136.1,Yes,No,No,Yes,Male,No,19,No,0,0,0.0,0,0,0.0,0,0,0.0,9.4,-0.8,-3.12,Graduate
1509,Single,Change of course,Communication Design,Daytime,Secondary Education,132.7,Yes,No,No,Yes,Male,No,22,No,13,13,14.0,12,12,13.0,1.0,1.0,13.5,15.5,2.8,-4.06,Graduate
1510,Single,Change of course,Nursing,Daytime,Secondary Education,128.2,No,No,No,Yes,Female,No,39,Yes,7,0,0.0,8,0,0.0,0.0,0.0,0.0,12.7,3.7,-1.7,Dropout
1511,Single,2nd phase - general contingent,Tourism,Daytime,Secondary Education,126.7,Yes,No,No,No,Male,No,22,No,1,0,0.0,6,0,0.0,0.0,0.0,0.0,12.4,0.5,1.79,Dropout
1512,Married,Over 23 years old,Management (evening attendance),Evening,Secondary Education,150.0,No,No,No,Yes,Male,No,47,No,5,4,10.0,5,4,12.5,0.8,0.8,11.25,9.4,-0.8,-3.12,Enrolled
1513,Single,2nd phase - general contingent,Animation and Multimedia Design,Daytime,Secondary Education,156.3,Yes,No,No,Yes,Male,Yes,19,No,0,0,0.0,0,0,0.0,0,0,0.0,11.1,0.6,2.02,Graduate
1514,Single,Ordinance No. 854-B/99,Tourism,Daytime,Secondary Education,116.1,Yes,No,No,Yes,Female,No,19,Yes,6,6,13.5,6,6,14.333333333333334,1.0,1.0,13.92,12.4,0.5,1.79,Graduate
1515,Single,2nd phase - general contingent,Nursing,Daytime,Secondary Education,123.8,Yes,No,No,Yes,Female,No,19,No,7,0,0.0,8,0,0.0,0.0,0.0,0.0,15.5,2.8,-4.06,Dropout
1516,Single,1st phase - general contingent,Animation and Multimedia Design,Daytime,Secondary Education,153.0,Yes,No,No,Yes,Female,Yes,21,No,17,17,13.38888888888889,17,17,14.88888888888889,1.0,1.0,14.14,11.1,0.6,2.02,Graduate
1517,Single,Holders of other higher courses,Nursing,Daytime,Higher Education - Doctorate,140.0,Yes,No,No,No,Female,No,39,No,7,0,0.0,8,0,0.0,0.0,0.0,0.0,12.4,0.5,1.79,Dropout
1518,Single,2nd phase - general contingent,Animation and Multimedia Design,Daytime,Secondary Education,131.9,Yes,No,No,Yes,Male,No,19,No,12,12,13.583333333333334,11,11,13.583333333333334,1.0,1.0,13.58,8.9,1.4,3.51,Graduate
1519,Single,1st phase - general contingent,Animation and Multimedia Design,Daytime,Secondary Education,141.4,No,No,No,Yes,Male,Yes,20,No,0,0,0.0,0,0,0.0,0,0,0.0,13.9,-0.3,0.79,Enrolled
1520,Single,Over 23 years old,Management,Daytime,Other - 11th Year,140.0,Yes,No,Yes,No,Male,No,24,No,5,0,0.0,5,0,0.0,0.0,0.0,0.0,12.7,3.7,-1.7,Dropout
1521,Single,Over 23 years old,Management (evening attendance),Evening,Secondary Education,115.0,Yes,No,No,Yes,Male,No,27,No,5,1,10.0,5,0,0.0,0.2,0.0,5.0,12.7,3.7,-1.7,Dropout
1522,Married,Over 23 years old,Management (evening attendance),Evening,Secondary Education,168.0,No,No,No,Yes,Male,No,29,No,5,5,15.2,5,5,15.2,1.0,1.0,15.2,11.1,0.6,2.02,Graduate
1523,Single,2nd phase - general contingent,Veterinary Nursing,Daytime,Secondary Education,101.3,Yes,No,No,Yes,Male,No,20,No,6,4,12.8,6,0,0.0,0.667,0.0,6.4,12.4,0.5,1.79,Dropout
1524,Single,1st phase - general contingent,Advertising and Marketing Management,Daytime,Secondary Education,122.6,No,No,No,Yes,Male,No,21,No,5,5,11.166666666666666,5,4,11.0,1.0,0.8,11.08,9.4,-0.8,-3.12,Dropout
1525,Single,1st phase - general contingent,Animation and Multimedia Design,Daytime,Secondary Education,141.7,Yes,No,No,Yes,Male,No,18,No,0,0,0.0,0,0,0.0,0,0,0.0,7.6,2.6,0.32,Enrolled
1526,Single,1st phase - general contingent,Nursing,Daytime,Secondary Education,132.3,No,No,No,Yes,Male,No,19,No,8,7,12.828571428571427,8,7,12.828571428571427,0.875,0.875,12.83,12.7,3.7,-1.7,Graduate
1527,Single,2nd phase - general contingent,Journalism and Communication,Daytime,Secondary Education,111.7,No,No,Yes,No,Male,No,19,No,6,6,12.5,6,4,12.6,1.0,0.667,12.55,15.5,2.8,-4.06,Dropout
1528,Single,Over 23 years old,Informatics Engineering,Daytime,Secondary Education,98.7,No,No,No,Yes,Male,Yes,28,No,5,3,10.0,5,3,12.4,0.6,0.6,11.2,12.4,0.5,1.79,Graduate
1529,Single,International student (bachelor),Tourism,Daytime,Secondary Education,140.0,Yes,No,No,No,Female,No,21,Yes,6,6,11.5,6,4,13.25,1.0,0.667,12.38,13.9,-0.3,0.79,Graduate
1530,Single,Ordinance No. 854-B/99,Nursing,Daytime,Secondary Education,140.0,Yes,No,Yes,No,Female,No,23,Yes,8,7,11.328571428571427,8,7,11.328571428571427,0.875,0.875,11.33,12.7,3.7,-1.7,Dropout
1531,Divorced,Over 23 years old,Agronomy,Daytime,Secondary Education,100.7,No,No,No,Yes,Female,No,39,No,6,2,13.0,6,3,13.0,0.333,0.5,13.0,15.5,2.8,-4.06,Enrolled
1532,Single,2nd phase - general contingent,Nursing,Daytime,Secondary Education,133.8,Yes,No,No,Yes,Female,No,18,No,7,6,13.033333333333331,7,6,13.033333333333331,0.857,0.857,13.03,7.6,2.6,0.32,Graduate
1533,Married,International student (bachelor),Journalism and Communication,Daytime,Secondary Education,100.0,No,No,No,Yes,Female,No,59,Yes,6,6,12.166666666666666,6,4,11.75,1.0,0.667,11.96,11.1,0.6,2.02,Graduate
1534,Single,Holders of other higher courses,Informatics Engineering,Daytime,Higher Education - Master's,180.0,No,No,Yes,Yes,Male,No,30,No,5,4,14.5,5,3,16.2,0.8,0.6,15.35,13.9,-0.3,0.79,Enrolled
1535,Single,1st phase - general contingent,Veterinary Nursing,Daytime,Secondary Education,130.8,Yes,No,No,Yes,Female,No,18,No,5,5,14.4,5,5,13.6,1.0,1.0,14.0,12.7,3.7,-1.7,Graduate
1536,Married,Technological specialization diploma holders,Management (evening attendance),Evening,Technological Specialization Course,140.0,No,No,No,Yes,Female,No,41,No,6,4,12.25,7,6,12.5,0.667,0.857,12.38,9.4,-0.8,-3.12,Enrolled
1537,Single,Over 23 years old,Nursing,Daytime,Secondary Education,106.2,Yes,No,No,Yes,Female,No,27,No,7,0,0.0,7,0,0.0,0.0,0.0,0.0,11.1,0.6,2.02,Dropout
1538,Single,1st phase - general contingent,Social Service,Daytime,Secondary Education,125.6,Yes,No,No,Yes,Female,Yes,18,No,6,6,12.666666666666666,6,6,12.0,1.0,1.0,12.33,9.4,-0.8,-3.12,Graduate
1539,Single,3rd phase - general contingent,Basic Education,Daytime,Secondary Education,117.5,Yes,No,Yes,No,Female,No,20,No,6,2,12.0,6,3,11.666666666666666,0.333,0.5,11.83,10.8,1.4,1.74,Dropout
1540,Married,Over 23 years old,Informatics Engineering,Daytime,Higher Education - Degree,122.5,No,No,No,No,Female,No,32,No,5,0,0.0,5,0,0.0,0.0,0.0,0.0,12.7,3.7,-1.7,Dropout
1541,Single,2nd phase - general contingent,Management,Daytime,Secondary Education,132.9,Yes,No,No,Yes,Female,No,19,No,5,3,11.666666666666666,5,4,10.8,0.6,0.8,11.23,9.4,-0.8,-3.12,Dropout
1542,Married,Over 23 years old,Basic Education,Daytime,Other - 11th Year,103.0,No,No,No,Yes,Female,No,41,No,6,0,0.0,6,0,0.0,0.0,0.0,0.0,16.2,0.3,-0.92,Dropout
1543,Divorced,2nd phase - general contingent,Social Service (evening attendance),Evening,Secondary Education,107.0,No,No,No,Yes,Female,No,38,No,5,1,10.0,5,0,0.0,0.2,0.0,5.0,10.8,1.4,1.74,Dropout
1544,Single,Holders of other higher courses,Equinculture,Daytime,Higher Education - Bachelor's,100.0,No,No,No,Yes,Male,No,35,Yes,7,0,0.0,6,0,0.0,0.0,0.0,0.0,8.9,1.4,3.51,Dropout
1545,Single,Over 23 years old,Social Service (evening attendance),Evening,Secondary Education,100.0,Yes,No,No,Yes,Female,No,27,No,6,4,12.25,6,3,12.0,0.667,0.5,12.12,7.6,2.6,0.32,Dropout
1546,Single,2nd phase - general contingent,Communication Design,Daytime,Secondary Education,131.3,Yes,No,No,Yes,Female,No,19,No,6,4,12.0,6,6,12.5,0.667,1.0,12.25,7.6,2.6,0.32,Graduate
1547,Single,3rd phase - general contingent,Journalism and Communication,Daytime,Secondary Education,122.2,No,No,No,No,Female,No,18,No,6,5,12.6,6,5,11.8,0.833,0.833,12.2,11.1,0.6,2.02,Enrolled
1548,Married,Over 23 years old,Management (evening attendance),Evening,12th Year - Not Completed,118.4,No,No,No,No,Female,No,39,No,5,0,0.0,5,0,0.0,0.0,0.0,0.0,7.6,2.6,0.32,Dropout
1549,Married,Holders of other higher courses,Tourism,Daytime,Higher Education - Bachelor's,100.0,No,No,No,No,Female,No,37,No,5,0,0.0,5,0,0.0,0.0,0.0,0.0,10.8,1.4,1.74,Dropout
1550,Facto Union,Over 23 years old,Nursing,Daytime,Secondary Education,110.0,No,No,No,No,Female,No,37,No,8,0,0.0,8,0,0.0,0.0,0.0,0.0,12.7,3.7,-1.7,Dropout
1551,Married,Change of course,Social Service (evening attendance),Evening,Secondary Education,100.0,No,No,No,Yes,Female,Yes,35,No,16,16,12.6875,13,13,12.0,1.0,1.0,12.34,9.4,-0.8,-3.12,Graduate
1552,Single,Change of course,Management,Daytime,Secondary Education,106.2,No,No,No,Yes,Female,No,49,No,13,10,10.4,9,6,10.666666666666666,0.769,0.667,10.53,12.7,3.7,-1.7,Graduate
1553,Single,Holders of other higher courses,Management,Daytime,Higher Education - Degree (1st cycle),110.0,No,No,No,Yes,Female,No,52,No,15,14,10.466666666666669,12,12,10.923076923076923,0.933,1.0,10.69,13.9,-0.3,0.79,Graduate
1554,Single,1st phase - general contingent,Veterinary Nursing,Daytime,Secondary Education,122.3,Yes,No,No,Yes,Female,No,18,No,5,5,14.333333333333334,5,5,13.0,1.0,1.0,13.67,9.4,-0.8,-3.12,Graduate
1555,Single,Over 23 years old,Social Service (evening attendance),Evening,Secondary Education,112.5,No,No,No,Yes,Female,Yes,30,No,7,6,14.666666666666666,6,6,14.333333333333334,0.857,1.0,14.5,10.8,1.4,1.74,Graduate
1556,Single,1st phase - general contingent,Nursing,Daytime,Secondary Education,98.1,Yes,No,No,Yes,Female,No,21,No,7,7,12.835714285714284,8,8,14.23125,1.0,1.0,13.53,11.1,0.6,2.02,Graduate
1557,Single,1st phase - general contingent,Informatics Engineering,Daytime,Secondary Education,140.2,Yes,No,No,Yes,Male,No,20,No,5,0,0.0,5,0,0.0,0.0,0.0,0.0,9.4,-0.8,-3.12,Dropout
1558,Single,2nd phase - general contingent,Management,Daytime,Secondary Education,143.6,Yes,No,Yes,Yes,Male,No,18,No,5,0,0.0,5,0,0.0,0.0,0.0,0.0,7.6,2.6,0.32,Enrolled
1559,Single,1st phase - special contingent (Madeira Island),Animation and Multimedia Design,Daytime,Secondary Education,134.6,Yes,No,No,Yes,Male,No,19,No,0,0,0.0,0,0,0.0,0,0,0.0,7.6,2.6,0.32,Dropout
1560,Single,1st phase - general contingent,Nursing,Daytime,Secondary Education,126.8,Yes,No,No,Yes,Male,No,18,No,8,8,13.24875,8,8,13.24875,1.0,1.0,13.25,9.4,-0.8,-3.12,Graduate
1561,Single,International student (bachelor),Biofuel Production Technologies,Daytime,Secondary Education,100.0,No,No,No,Yes,Male,No,20,Yes,7,7,12.857142857142858,7,4,12.75,1.0,0.571,12.8,8.9,1.4,3.51,Enrolled
1562,Single,2nd phase - general contingent,Equinculture,Daytime,Secondary Education,130.0,Yes,No,No,Yes,Female,No,21,No,6,5,13.6,6,4,14.25,0.833,0.667,13.92,12.4,0.5,1.79,Enrolled
1563,Single,1st phase - general contingent,Management,Daytime,Secondary Education,113.6,Yes,No,No,Yes,Female,Yes,22,No,5,3,14.0,5,5,12.4,0.6,1.0,13.2,11.1,0.6,2.02,Graduate
1564,Single,Technological specialization diploma holders,Equinculture,Daytime,Technological Specialization Course,140.0,Yes,No,Yes,No,Female,No,20,No,6,3,12.0,6,2,11.0,0.5,0.333,11.5,12.4,0.5,1.79,Enrolled
1565,Single,2nd phase - general contingent,Veterinary Nursing,Daytime,Secondary Education,106.0,No,No,No,Yes,Female,No,20,No,6,6,13.166666666666666,6,4,14.0,1.0,0.667,13.58,13.9,-0.3,0.79,Enrolled
1566,Single,2nd phase - general contingent,Social Service,Daytime,Secondary Education,126.6,Yes,No,No,Yes,Female,Yes,19,No,6,6,13.625,6,6,12.166666666666666,1.0,1.0,12.9,12.7,3.7,-1.7,Graduate
1567,Single,2nd phase - general contingent,Nursing,Daytime,Secondary Education,130.7,Yes,No,No,Yes,Female,Yes,18,No,7,7,14.85,8,8,15.61111111111111,1.0,1.0,15.23,13.9,-0.3,0.79,Graduate
1568,Single,1st phase - general contingent,Management,Daytime,Secondary Education,105.9,Yes,No,No,Yes,Male,No,21,No,5,4,10.75,5,5,11.4,0.8,1.0,11.08,11.1,0.6,2.02,Graduate
1569,Single,International student (bachelor),Oral Hygiene,Daytime,Secondary Education,137.0,No,No,Yes,Yes,Female,No,19,Yes,7,0,0.0,7,2,11.666666666666666,0.0,0.286,5.83,8.9,1.4,3.51,Enrolled
1570,Single,Change of course,Equinculture,Daytime,Secondary Education,100.0,No,No,No,Yes,Female,No,37,Yes,6,0,0.0,6,0,0.0,0.0,0.0,0.0,13.9,-0.3,0.79,Dropout
1571,Married,1st phase - general contingent,Social Service (evening attendance),Evening,Secondary Education,114.4,Yes,No,No,Yes,Female,No,45,No,12,12,14.0,7,7,13.857142857142858,1.0,1.0,13.93,7.6,2.6,0.32,Enrolled
1572,Single,Over 23 years old,Agronomy,Daytime,Basic Education 3rd Cycle,120.0,No,No,Yes,No,Male,No,38,No,6,0,0.0,6,0,0.0,0.0,0.0,0.0,16.2,0.3,-0.92,Dropout
1573,Legally Separated,Over 23 years old,Management (evening attendance),Evening,Other - 11th Year,119.0,Yes,No,No,No,Male,No,55,No,5,0,0.0,5,0,0.0,0.0,0.0,0.0,7.6,2.6,0.32,Dropout
1574,Facto Union,Over 23 years old,Agronomy,Daytime,Secondary Education,110.0,No,No,Yes,No,Female,No,28,No,6,5,13.0,6,4,11.75,0.833,0.667,12.38,13.9,-0.3,0.79,Dropout
1575,Facto Union,Holders of other higher courses,Management (evening attendance),Evening,Higher Education - Bachelor's,120.0,No,No,No,Yes,Female,No,46,No,8,8,12.375,9,5,12.4,1.0,0.556,12.39,8.9,1.4,3.51,Graduate
1576,Single,1st phase - general contingent,Animation and Multimedia Design,Daytime,Secondary Education,119.8,Yes,Yes,No,Yes,Female,No,22,No,0,0,0.0,0,0,0.0,0,0,0.0,16.2,0.3,-0.92,Graduate
1577,Married,Over 23 years old,Advertising and Marketing Management,Daytime,Basic Education 3rd Cycle,135.6,No,No,No,Yes,Female,No,46,No,6,5,11.4,6,4,13.75,0.833,0.667,12.58,12.4,0.5,1.79,Dropout
1578,Single,Over 23 years old,Management (evening attendance),Evening,Secondary Education,120.7,No,No,No,Yes,Female,No,28,No,5,4,11.25,5,4,13.0,0.8,0.8,12.12,7.6,2.6,0.32,Enrolled
1579,Single,1st phase - general contingent,Veterinary Nursing,Daytime,Secondary Education,136.3,Yes,No,Yes,No,Female,No,18,No,5,3,13.0,5,3,12.0,0.6,0.6,12.5,7.6,2.6,0.32,Dropout
1580,Single,1st phase - special contingent (Madeira Island),Animation and Multimedia Design,Daytime,Secondary Education,164.3,Yes,No,No,Yes,Male,Yes,18,No,0,0,0.0,0,0,0.0,0,0,0.0,10.8,1.4,1.74,Enrolled
1581,Single,1st phase - general contingent,Journalism and Communication,Daytime,Secondary Education,149.2,Yes,No,No,Yes,Male,Yes,21,No,6,6,13.5,6,6,14.166666666666666,1.0,1.0,13.83,12.7,3.7,-1.7,Graduate
1582,Single,1st phase - special contingent (Madeira Island),Communication Design,Daytime,Secondary Education,122.5,Yes,No,No,Yes,Female,No,18,No,6,1,11.0,6,4,11.0,0.167,0.667,11.0,7.6,2.6,0.32,Enrolled
1583,Single,Change of course,Management (evening attendance),Evening,Secondary Education,100.0,No,No,No,Yes,Female,No,34,No,5,0,0.0,5,1,11.0,0.0,0.2,5.5,13.9,-0.3,0.79,Dropout
1584,Single,2nd phase - general contingent,Basic Education,Daytime,Secondary Education,125.0,Yes,No,No,Yes,Female,Yes,21,No,6,5,12.0,6,5,11.2,0.833,0.833,11.6,10.8,1.4,1.74,Dropout
1585,Single,1st phase - general contingent,Journalism and Communication,Daytime,Secondary Education,131.0,Yes,No,No,Yes,Female,Yes,18,No,6,5,13.0,6,6,13.0,0.833,1.0,13.0,15.5,2.8,-4.06,Graduate
1586,Single,1st phase - general contingent,Animation and Multimedia Design,Daytime,Secondary Education,122.0,Yes,No,No,Yes,Male,No,20,No,0,0,0.0,0,0,0.0,0,0,0.0,7.6,2.6,0.32,Graduate
1587,Single,1st phase - general contingent,Management,Daytime,Secondary Education,131.3,Yes,No,No,Yes,Female,No,18,No,5,4,12.0,5,4,12.25,0.8,0.8,12.12,9.4,-0.8,-3.12,Enrolled
1588,Single,2nd phase - general contingent,Informatics Engineering,Daytime,Secondary Education,117.0,Yes,No,No,Yes,Male,No,21,No,5,5,11.166666666666666,5,3,10.8,1.0,0.6,10.98,12.4,0.5,1.79,Enrolled
1589,Single,2nd phase - general contingent,Tourism,Daytime,Secondary Education,118.0,Yes,No,No,Yes,Male,No,19,No,6,2,10.5,6,1,12.0,0.333,0.167,11.25,10.8,1.4,1.74,Dropout
1590,Single,2nd phase - general contingent,Social Service (evening attendance),Evening,Secondary Education,126.0,Yes,No,No,Yes,Male,No,22,No,6,6,12.666666666666666,6,6,12.166666666666666,1.0,1.0,12.42,7.6,2.6,0.32,Graduate
1591,Single,Technological specialization diploma holders,Agronomy,Daytime,Technological Specialization Course,120.0,No,No,No,Yes,Male,No,23,No,6,1,11.0,6,0,0.0,0.167,0.0,5.5,15.5,2.8,-4.06,Dropout
1592,Single,2nd phase - general contingent,Animation and Multimedia Design,Daytime,Secondary Education,155.6,Yes,No,No,Yes,Male,No,19,No,0,0,0.0,0,0,0.0,0,0,0.0,9.4,-0.8,-3.12,Dropout
1593,Single,1st phase - general contingent,Management,Daytime,Secondary Education,122.8,Yes,No,No,Yes,Male,No,18,No,5,4,11.5,5,2,10.333333333333334,0.8,0.4,10.92,10.8,1.4,1.74,Enrolled
1594,Single,1st phase - general contingent,Animation and Multimedia Design,Daytime,Secondary Education,127.3,Yes,No,Yes,No,Male,Yes,19,No,0,0,0.0,0,0,0.0,0,0,0.0,9.4,-0.8,-3.12,Dropout
1595,Single,2nd phase - general contingent,Management,Daytime,Secondary Education,118.4,Yes,No,No,Yes,Male,No,19,No,5,2,10.5,5,4,11.75,0.4,0.8,11.12,12.4,0.5,1.79,Enrolled
1596,Single,1st phase - general contingent,Advertising and Marketing Management,Daytime,Secondary Education,128.1,No,No,No,Yes,Male,No,19,No,5,4,12.5,5,4,11.0,0.8,0.8,11.75,7.6,2.6,0.32,Enrolled
1597,Single,1st phase - general contingent,Nursing,Daytime,Secondary Education,99.0,Yes,No,No,Yes,Male,No,22,No,7,6,12.833333333333334,8,6,12.5,0.857,0.75,12.67,16.2,0.3,-0.92,Enrolled
1598,Single,1st phase - general contingent,Journalism and Communication,Daytime,Secondary Education,161.2,No,No,No,Yes,Male,Yes,18,No,6,6,15.571428571428571,6,6,16.142857142857142,1.0,1.0,15.86,13.9,-0.3,0.79,Graduate
1599,Single,2nd phase - general contingent,Social Service,Daytime,Secondary Education,140.9,Yes,No,No,Yes,Male,No,18,No,6,4,12.0,6,5,11.8,0.667,0.833,11.9,9.4,-0.8,-3.12,Dropout
1600,Single,2nd phase - general contingent,Journalism and Communication,Daytime,Secondary Education,111.1,No,No,Yes,Yes,Male,No,19,No,6,4,11.25,6,3,11.333333333333334,0.667,0.5,11.29,16.2,0.3,-0.92,Dropout
1601,Single,1st phase - general contingent,Animation and Multimedia Design,Daytime,Secondary Education,149.9,Yes,No,No,Yes,Male,No,18,No,0,0,0.0,0,0,0.0,0,0,0.0,11.1,0.6,2.02,Graduate
1602,Single,2nd phase - general contingent,Advertising and Marketing Management,Daytime,Secondary Education,111.3,No,No,No,Yes,Male,No,21,No,6,6,12.285714285714286,6,4,14.25,1.0,0.667,13.27,15.5,2.8,-4.06,Enrolled
1603,Single,1st phase - general contingent,Tourism,Daytime,Secondary Education,121.5,Yes,No,No,Yes,Male,No,18,No,6,5,11.0,6,3,10.333333333333334,0.833,0.5,10.67,9.4,-0.8,-3.12,Enrolled
1604,Single,Technological specialization diploma holders,Agronomy,Daytime,Technological Specialization Course,120.0,Yes,No,No,Yes,Male,No,19,No,6,6,12.142857142857142,6,5,13.6,1.0,0.833,12.87,12.4,0.5,1.79,Graduate
1605,Single,Over 23 years old,Agronomy,Daytime,Basic Education 3rd Cycle,120.0,No,No,Yes,No,Male,No,27,No,6,2,11.5,6,0,0.0,0.333,0.0,5.75,8.9,1.4,3.51,Dropout
1606,Single,Short cycle diploma holders,Agronomy,Daytime,Professional Higher Technical Course,130.0,Yes,No,Yes,Yes,Male,No,20,No,12,11,12.545454545454543,10,8,11.625,0.917,0.8,12.09,8.9,1.4,3.51,Enrolled
1607,Single,1st phase - general contingent,Tourism,Daytime,Secondary Education,98.9,Yes,No,No,Yes,Male,No,20,No,6,4,13.0,6,6,13.0,0.667,1.0,13.0,12.4,0.5,1.79,Graduate
1608,Single,1st phase - general contingent,Nursing,Daytime,Secondary Education,136.3,Yes,No,No,Yes,Male,No,18,No,8,8,12.8875,8,8,12.8875,1.0,1.0,12.89,9.4,-0.8,-3.12,Graduate
1609,Single,2nd phase - general contingent,Journalism and Communication,Daytime,Secondary Education,125.2,Yes,No,No,Yes,Male,No,18,No,6,6,12.666666666666666,6,5,13.6,1.0,0.833,13.13,12.4,0.5,1.79,Enrolled
1610,Single,1st phase - general contingent,Communication Design,Daytime,Secondary Education,130.0,Yes,No,No,Yes,Male,No,18,No,6,6,12.833333333333334,6,6,12.571428571428571,1.0,1.0,12.7,8.9,1.4,3.51,Graduate
1611,Single,1st phase - general contingent,Management,Daytime,Secondary Education,141.5,Yes,No,No,Yes,Male,No,18,No,5,3,10.666666666666666,5,2,12.5,0.6,0.4,11.58,9.4,-0.8,-3.12,Dropout
1612,Single,1st phase - special contingent (Madeira Island),Veterinary Nursing,Daytime,Secondary Education,123.9,Yes,No,No,Yes,Male,No,18,No,5,5,13.0,5,5,12.4,1.0,1.0,12.7,9.4,-0.8,-3.12,Enrolled
1613,Single,2nd phase - general contingent,Nursing,Daytime,Secondary Education,114.5,Yes,No,No,Yes,Female,No,18,No,7,6,11.983333333333334,8,8,12.28125,0.857,1.0,12.13,16.2,0.3,-0.92,Graduate
1614,Single,Over 23 years old,Social Service (evening attendance),Evening,10th Year - Not Completed,100.0,Yes,No,No,No,Female,No,37,No,5,0,0.0,5,0,0.0,0.0,0.0,0.0,9.4,-0.8,-3.12,Dropout
1615,Married,Over 23 years old,Social Service (evening attendance),Evening,Secondary Education,110.5,No,No,No,Yes,Female,Yes,36,No,6,6,11.833333333333334,6,6,11.5,1.0,1.0,11.67,10.8,1.4,1.74,Graduate
1616,Married,Over 23 years old,Veterinary Nursing,Daytime,Basic Education 3rd Cycle,101.0,Yes,No,No,Yes,Female,No,26,No,6,3,12.666666666666666,6,2,11.0,0.5,0.333,11.83,15.5,2.8,-4.06,Dropout
1617,Single,1st phase - general contingent,Veterinary Nursing,Daytime,Secondary Education,121.0,No,No,No,Yes,Female,No,19,No,5,4,13.75,5,4,14.5,0.8,0.8,14.12,7.6,2.6,0.32,Graduate
1618,Single,Over 23 years old,Social Service (evening attendance),Evening,Secondary Education,95.0,Yes,No,No,Yes,Female,No,24,No,6,5,11.4,6,5,11.8,0.833,0.833,11.6,15.5,2.8,-4.06,Dropout
1619,Single,1st phase - general contingent,Journalism and Communication,Daytime,Secondary Education,126.9,Yes,No,No,Yes,Female,Yes,19,Yes,6,6,13.166666666666666,6,6,13.0,1.0,1.0,13.08,11.1,0.6,2.02,Dropout
1620,Single,Transfer,Advertising and Marketing Management,Daytime,Secondary Education,116.3,Yes,No,No,Yes,Female,Yes,20,No,7,6,12.833333333333334,8,5,11.8,0.857,0.625,12.32,12.7,3.7,-1.7,Graduate
1621,Single,3rd phase - general contingent,Advertising and Marketing Management,Daytime,Secondary Education,120.0,Yes,No,No,Yes,Female,No,19,No,6,6,14.125,6,5,14.5,1.0,0.833,14.31,11.1,0.6,2.02,Graduate
1622,Single,1st phase - general contingent,Veterinary Nursing,Daytime,Secondary Education,123.6,Yes,No,No,Yes,Female,No,21,No,5,3,11.666666666666666,5,5,13.0,0.6,1.0,12.33,10.8,1.4,1.74,Graduate
1623,Married,Over 23 years old,Oral Hygiene,Daytime,Secondary Education,150.0,No,No,No,No,Female,No,50,No,7,6,10.25,7,4,11.25,0.857,0.571,10.75,12.7,3.7,-1.7,Dropout
1624,Married,Over 23 years old,Oral Hygiene,Daytime,Secondary Education,120.0,No,No,No,Yes,Female,No,47,No,7,6,12.514285714285716,7,4,11.75,0.857,0.571,12.13,12.7,3.7,-1.7,Dropout
1625,Single,Transfer,Basic Education,Daytime,Secondary Education,111.3,No,No,No,Yes,Female,No,24,No,13,10,11.5,13,9,10.444444444444445,0.769,0.692,10.97,16.2,0.3,-0.92,Dropout
1626,Single,Over 23 years old,Management (evening attendance),Evening,Secondary Education,150.0,No,No,No,No,Female,No,48,No,5,1,10.0,5,0,0.0,0.2,0.0,5.0,15.5,2.8,-4.06,Dropout
1627,Single,1st phase - general contingent,Veterinary Nursing,Daytime,Secondary Education,123.2,Yes,No,No,Yes,Female,Yes,18,No,6,6,15.714285714285714,6,5,12.77777777777778,1.0,0.833,14.25,12.4,0.5,1.79,Graduate
1628,Single,Technological specialization diploma holders,Management (evening attendance),Evening,Technological Specialization Course,130.0,Yes,No,No,Yes,Male,No,32,No,6,4,12.5,7,4,11.0,0.667,0.571,11.75,9.4,-0.8,-3.12,Dropout
1629,Single,1st phase - general contingent,Advertising and Marketing Management,Daytime,Secondary Education,137.9,Yes,No,No,No,Male,No,20,No,5,3,12.0,5,4,12.75,0.6,0.8,12.38,7.6,2.6,0.32,Dropout
1630,Single,Over 23 years old,Informatics Engineering,Daytime,Secondary Education,100.0,No,No,Yes,Yes,Male,No,24,No,5,0,0.0,5,0,0.0,0.0,0.0,0.0,16.2,0.3,-0.92,Dropout
1631,Married,Over 23 years old,Equinculture,Daytime,Basic Education 3rd Cycle,120.0,No,No,No,Yes,Male,No,53,No,5,4,12.25,5,4,11.75,0.8,0.8,12.0,9.4,-0.8,-3.12,Graduate
1632,Married,Over 23 years old,Journalism and Communication,Daytime,Basic Education 3rd Cycle,131.0,No,No,Yes,No,Male,No,42,No,4,0,0.0,4,0,0.0,0.0,0.0,0.0,13.9,-0.3,0.79,Dropout
1633,Married,Over 23 years old,Management (evening attendance),Evening,Other - 11th Year,133.8,Yes,No,No,Yes,Male,No,52,No,5,5,13.6,5,5,14.2,1.0,1.0,13.9,7.6,2.6,0.32,Graduate
1634,Single,Change of course,Social Service (evening attendance),Evening,Secondary Education,100.0,No,No,No,Yes,Male,No,54,No,13,13,13.307692307692308,11,11,12.818181818181818,1.0,1.0,13.06,12.7,3.7,-1.7,Enrolled
1635,Married,Over 23 years old,Management (evening attendance),Evening,Secondary Education,150.0,No,No,No,Yes,Male,No,49,No,5,5,12.2,5,5,11.8,1.0,1.0,12.0,15.5,2.8,-4.06,Graduate
1636,Single,2nd phase - general contingent,Advertising and Marketing Management,Daytime,Secondary Education,126.4,No,No,No,Yes,Male,Yes,18,No,6,6,12.285714285714286,6,6,13.333333333333334,1.0,1.0,12.81,16.2,0.3,-0.92,Graduate
1637,Married,Over 23 years old,Equinculture,Daytime,Secondary Education,154.0,Yes,No,No,Yes,Male,No,37,No,5,3,12.0,5,4,13.0,0.6,0.8,12.5,10.8,1.4,1.74,Graduate
1638,Single,1st phase - general contingent,Nursing,Daytime,Secondary Education,114.9,No,No,No,Yes,Male,Yes,21,No,7,6,13.342857142857143,8,7,11.65,0.857,0.875,12.5,12.4,0.5,1.79,Graduate
1639,Single,Over 23 years old,Advertising and Marketing Management,Daytime,12th Year - Not Completed,110.0,No,No,Yes,Yes,Male,No,26,No,5,0,0.0,5,0,0.0,0.0,0.0,0.0,9.4,-0.8,-3.12,Dropout
1640,Single,1st phase - general contingent,Communication Design,Daytime,Secondary Education,149.8,Yes,No,No,Yes,Male,No,20,No,12,11,14.272727272727272,12,11,14.818181818181818,0.917,0.917,14.55,16.2,0.3,-0.92,Graduate
1641,Single,1st phase - general contingent,Nursing,Daytime,Secondary Education,117.9,Yes,No,No,Yes,Female,Yes,19,No,7,7,12.1375,8,8,12.91111111111111,1.0,1.0,12.52,12.4,0.5,1.79,Graduate
1642,Single,1st phase - general contingent,Communication Design,Daytime,Secondary Education,165.8,Yes,No,No,Yes,Female,No,18,No,6,6,14.166666666666666,6,6,14.857142857142858,1.0,1.0,14.51,9.4,-0.8,-3.12,Graduate
1643,Single,2nd phase - general contingent,Nursing,Daytime,Secondary Education,127.6,Yes,No,No,Yes,Female,No,18,No,7,7,13.528571428571428,8,8,14.655555555555557,1.0,1.0,14.09,12.4,0.5,1.79,Graduate
1644,Single,2nd phase - general contingent,Social Service (evening attendance),Evening,Secondary Education,123.8,No,No,No,Yes,Female,No,20,No,6,5,12.0,6,6,11.0,0.833,1.0,11.5,10.8,1.4,1.74,Graduate
1645,Single,2nd phase - general contingent,Tourism,Daytime,Secondary Education,126.1,Yes,No,No,Yes,Female,No,20,No,5,5,11.4,6,1,11.0,1.0,0.167,11.2,10.8,1.4,1.74,Dropout
1646,Single,1st phase - general contingent,Animation and Multimedia Design,Daytime,Secondary Education,119.7,Yes,No,No,Yes,Female,No,21,No,0,0,0.0,0,0,0.0,0,0,0.0,8.9,1.4,3.51,Dropout
1647,Single,1st phase - general contingent,Animation and Multimedia Design,Daytime,Secondary Education,121.6,Yes,No,No,Yes,Female,No,22,No,12,12,12.916666666666666,11,11,14.5,1.0,1.0,13.71,8.9,1.4,3.51,Graduate
1648,Single,Change of course,Nursing,Daytime,Secondary Education,100.0,No,No,No,Yes,Female,Yes,18,No,7,7,13.6375,8,8,14.3875,1.0,1.0,14.01,13.9,-0.3,0.79,Graduate
1649,Single,1st phase - general contingent,Nursing,Daytime,Secondary Education,127.6,Yes,No,No,Yes,Female,No,18,No,7,7,12.9,8,7,12.142857142857142,1.0,0.875,12.52,15.5,2.8,-4.06,Dropout
1650,Single,1st phase - general contingent,Nursing,Daytime,Secondary Education,132.5,Yes,No,No,Yes,Female,Yes,19,No,8,7,14.36,8,7,14.36,0.875,0.875,14.36,10.8,1.4,1.74,Graduate
1651,Single,1st phase - general contingent,Nursing,Daytime,Secondary Education,124.3,No,No,No,Yes,Female,No,19,No,8,7,14.514285714285714,8,7,14.514285714285714,0.875,0.875,14.51,12.7,3.7,-1.7,Enrolled
1652,Single,1st phase - general contingent,Nursing,Daytime,Secondary Education,131.0,Yes,No,No,Yes,Female,No,18,No,8,7,14.7,8,7,14.7,0.875,0.875,14.7,10.8,1.4,1.74,Graduate
1653,Single,Holders of other higher courses,Management (evening attendance),Evening,Higher Education - Degree (1st cycle),120.0,No,No,No,Yes,Female,No,27,No,5,5,15.2,5,5,14.0,1.0,1.0,14.6,11.1,0.6,2.02,Enrolled
1654,Single,1st phase - general contingent,Oral Hygiene,Daytime,Secondary Education,113.3,Yes,No,No,Yes,Female,Yes,20,No,7,7,13.0,8,8,15.0625,1.0,1.0,14.03,12.4,0.5,1.79,Graduate
1655,Single,1st phase - general contingent,Basic Education,Daytime,Secondary Education,121.9,Yes,No,No,Yes,Female,No,20,No,6,6,13.5,6,0,0.0,1.0,0.0,6.75,12.7,3.7,-1.7,Dropout
1656,Single,1st phase - general contingent,Veterinary Nursing,Daytime,Secondary Education,118.3,Yes,No,No,Yes,Female,No,20,No,5,5,12.333333333333334,5,5,12.6,1.0,1.0,12.47,9.4,-0.8,-3.12,Graduate
1657,Single,1st phase - general contingent,Management,Daytime,Secondary Education,118.8,No,No,No,Yes,Female,No,19,No,5,5,13.4,5,5,13.0,1.0,1.0,13.2,16.2,0.3,-0.92,Graduate
1658,Single,1st phase - general contingent,Veterinary Nursing,Daytime,Secondary Education,129.0,No,No,No,Yes,Female,No,20,No,5,4,11.75,5,2,10.5,0.8,0.4,11.12,7.6,2.6,0.32,Enrolled
1659,Single,Change of course,Animation and Multimedia Design,Daytime,Secondary Education,143.3,Yes,No,No,Yes,Female,Yes,20,No,0,0,0.0,0,0,0.0,0,0,0.0,7.6,2.6,0.32,Graduate
1660,Single,1st phase - general contingent,Animation and Multimedia Design,Daytime,Secondary Education,152.5,Yes,No,No,Yes,Female,No,20,No,0,0,0.0,0,0,0.0,0,0,0.0,13.9,-0.3,0.79,Enrolled
1661,Single,Short cycle diploma holders,Veterinary Nursing,Daytime,Professional Higher Technical Course,155.7,Yes,No,No,Yes,Female,No,27,No,12,11,14.727272727272728,9,7,14.142857142857142,0.917,0.778,14.44,8.9,1.4,3.51,Graduate
1662,Single,1st phase - general contingent,Veterinary Nursing,Daytime,Secondary Education,153.9,Yes,No,No,Yes,Female,No,18,No,6,6,16.571428571428573,6,6,15.666666666666666,1.0,1.0,16.12,13.9,-0.3,0.79,Graduate
1663,Single,1st phase - general contingent,Nursing,Daytime,Secondary Education,137.8,No,No,No,Yes,Female,No,18,No,7,7,15.145,8,8,15.7425,1.0,1.0,15.44,15.5,2.8,-4.06,Graduate
1664,Single,2nd phase - general contingent,Nursing,Daytime,Secondary Education,143.3,No,No,No,Yes,Female,Yes,18,No,7,7,13.44285714285714,8,8,15.075,1.0,1.0,14.26,13.9,-0.3,0.79,Graduate
1665,Single,1st phase - general contingent,Veterinary Nursing,Daytime,Secondary Education,123.2,No,No,No,Yes,Female,No,20,No,5,5,14.166666666666666,5,4,11.75,1.0,0.8,12.96,9.4,-0.8,-3.12,Graduate
1666,Single,1st phase - general contingent,Journalism and Communication,Daytime,Secondary Education,138.1,Yes,No,No,Yes,Female,No,19,No,6,6,14.0,6,5,15.0,1.0,0.833,14.5,11.1,0.6,2.02,Enrolled
1667,Single,2nd phase - general contingent,Social Service,Daytime,Secondary Education,140.5,No,No,No,Yes,Female,Yes,20,No,6,6,11.333333333333334,6,6,12.333333333333334,1.0,1.0,11.83,10.8,1.4,1.74,Graduate
1668,Single,1st phase - general contingent,Nursing,Daytime,Secondary Education,130.0,Yes,No,No,Yes,Female,No,18,No,8,8,13.76125,8,8,13.76125,1.0,1.0,13.76,9.4,-0.8,-3.12,Graduate
1669,Single,Technological specialization diploma holders,Communication Design,Daytime,Technological Specialization Course,104.8,No,No,Yes,No,Female,No,22,No,7,5,11.6,9,5,10.0,0.714,0.556,10.8,12.4,0.5,1.79,Dropout
1670,Single,2nd phase - general contingent,Social Service (evening attendance),Evening,Secondary Education,132.5,No,No,Yes,Yes,Female,Yes,22,No,6,4,12.75,6,5,13.0,0.667,0.833,12.88,13.9,-0.3,0.79,Graduate
1671,Single,Over 23 years old,Management (evening attendance),Evening,Secondary Education,127.7,No,No,No,Yes,Female,No,25,No,5,4,12.5,5,4,11.0,0.8,0.8,11.75,13.9,-0.3,0.79,Enrolled
1672,Single,1st phase - general contingent,Veterinary Nursing,Daytime,Secondary Education,136.5,No,No,No,Yes,Female,No,19,No,6,6,15.307692307692308,6,6,14.0,1.0,1.0,14.65,15.5,2.8,-4.06,Graduate
1673,Single,Technological specialization diploma holders,Equinculture,Daytime,Technological Specialization Course,130.0,Yes,No,No,No,Female,No,21,No,6,5,13.285714285714286,6,4,12.0,0.833,0.667,12.64,16.2,0.3,-0.92,Dropout
1674,Single,Over 23 years old,Nursing,Daytime,Higher Education - Degree (1st cycle),190.0,Yes,No,No,Yes,Female,No,27,No,7,7,14.757142857142856,8,8,14.077777777777778,1.0,1.0,14.42,16.2,0.3,-0.92,Graduate
1675,Single,2nd phase - general contingent,Nursing,Daytime,Secondary Education,128.5,Yes,No,No,Yes,Female,No,18,No,7,6,12.766666666666666,7,6,12.766666666666666,0.857,0.857,12.77,7.6,2.6,0.32,Graduate
1676,Single,2nd phase - general contingent,Tourism,Daytime,Secondary Education,126.6,No,No,No,No,Female,No,18,No,5,5,10.4,6,0,0.0,1.0,0.0,5.2,10.8,1.4,1.74,Dropout
1677,Single,2nd phase - general contingent,Oral Hygiene,Daytime,Secondary Education,131.6,Yes,No,No,Yes,Male,No,19,No,7,0,0.0,7,0,0.0,0.0,0.0,0.0,11.1,0.6,2.02,Dropout
1678,Facto Union,Over 23 years old,Management (evening attendance),Evening,Secondary Education,119.0,No,No,No,Yes,Male,Yes,35,No,5,4,10.5,5,5,12.6,0.8,1.0,11.55,8.9,1.4,3.51,Graduate
1679,Single,2nd phase - general contingent,Veterinary Nursing,Daytime,Secondary Education,127.6,No,No,No,Yes,Male,No,23,No,5,4,14.25,5,5,13.4,0.8,1.0,13.82,7.6,2.6,0.32,Graduate
1680,Single,Over 23 years old,Nursing,Daytime,Secondary Education,100.0,No,No,No,Yes,Male,No,28,No,7,3,11.916666666666666,7,0,0.0,0.429,0.0,5.96,16.2,0.3,-0.92,Dropout
1681,Single,1st phase - general contingent,Informatics Engineering,Daytime,Secondary Education,124.5,Yes,No,No,Yes,Male,No,19,No,5,3,10.666666666666666,5,2,14.0,0.6,0.4,12.33,7.6,2.6,0.32,Enrolled
1682,Single,1st phase - general contingent,Journalism and Communication,Daytime,Secondary Education,109.3,No,No,No,Yes,Male,No,19,No,6,4,12.25,6,3,12.666666666666666,0.667,0.5,12.46,7.6,2.6,0.32,Enrolled
1683,Single,1st phase - general contingent,Advertising and Marketing Management,Daytime,Secondary Education,117.7,Yes,No,Yes,Yes,Male,No,20,No,5,4,12.0,5,5,11.6,0.8,1.0,11.8,9.4,-0.8,-3.12,Dropout
1684,Single,1st phase - general contingent,Advertising and Marketing Management,Daytime,Secondary Education,124.7,Yes,No,No,Yes,Male,No,21,No,5,3,11.0,5,4,12.75,0.6,0.8,11.88,7.6,2.6,0.32,Dropout
1685,Single,2nd phase - general contingent,Communication Design,Daytime,Secondary Education,124.5,Yes,No,No,Yes,Male,No,18,No,6,6,14.166666666666666,6,5,13.0,1.0,0.833,13.58,10.8,1.4,1.74,Graduate
1686,Single,1st phase - general contingent,Communication Design,Daytime,Secondary Education,140.8,Yes,No,No,Yes,Male,No,22,No,6,6,14.666666666666666,6,6,15.0,1.0,1.0,14.83,9.4,-0.8,-3.12,Graduate
1687,Single,2nd phase - general contingent,Veterinary Nursing,Daytime,Secondary Education,111.9,Yes,No,No,Yes,Male,No,21,No,5,0,0.0,5,5,12.285714285714286,0.0,1.0,6.14,10.8,1.4,1.74,Graduate
1688,Single,Holders of other higher courses,Oral Hygiene,Daytime,Higher Education - Degree,140.0,No,No,Yes,No,Male,No,38,No,7,3,12.666666666666666,5,0,0.0,0.429,0.0,6.33,13.9,-0.3,0.79,Dropout
1689,Single,1st phase - general contingent,Animation and Multimedia Design,Daytime,Secondary Education,121.2,Yes,No,No,Yes,Male,No,20,No,0,0,0.0,0,0,0.0,0,0,0.0,10.8,1.4,1.74,Enrolled
1690,Single,Change of course,Animation and Multimedia Design,Daytime,Secondary Education,123.8,Yes,No,No,Yes,Male,No,19,No,0,0,0.0,0,0,0.0,0,0,0.0,7.6,2.6,0.32,Dropout
1691,Single,Holders of other higher courses,Informatics Engineering,Daytime,Secondary Education,134.0,No,No,No,Yes,Male,No,24,No,5,0,0.0,5,0,0.0,0.0,0.0,0.0,7.6,2.6,0.32,Dropout
1692,Single,3rd phase - general contingent,Communication Design,Daytime,Secondary Education,130.8,Yes,No,No,No,Male,No,19,No,6,0,0.0,6,0,0.0,0.0,0.0,0.0,12.7,3.7,-1.7,Dropout
1693,Single,1st phase - general contingent,Nursing,Daytime,Secondary Education,130.2,Yes,No,No,Yes,Male,Yes,19,No,7,7,13.7,8,8,14.022222222222222,1.0,1.0,13.86,16.2,0.3,-0.92,Graduate
1694,Single,1st phase - general contingent,Management,Daytime,Secondary Education,123.3,No,No,No,Yes,Male,No,19,No,5,5,11.8,5,4,12.4,1.0,0.8,12.1,16.2,0.3,-0.92,Enrolled
1695,Single,Over 23 years old,Informatics Engineering,Daytime,Higher Education - Degree,147.6,No,No,No,Yes,Male,No,31,No,5,0,0.0,5,0,0.0,0.0,0.0,0.0,10.8,1.4,1.74,Dropout
1696,Single,2nd phase - general contingent,Advertising and Marketing Management,Daytime,Secondary Education,113.4,Yes,No,No,Yes,Male,Yes,19,No,6,6,13.333333333333334,6,6,13.285714285714286,1.0,1.0,13.31,8.9,1.4,3.51,Graduate
1697,Single,2nd phase - general contingent,Communication Design,Daytime,Secondary Education,133.7,Yes,No,No,Yes,Male,No,22,No,6,5,11.4,6,6,12.166666666666666,0.833,1.0,11.78,7.6,2.6,0.32,Graduate
1698,Single,Over 23 years old,Veterinary Nursing,Daytime,Secondary Education,128.2,No,No,No,Yes,Male,No,25,No,5,0,0.0,5,0,0.0,0.0,0.0,0.0,7.6,2.6,0.32,Dropout
1699,Single,1st phase - general contingent,Nursing,Daytime,Secondary Education,161.0,Yes,No,No,Yes,Male,No,18,No,7,7,16.142857142857142,8,0,0.0,1.0,0.0,8.07,16.2,0.3,-0.92,Dropout
1700,Single,Holders of other higher courses,Nursing,Daytime,Higher Education - Degree,130.0,Yes,No,No,Yes,Male,No,30,No,8,0,0.0,8,0,0.0,0.0,0.0,0.0,9.4,-0.8,-3.12,Dropout
1701,Single,1st phase - general contingent,Nursing,Daytime,Secondary Education,156.3,No,No,No,Yes,Male,Yes,18,No,8,8,15.63375,8,8,15.63375,1.0,1.0,15.63,9.4,-0.8,-3.12,Graduate
1702,Single,1st phase - general contingent,Journalism and Communication,Daytime,Secondary Education,129.3,Yes,No,No,Yes,Male,No,18,No,6,6,13.666666666666666,6,6,14.5,1.0,1.0,14.08,12.7,3.7,-1.7,Graduate
1703,Single,2nd phase - general contingent,Journalism and Communication,Daytime,Secondary Education,129.3,No,No,No,Yes,Male,No,18,No,6,0,0.0,6,0,0.0,0.0,0.0,0.0,7.6,2.6,0.32,Dropout
1704,Single,1st phase - general contingent,Social Service,Daytime,Secondary Education,136.3,Yes,No,No,Yes,Male,No,18,No,6,6,12.5,6,6,11.5,1.0,1.0,12.0,10.8,1.4,1.74,Graduate
1705,Single,Over 23 years old,Advertising and Marketing Management,Daytime,Secondary Education,140.0,No,No,No,Yes,Male,Yes,25,No,6,6,12.285714285714286,6,6,13.0,1.0,1.0,12.64,15.5,2.8,-4.06,Graduate
1706,Single,1st phase - general contingent,Informatics Engineering,Daytime,Secondary Education,135.9,No,No,No,Yes,Male,No,18,No,5,2,14.0,5,3,11.0,0.4,0.6,12.5,7.6,2.6,0.32,Enrolled
1707,Single,1st phase - general contingent,Animation and Multimedia Design,Daytime,Secondary Education,139.7,No,No,No,Yes,Male,No,18,No,0,0,0.0,0,0,0.0,0,0,0.0,12.7,3.7,-1.7,Dropout
1708,Single,1st phase - general contingent,Management,Daytime,Secondary Education,117.0,Yes,No,No,Yes,Male,No,19,No,5,4,10.75,5,4,12.25,0.8,0.8,11.5,12.4,0.5,1.79,Enrolled
1709,Single,Over 23 years old,Oral Hygiene,Daytime,Basic Education 3rd Cycle,105.0,No,No,No,Yes,Male,No,25,No,7,4,12.95,7,4,13.125,0.571,0.571,13.04,15.5,2.8,-4.06,Dropout
1710,Single,1st phase - general contingent,Nursing,Daytime,Secondary Education,130.5,Yes,No,No,Yes,Female,No,19,No,7,6,12.45,7,6,12.45,0.857,0.857,12.45,7.6,2.6,0.32,Graduate
1711,Single,Technological specialization diploma holders,Management (evening attendance),Evening,Technological Specialization Course,130.0,No,No,No,Yes,Female,No,31,No,6,4,12.25,7,7,12.0,0.667,1.0,12.12,9.4,-0.8,-3.12,Enrolled
1712,Single,1st phase - general contingent,Nursing,Daytime,Secondary Education,131.5,Yes,No,No,Yes,Female,Yes,20,No,8,8,13.38125,8,8,13.38125,1.0,1.0,13.38,9.4,-0.8,-3.12,Graduate
1713,Single,Transfer,Nursing,Daytime,Secondary Education,100.0,Yes,No,No,No,Female,No,33,Yes,7,5,12.16,6,5,11.34,0.714,0.833,11.75,12.4,0.5,1.79,Dropout
1714,Single,Technological specialization diploma holders,Veterinary Nursing,Daytime,Technological Specialization Course,140.0,No,No,Yes,No,Female,No,24,No,6,4,12.5,6,2,11.5,0.667,0.333,12.0,12.4,0.5,1.79,Enrolled
1715,Single,2nd phase - general contingent,Social Service,Daytime,Secondary Education,130.2,Yes,No,No,Yes,Female,Yes,18,No,6,6,12.75,6,6,12.166666666666666,1.0,1.0,12.46,12.7,3.7,-1.7,Graduate
1716,Single,2nd phase - general contingent,Nursing,Daytime,Secondary Education,133.5,Yes,No,No,Yes,Female,No,19,No,8,8,13.3425,8,8,13.3425,1.0,1.0,13.34,9.4,-0.8,-3.12,Graduate
1717,Single,1st phase - general contingent,Nursing,Daytime,Secondary Education,133.2,Yes,No,No,Yes,Female,Yes,20,No,7,7,14.175,8,6,13.03125,1.0,0.75,13.6,15.5,2.8,-4.06,Graduate
1718,Married,Over 23 years old,Nursing,Daytime,Secondary Education,130.0,No,No,No,Yes,Male,Yes,33,No,8,1,10.0,8,1,10.0,0.125,0.125,10.0,12.7,3.7,-1.7,Enrolled
1719,Single,Over 23 years old,Informatics Engineering,Daytime,Secondary Education,129.0,No,No,No,Yes,Male,No,24,No,5,0,0.0,5,2,14.5,0.0,0.4,7.25,7.6,2.6,0.32,Dropout
1720,Single,Over 23 years old,Management (evening attendance),Evening,Basic Education 3rd Cycle,100.0,No,No,No,Yes,Male,No,24,No,5,0,0.0,5,0,0.0,0.0,0.0,0.0,16.2,0.3,-0.92,Dropout
1721,Single,2nd phase - general contingent,Veterinary Nursing,Daytime,Secondary Education,116.5,Yes,No,No,Yes,Male,No,18,No,5,5,12.0,5,5,12.142857142857142,1.0,1.0,12.07,10.8,1.4,1.74,Graduate
1722,Single,1st phase - general contingent,Tourism,Daytime,Secondary Education,124.2,Yes,No,No,Yes,Female,Yes,18,No,6,6,10.571428571428571,6,5,11.4,1.0,0.833,10.99,16.2,0.3,-0.92,Graduate
1723,Single,Change of institution/course,Veterinary Nursing,Daytime,Secondary Education,138.8,Yes,No,No,Yes,Female,No,22,No,12,11,14.153846153846152,12,12,15.428571428571429,0.917,1.0,14.79,8.9,1.4,3.51,Graduate
1724,Single,1st phase - general contingent,Journalism and Communication,Daytime,Secondary Education,126.4,Yes,Yes,No,Yes,Female,Yes,18,No,6,6,11.166666666666666,6,5,12.4,1.0,0.833,11.78,10.8,1.4,1.74,Graduate
1725,Single,1st phase - general contingent,Animation and Multimedia Design,Daytime,Secondary Education,151.9,Yes,No,No,Yes,Female,No,21,No,17,17,12.0,17,17,12.666666666666666,1.0,1.0,12.33,11.1,0.6,2.02,Graduate
1726,Married,Over 23 years old,Management (evening attendance),Evening,Secondary Education,120.0,Yes,No,No,Yes,Female,No,38,No,5,3,11.333333333333334,5,4,12.0,0.6,0.8,11.67,9.4,-0.8,-3.12,Dropout
1727,Single,Change of course,Social Service,Daytime,Secondary Education,131.9,No,No,No,Yes,Female,Yes,29,No,16,16,12.588235294117649,13,13,13.357142857142858,1.0,1.0,12.97,9.4,-0.8,-3.12,Graduate
1728,Single,Technological specialization diploma holders,Equinculture,Daytime,Technological Specialization Course,130.0,Yes,No,No,Yes,Female,Yes,20,No,6,4,12.0,6,4,10.75,0.667,0.667,11.38,16.2,0.3,-0.92,Enrolled
1729,Single,2nd phase - general contingent,Tourism,Daytime,Secondary Education,131.7,Yes,No,No,No,Female,No,18,No,6,0,0.0,6,0,0.0,0.0,0.0,0.0,12.7,3.7,-1.7,Dropout
1730,Married,Change of course,Management (evening attendance),Evening,Secondary Education,132.5,No,No,No,Yes,Male,No,37,No,12,12,12.25,13,13,12.846153846153848,1.0,1.0,12.55,9.4,-0.8,-3.12,Graduate
1731,Single,1st phase - general contingent,Management,Daytime,Secondary Education,116.5,No,No,No,Yes,Male,No,20,No,5,5,11.6,5,5,12.8,1.0,1.0,12.2,12.4,0.5,1.79,Graduate
1732,Single,1st phase - general contingent,Equinculture,Daytime,Secondary Education,133.9,Yes,No,No,No,Male,No,20,No,5,4,13.0,5,3,12.0,0.8,0.6,12.5,10.8,1.4,1.74,Dropout
1733,Married,Over 23 years old,Informatics Engineering,Daytime,Secondary Education,145.4,No,No,Yes,Yes,Male,No,40,No,5,3,10.666666666666666,5,2,12.5,0.6,0.4,11.58,16.2,0.3,-0.92,Dropout
1734,Married,Over 23 years old,Social Service (evening attendance),Evening,Secondary Education,172.0,No,No,No,Yes,Male,No,44,No,11,9,12.333333333333334,11,9,11.0,0.818,0.818,11.67,12.4,0.5,1.79,Enrolled
1735,Single,1st phase - general contingent,Management,Daytime,Secondary Education,111.0,No,No,No,No,Male,No,21,No,5,2,11.0,5,3,11.428571428571429,0.4,0.6,11.21,10.8,1.4,1.74,Dropout
1736,Single,Technological specialization diploma holders,Communication Design,Daytime,Technological Specialization Course,120.0,No,No,No,Yes,Male,No,21,No,7,6,13.428571428571429,9,8,13.125,0.857,0.889,13.28,16.2,0.3,-0.92,Graduate
1737,Single,1st phase - general contingent,Nursing,Daytime,Secondary Education,129.8,Yes,No,No,Yes,Male,No,18,No,8,8,13.05375,8,8,13.05375,1.0,1.0,13.05,9.4,-0.8,-3.12,Graduate
1738,Single,1st phase - general contingent,Nursing,Daytime,Secondary Education,118.1,Yes,No,No,Yes,Male,No,18,No,7,6,12.035714285714286,8,7,13.75,0.857,0.875,12.89,13.9,-0.3,0.79,Enrolled
1739,Single,Over 23 years old,Agronomy,Daytime,Secondary Education,130.0,No,No,No,Yes,Male,No,27,No,6,6,14.166666666666666,6,6,13.833333333333334,1.0,1.0,14.0,11.1,0.6,2.02,Graduate
1740,Married,Over 23 years old,Communication Design,Daytime,Basic Education 3rd Cycle,126.3,No,No,No,No,Male,No,38,No,6,0,0.0,6,0,0.0,0.0,0.0,0.0,10.8,1.4,1.74,Dropout
1741,Single,3rd phase - general contingent,Equinculture,Daytime,Secondary Education,137.8,No,No,No,Yes,Male,No,18,No,6,5,13.6,6,3,12.666666666666666,0.833,0.5,13.13,13.9,-0.3,0.79,Dropout
1742,Single,2nd phase - general contingent,Tourism,Daytime,Secondary Education,116.1,Yes,No,No,Yes,Male,No,19,No,6,5,12.2,6,2,12.0,0.833,0.333,12.1,7.6,2.6,0.32,Enrolled
1743,Single,1st phase - general contingent,Equinculture,Daytime,Secondary Education,115.4,Yes,No,No,Yes,Male,No,18,No,6,6,13.714285714285714,6,5,13.333333333333334,1.0,0.833,13.52,15.5,2.8,-4.06,Dropout
1744,Single,Change of course,Journalism and Communication,Daytime,Secondary Education,110.0,No,No,Yes,No,Male,No,19,No,6,3,11.666666666666666,6,2,10.0,0.5,0.333,10.83,16.2,0.3,-0.92,Dropout
1745,Single,Over 23 years old,Advertising and Marketing Management,Daytime,Secondary Education,97.4,No,No,Yes,No,Male,No,44,No,6,1,14.0,6,0,0.0,0.167,0.0,7.0,12.7,3.7,-1.7,Dropout
1746,Single,Technological specialization diploma holders,Veterinary Nursing,Daytime,Technological Specialization Course,130.0,Yes,Yes,No,Yes,Male,No,26,No,6,4,12.5,6,3,10.0,0.667,0.5,11.25,15.5,2.8,-4.06,Dropout
1747,Single,Change of course,Equinculture,Daytime,Secondary Education,156.0,No,No,Yes,No,Male,No,24,No,6,5,11.833333333333334,6,4,11.5,0.833,0.667,11.67,15.5,2.8,-4.06,Dropout
1748,Single,Over 23 years old,Agronomy,Daytime,Secondary Education,126.1,Yes,No,No,No,Male,No,27,No,6,0,0.0,6,0,0.0,0.0,0.0,0.0,15.5,2.8,-4.06,Dropout
1749,Single,Over 23 years old,Agronomy,Daytime,Secondary Education,120.0,No,No,Yes,No,Male,No,27,No,6,0,0.0,6,0,0.0,0.0,0.0,0.0,13.9,-0.3,0.79,Dropout
1750,Single,Change of course,Communication Design,Daytime,Secondary Education,105.2,Yes,No,No,Yes,Male,No,25,No,17,13,11.538461538461538,15,10,12.4,0.765,0.667,11.97,12.7,3.7,-1.7,Dropout
1751,Single,Technological specialization diploma holders,Agronomy,Daytime,Secondary Education,120.0,Yes,No,No,Yes,Male,No,21,No,9,7,11.285714285714286,8,4,12.25,0.778,0.5,11.77,12.7,3.7,-1.7,Enrolled
1752,Single,1st phase - general contingent,Animation and Multimedia Design,Daytime,Secondary Education,137.8,Yes,No,No,Yes,Male,Yes,19,No,0,0,0.0,0,0,0.0,0,0,0.0,13.9,-0.3,0.79,Graduate
1753,Single,2nd phase - general contingent,Communication Design,Daytime,Secondary Education,134.2,Yes,No,No,Yes,Male,No,20,No,6,5,11.8,6,4,12.0,0.833,0.667,11.9,15.5,2.8,-4.06,Enrolled
1754,Single,Technological specialization diploma holders,Informatics Engineering,Daytime,Technological Specialization Course,150.0,No,No,No,Yes,Male,No,20,No,5,0,0.0,5,2,10.5,0.0,0.4,5.25,12.7,3.7,-1.7,Enrolled
1755,Single,2nd phase - general contingent,Informatics Engineering,Daytime,Secondary Education,116.0,Yes,No,Yes,No,Male,No,20,No,5,0,0.0,5,0,0.0,0.0,0.0,0.0,8.9,1.4,3.51,Dropout
1756,Single,1st phase - general contingent,Informatics Engineering,Daytime,Secondary Education,143.4,No,No,No,No,Male,Yes,18,No,5,5,14.2,5,5,14.2,1.0,1.0,14.2,8.9,1.4,3.51,Enrolled
1757,Single,2nd phase - general contingent,Animation and Multimedia Design,Daytime,Secondary Education,143.6,No,No,Yes,Yes,Male,No,19,No,12,10,12.7,11,10,12.272727272727272,0.833,0.909,12.49,8.9,1.4,3.51,Enrolled
1758,Single,Technological specialization diploma holders,Equinculture,Daytime,Technological Specialization Course,150.0,Yes,No,No,No,Female,No,22,No,6,3,12.666666666666666,6,0,0.0,0.5,0.0,6.33,15.5,2.8,-4.06,Dropout
1759,Single,1st phase - general contingent,Advertising and Marketing Management,Daytime,Secondary Education,118.0,Yes,No,No,Yes,Female,No,19,No,6,6,14.428571428571429,6,6,15.0,1.0,1.0,14.71,16.2,0.3,-0.92,Graduate
1760,Single,1st phase - general contingent,Nursing,Daytime,Secondary Education,109.3,Yes,No,No,Yes,Female,Yes,18,No,7,7,13.117142857142856,8,7,12.6,1.0,0.875,12.86,11.1,0.6,2.02,Graduate
1761,Single,1st phase - general contingent,Social Service,Daytime,Secondary Education,119.3,Yes,No,Yes,Yes,Female,No,20,No,6,6,12.666666666666666,6,6,11.833333333333334,1.0,1.0,12.25,8.9,1.4,3.51,Graduate
1762,Single,2nd phase - general contingent,Animation and Multimedia Design,Daytime,Secondary Education,146.3,Yes,No,No,Yes,Female,Yes,18,Yes,0,0,0.0,0,0,0.0,0,0,0.0,12.7,3.7,-1.7,Dropout
1763,Single,Over 23 years old,Journalism and Communication,Daytime,Secondary Education,161.5,No,No,No,Yes,Male,No,36,No,6,6,15.285714285714286,6,6,16.5,1.0,1.0,15.89,10.8,1.4,1.74,Graduate
1764,Single,International student (bachelor),Management,Daytime,Secondary Education,140.0,No,No,Yes,Yes,Male,No,19,Yes,5,3,10.5,5,4,11.25,0.6,0.8,10.88,12.4,0.5,1.79,Graduate
1765,Single,Short cycle diploma holders,Management,Daytime,Professional Higher Technical Course,142.2,No,No,No,Yes,Male,Yes,21,No,11,11,12.636363636363637,9,9,12.6,1.0,1.0,12.62,8.9,1.4,3.51,Graduate
1766,Single,1st phase - general contingent,Management,Daytime,Secondary Education,129.2,Yes,No,No,Yes,Female,No,26,No,5,0,0.0,5,0,0.0,0.0,0.0,0.0,15.5,2.8,-4.06,Dropout
1767,Single,Over 23 years old,Agronomy,Daytime,Secondary Education,100.0,No,No,Yes,No,Female,No,29,Yes,9,3,14.333333333333334,7,1,14.0,0.333,0.143,14.17,15.5,2.8,-4.06,Dropout
1768,Single,Technological specialization diploma holders,Tourism,Daytime,Technological Specialization Course,170.0,No,No,No,No,Male,No,26,No,8,8,15.125,6,6,13.666666666666666,1.0,1.0,14.4,11.1,0.6,2.02,Enrolled
1769,Single,Holders of other higher courses,Nursing,Daytime,Higher Education - Degree,140.0,No,No,No,Yes,Male,No,27,No,7,0,0.0,8,0,0.0,0.0,0.0,0.0,12.4,0.5,1.79,Dropout
1770,Single,Change of institution/course,Management,Daytime,Secondary Education,115.2,No,No,Yes,Yes,Male,No,32,No,7,3,12.0,8,3,10.333333333333334,0.429,0.375,11.17,8.9,1.4,3.51,Enrolled
1771,Single,1st phase - special contingent (Madeira Island),Basic Education,Daytime,Secondary Education,121.4,Yes,No,No,Yes,Female,Yes,23,No,6,4,14.25,6,5,12.0,0.667,0.833,13.12,7.6,2.6,0.32,Enrolled
1772,Single,Over 23 years old,Management,Daytime,Secondary Education,134.8,No,No,No,Yes,Female,No,24,Yes,5,2,10.5,5,4,10.0,0.4,0.8,10.25,16.2,0.3,-0.92,Enrolled
1773,Single,1st phase - general contingent,Journalism and Communication,Daytime,Secondary Education,136.9,Yes,No,No,Yes,Female,Yes,19,No,6,6,13.5,6,6,14.428571428571429,1.0,1.0,13.96,16.2,0.3,-0.92,Graduate
1774,Single,Transfer,Agronomy,Daytime,Secondary Education,140.0,Yes,No,No,Yes,Male,No,25,No,6,5,11.666666666666666,6,4,12.0,0.833,0.667,11.83,15.5,2.8,-4.06,Enrolled
1775,Single,2nd phase - general contingent,Tourism,Daytime,Secondary Education,112.2,Yes,No,No,Yes,Male,No,19,No,6,5,10.8,6,3,10.0,0.833,0.5,10.4,9.4,-0.8,-3.12,Enrolled
1776,Single,1st phase - general contingent,Journalism and Communication,Daytime,Secondary Education,148.7,No,No,No,No,Male,No,20,No,4,0,0.0,4,0,0.0,0.0,0.0,0.0,10.8,1.4,1.74,Dropout
1777,Married,1st phase - general contingent,Tourism,Daytime,Secondary Education,133.0,No,No,No,Yes,Male,No,33,No,9,9,12.8,7,7,11.428571428571429,1.0,1.0,12.11,12.7,3.7,-1.7,Graduate
1778,Married,Over 23 years old,Management (evening attendance),Evening,Secondary Education,150.0,No,No,Yes,Yes,Male,No,35,No,5,5,10.8,5,5,12.0,1.0,1.0,11.4,9.4,-0.8,-3.12,Dropout
1779,Single,1st phase - general contingent,Management,Daytime,Secondary Education,98.0,Yes,No,No,Yes,Male,No,23,No,5,4,11.4,5,4,11.0,0.8,0.8,11.2,11.1,0.6,2.02,Graduate
1780,Single,1st phase - general contingent,Nursing,Daytime,Secondary Education,122.4,Yes,No,No,Yes,Male,No,19,No,7,7,13.725714285714286,8,8,14.5,1.0,1.0,14.11,11.1,0.6,2.02,Graduate
1781,Single,1st phase - general contingent,Advertising and Marketing Management,Daytime,Secondary Education,139.0,No,No,No,Yes,Male,No,21,No,6,5,12.8,6,5,12.25,0.833,0.833,12.52,10.8,1.4,1.74,Enrolled
1782,Single,1st phase - general contingent,Communication Design,Daytime,Secondary Education,112.0,Yes,No,No,Yes,Male,Yes,21,No,6,6,13.5,6,6,11.166666666666666,1.0,1.0,12.33,11.1,0.6,2.02,Graduate
1783,Single,Over 23 years old,Nursing,Daytime,Secondary Education,143.8,No,No,No,Yes,Male,No,27,No,8,7,15.57,8,7,15.57,0.875,0.875,15.57,10.8,1.4,1.74,Dropout
1784,Single,2nd phase - general contingent,Management,Daytime,Secondary Education,116.1,Yes,No,Yes,Yes,Male,No,19,No,5,4,11.0,5,2,12.0,0.8,0.4,11.5,8.9,1.4,3.51,Enrolled
1785,Single,Holders of other higher courses,Nursing,Daytime,Higher Education - Degree,138.0,No,No,No,Yes,Male,No,28,No,7,7,14.114285714285714,8,8,15.91111111111111,1.0,1.0,15.01,16.2,0.3,-0.92,Dropout
1786,Single,Change of course,Management,Daytime,Secondary Education,110.0,No,No,No,Yes,Male,No,25,No,5,3,11.0,5,4,11.5,0.6,0.8,11.25,9.4,-0.8,-3.12,Enrolled
1787,Married,Over 23 years old,Social Service,Daytime,Basic Education 3rd Cycle,103.5,No,No,No,Yes,Male,No,42,No,6,0,0.0,6,0,0.0,0.0,0.0,0.0,15.5,2.8,-4.06,Dropout
1788,Single,Holders of other higher courses,Management (evening attendance),Evening,Higher Education - Degree,140.0,No,No,No,Yes,Male,No,27,No,5,4,13.5,5,4,13.75,0.8,0.8,13.62,7.6,2.6,0.32,Graduate
1789,Single,1st phase - general contingent,Communication Design,Daytime,Secondary Education,108.7,Yes,No,No,Yes,Male,No,23,No,6,4,11.25,6,0,0.0,0.667,0.0,5.62,7.6,2.6,0.32,Dropout
1790,Single,2nd phase - general contingent,Tourism,Daytime,Secondary Education,115.9,Yes,No,No,Yes,Male,Yes,18,No,6,6,12.142857142857142,6,6,11.333333333333334,1.0,1.0,11.74,8.9,1.4,3.51,Graduate
1791,Married,Over 23 years old,Nursing,Daytime,Secondary Education,127.3,No,No,No,Yes,Male,No,26,No,8,7,13.075714285714286,8,7,13.075714285714286,0.875,0.875,13.08,10.8,1.4,1.74,Graduate
1792,Single,1st phase - general contingent,Management,Daytime,Secondary Education,138.7,No,No,No,Yes,Male,No,18,No,5,0,0.0,5,0,0.0,0.0,0.0,0.0,8.9,1.4,3.51,Dropout
1793,Single,Over 23 years old,Management (evening attendance),Evening,Secondary Education,135.8,No,No,Yes,Yes,Male,No,29,No,5,3,11.0,5,2,13.5,0.6,0.4,12.25,12.7,3.7,-1.7,Dropout
1794,Single,2nd phase - general contingent,Veterinary Nursing,Daytime,Secondary Education,134.6,Yes,No,No,Yes,Male,No,22,No,6,0,0.0,6,0,0.0,0.0,0.0,0.0,16.2,0.3,-0.92,Dropout
1795,Single,Change of course,Nursing,Daytime,Secondary Education,118.4,Yes,No,No,Yes,Female,No,21,No,7,4,13.125,7,6,12.333333333333334,0.571,0.857,12.73,13.9,-0.3,0.79,Enrolled
1796,Single,1st phase - general contingent,Nursing,Daytime,Secondary Education,132.8,Yes,No,No,Yes,Female,Yes,19,No,8,7,13.512857142857142,8,7,13.512857142857142,0.875,0.875,13.51,10.8,1.4,1.74,Graduate
1797,Single,1st phase - general contingent,Social Service,Daytime,Secondary Education,155.5,Yes,No,No,Yes,Female,Yes,18,No,6,6,12.833333333333334,6,6,12.166666666666666,1.0,1.0,12.5,10.8,1.4,1.74,Graduate
1798,Single,1st phase - general contingent,Veterinary Nursing,Daytime,Secondary Education,132.0,Yes,No,No,Yes,Female,Yes,18,No,5,3,15.0,5,3,11.666666666666666,0.6,0.6,13.33,9.4,-0.8,-3.12,Dropout
1799,Single,Over 23 years old,Agronomy,Daytime,Basic Education 3rd Cycle,110.0,No,No,Yes,No,Female,No,40,No,6,5,12.8,6,3,13.333333333333334,0.833,0.5,13.07,11.1,0.6,2.02,Dropout
1800,Single,2nd phase - general contingent,Tourism,Daytime,Secondary Education,127.3,Yes,No,Yes,No,Female,No,20,Yes,6,3,12.333333333333334,6,0,0.0,0.5,0.0,6.17,10.8,1.4,1.74,Dropout
1801,Single,1st phase - general contingent,Nursing,Daytime,Secondary Education,126.0,Yes,No,No,Yes,Male,No,18,No,8,5,12.288,8,5,12.288,0.625,0.625,12.29,10.8,1.4,1.74,Dropout
1802,Single,Change of course,Social Service (evening attendance),Evening,Higher Education - Degree,130.0,No,No,No,Yes,Male,No,31,No,12,12,12.333333333333334,10,7,13.285714285714286,1.0,0.7,12.81,7.6,2.6,0.32,Graduate
1803,Single,1st phase - general contingent,Management,Daytime,Secondary Education,118.8,No,No,No,Yes,Male,Yes,18,No,5,4,11.5,5,5,12.8,0.8,1.0,12.15,12.4,0.5,1.79,Graduate
1804,Single,Change of course,Advertising and Marketing Management,Daytime,Secondary Education,127.6,Yes,No,No,Yes,Male,No,22,No,6,6,11.833333333333334,6,4,11.142857142857142,1.0,0.667,11.49,10.8,1.4,1.74,Dropout
1805,Single,Change of institution/course,Management,Daytime,Basic Education 3rd Cycle,112.1,No,No,Yes,No,Male,No,38,No,5,0,0.0,5,0,0.0,0.0,0.0,0.0,8.9,1.4,3.51,Dropout
1806,Single,Change of course,Management (evening attendance),Evening,Higher Education - Degree,130.0,No,No,No,Yes,Male,No,33,No,5,0,0.0,5,0,0.0,0.0,0.0,0.0,12.7,3.7,-1.7,Dropout
1807,Single,1st phase - general contingent,Informatics Engineering,Daytime,Secondary Education,111.1,No,No,No,Yes,Male,Yes,19,No,5,5,11.8,5,3,11.5,1.0,0.6,11.65,11.1,0.6,2.02,Enrolled
1808,Single,2nd phase - general contingent,Advertising and Marketing Management,Daytime,Secondary Education,121.4,No,No,No,Yes,Male,No,18,No,6,0,0.0,6,0,0.0,0.0,0.0,0.0,15.5,2.8,-4.06,Dropout
1809,Single,1st phase - general contingent,Informatics Engineering,Daytime,Secondary Education,126.8,No,No,No,No,Male,Yes,18,No,5,5,12.2,5,4,12.0,1.0,0.8,12.1,8.9,1.4,3.51,Enrolled
1810,Single,Change of institution/course,Management (evening attendance),Evening,Secondary Education,120.6,Yes,No,No,Yes,Male,No,27,No,6,6,12.333333333333334,5,5,13.0,1.0,1.0,12.67,11.1,0.6,2.02,Graduate
1811,Single,Over 23 years old,Tourism,Daytime,Secondary Education,126.5,No,No,No,Yes,Male,No,26,No,6,6,12.428571428571429,6,6,12.833333333333334,1.0,1.0,12.63,7.6,2.6,0.32,Graduate
1812,Single,1st phase - general contingent,Nursing,Daytime,Secondary Education,120.2,Yes,No,No,Yes,Female,Yes,19,No,7,7,12.765714285714289,8,8,13.544444444444444,1.0,1.0,13.16,12.4,0.5,1.79,Graduate
1813,Married,Change of institution/course,Nursing,Daytime,Secondary Education,120.0,No,No,No,Yes,Male,No,44,No,7,5,12.1,7,5,12.6,0.714,0.714,12.35,11.1,0.6,2.02,Dropout
1814,Single,1st phase - general contingent,Management,Daytime,Secondary Education,137.5,Yes,No,No,Yes,Male,No,19,No,5,5,12.0,5,5,11.5,1.0,1.0,11.75,13.9,-0.3,0.79,Graduate
1815,Single,3rd phase - general contingent,Communication Design,Daytime,Secondary Education,127.9,Yes,No,No,Yes,Male,No,20,No,6,0,0.0,6,0,0.0,0.0,0.0,0.0,9.4,-0.8,-3.12,Dropout
1816,Single,Over 23 years old,Agronomy,Daytime,Basic Education 3rd Cycle,140.0,No,No,Yes,Yes,Male,No,24,No,6,6,14.88888888888889,6,6,13.727272727272728,1.0,1.0,14.31,16.2,0.3,-0.92,Enrolled
1817,Divorced,Change of course,Management (evening attendance),Evening,Secondary Education,131.8,No,No,No,Yes,Female,No,31,No,14,13,11.357142857142858,14,13,12.0,0.929,0.929,11.68,9.4,-0.8,-3.12,Graduate
1818,Single,Change of course,Communication Design,Daytime,Secondary Education,129.0,Yes,No,No,Yes,Female,No,25,No,6,6,13.5,6,6,12.5,1.0,1.0,13.0,9.4,-0.8,-3.12,Graduate
1819,Single,2nd phase - general contingent,Journalism and Communication,Daytime,Secondary Education,115.8,Yes,No,Yes,No,Female,No,19,No,6,0,0.0,6,0,0.0,0.0,0.0,0.0,8.9,1.4,3.51,Dropout
1820,Single,2nd phase - general contingent,Nursing,Daytime,Secondary Education,126.4,Yes,No,No,Yes,Female,No,18,No,7,7,13.884285714285712,8,8,14.75,1.0,1.0,14.32,11.1,0.6,2.02,Dropout
1821,Single,Change of course,Veterinary Nursing,Daytime,Secondary Education,130.0,Yes,No,No,No,Female,No,19,No,6,5,13.0,6,3,11.666666666666666,0.833,0.5,12.33,13.9,-0.3,0.79,Enrolled
1822,Single,1st phase - general contingent,Nursing,Daytime,Secondary Education,114.8,Yes,No,No,Yes,Female,Yes,19,No,7,4,12.65,7,5,11.1,0.571,0.714,11.88,12.4,0.5,1.79,Enrolled
1823,Single,2nd phase - general contingent,Management,Daytime,Secondary Education,138.6,Yes,No,No,Yes,Female,No,19,No,5,1,11.0,5,0,0.0,0.2,0.0,5.5,12.7,3.7,-1.7,Enrolled
1824,Single,Over 23 years old,Advertising and Marketing Management,Daytime,Secondary Education,112.9,No,No,No,Yes,Female,No,24,No,6,2,11.666666666666666,6,2,10.5,0.333,0.333,11.08,16.2,0.3,-0.92,Dropout
1825,Single,1st phase - general contingent,Social Service,Daytime,Secondary Education,111.6,No,No,No,Yes,Female,No,20,No,6,6,14.5,6,6,12.666666666666666,1.0,1.0,13.58,12.4,0.5,1.79,Graduate
1826,Single,2nd phase - general contingent,Tourism,Daytime,Secondary Education,152.0,No,No,No,Yes,Female,No,18,No,6,6,14.714285714285714,6,6,14.166666666666666,1.0,1.0,14.44,12.7,3.7,-1.7,Graduate
1827,Single,1st phase - general contingent,Social Service,Daytime,Secondary Education,132.6,No,No,No,Yes,Female,Yes,18,No,6,6,13.285714285714286,6,6,14.333333333333334,1.0,1.0,13.81,12.4,0.5,1.79,Graduate
1828,Single,2nd phase - general contingent,Veterinary Nursing,Daytime,Secondary Education,118.4,Yes,No,No,Yes,Female,No,21,No,5,3,11.333333333333334,5,2,10.5,0.6,0.4,10.92,9.4,-0.8,-3.12,Enrolled
1829,Single,Holders of other higher courses,Nursing,Daytime,Higher Education - Degree,120.0,No,No,Yes,No,Female,No,28,No,7,0,0.0,7,0,0.0,0.0,0.0,0.0,13.9,-0.3,0.79,Dropout
1830,Single,1st phase - general contingent,Management,Daytime,Secondary Education,122.1,No,No,No,Yes,Female,Yes,18,No,5,4,11.571428571428571,5,5,12.0,0.8,1.0,11.79,13.9,-0.3,0.79,Enrolled
1831,Single,1st phase - general contingent,Basic Education,Daytime,Secondary Education,142.8,No,No,Yes,Yes,Female,No,18,No,6,5,13.0,6,4,11.5,0.833,0.667,12.25,12.7,3.7,-1.7,Dropout
1832,Single,1st phase - general contingent,Social Service,Daytime,Secondary Education,124.8,No,No,No,Yes,Female,Yes,18,No,6,6,11.5,6,5,14.0,1.0,0.833,12.75,11.1,0.6,2.02,Graduate
1833,Single,2nd phase - general contingent,Management,Daytime,Secondary Education,126.3,Yes,No,No,Yes,Female,Yes,18,No,5,5,11.8,5,5,11.6,1.0,1.0,11.7,16.2,0.3,-0.92,Graduate
1834,Single,1st phase - general contingent,Management,Daytime,Secondary Education,119.0,Yes,No,No,No,Female,Yes,19,No,5,3,10.666666666666666,5,3,12.285714285714286,0.6,0.6,11.48,10.8,1.4,1.74,Dropout
1835,Single,2nd phase - general contingent,Nursing,Daytime,Secondary Education,124.9,No,No,No,Yes,Female,Yes,19,No,7,6,13.8875,8,8,14.864444444444445,0.857,1.0,14.38,15.5,2.8,-4.06,Graduate
1836,Single,1st phase - general contingent,Social Service,Daytime,Secondary Education,118.0,No,No,Yes,Yes,Female,Yes,20,No,6,5,11.4,6,6,11.5,0.833,1.0,11.45,8.9,1.4,3.51,Graduate
1837,Married,Change of course,Social Service (evening attendance),Evening,Secondary Education,100.0,No,No,No,Yes,Female,No,34,No,11,9,12.333333333333334,7,7,12.142857142857142,0.818,1.0,12.24,9.4,-0.8,-3.12,Graduate
1838,Married,Over 23 years old,Nursing,Daytime,Secondary Education,109.0,Yes,No,No,Yes,Female,No,39,No,7,5,12.16,7,5,12.16,0.714,0.714,12.16,7.6,2.6,0.32,Enrolled
1839,Single,2nd phase - general contingent,Nursing,Daytime,Secondary Education,130.8,Yes,No,No,Yes,Female,No,19,No,8,8,13.427499999999998,8,8,13.427499999999998,1.0,1.0,13.43,9.4,-0.8,-3.12,Graduate
1840,Single,Over 23 years old,Communication Design,Daytime,Secondary Education,110.0,Yes,No,No,Yes,Female,No,24,No,6,6,15.166666666666666,6,2,15.5,1.0,0.333,15.33,15.5,2.8,-4.06,Graduate
1841,Single,Ordinance No. 854-B/99,Journalism and Communication,Daytime,Secondary Education,151.0,Yes,No,No,Yes,Female,No,18,Yes,6,0,0.0,6,0,0.0,0.0,0.0,0.0,9.4,-0.8,-3.12,Dropout
1842,Single,2nd phase - general contingent,Equinculture,Daytime,Secondary Education,131.0,Yes,No,No,Yes,Male,No,19,No,5,2,10.5,5,0,0.0,0.4,0.0,5.25,10.8,1.4,1.74,Dropout
1843,Single,1st phase - general contingent,Management,Daytime,Secondary Education,155.2,No,No,No,Yes,Male,Yes,18,No,5,5,11.8,5,3,11.0,1.0,0.6,11.4,9.4,-0.8,-3.12,Graduate
1844,Single,1st phase - general contingent,Management,Daytime,Secondary Education,121.0,Yes,Yes,Yes,Yes,Male,No,20,No,5,5,13.2,5,5,11.4,1.0,1.0,12.3,16.2,0.3,-0.92,Enrolled
1845,Single,1st phase - general contingent,Nursing,Daytime,Secondary Education,119.7,Yes,Yes,Yes,Yes,Male,No,19,No,7,7,13.075,8,8,12.36111111111111,1.0,1.0,12.72,12.4,0.5,1.79,Graduate
1846,Single,1st phase - general contingent,Equinculture,Daytime,Secondary Education,131.0,Yes,No,No,Yes,Male,No,19,No,6,4,11.6,6,2,13.0,0.667,0.333,12.3,11.1,0.6,2.02,Dropout
1847,Single,2nd phase - general contingent,Agronomy,Daytime,Secondary Education,116.9,No,No,No,Yes,Male,No,19,No,6,6,13.666666666666666,6,4,12.25,1.0,0.667,12.96,13.9,-0.3,0.79,Dropout
1848,Married,Over 23 years old,Management (evening attendance),Evening,Secondary Education,130.0,Yes,No,No,Yes,Male,No,41,No,5,4,10.75,5,2,10.0,0.8,0.4,10.38,9.4,-0.8,-3.12,Dropout
1849,Single,1st phase - general contingent,Nursing,Daytime,Secondary Education,137.8,No,No,No,Yes,Male,No,19,No,7,6,13.492857142857144,8,8,12.68888888888889,0.857,1.0,13.09,12.4,0.5,1.79,Graduate
1850,Single,Change of course,Tourism,Daytime,Secondary Education,122.1,No,No,No,Yes,Male,No,19,No,6,3,12.5,6,4,11.0,0.5,0.667,11.75,12.7,3.7,-1.7,Enrolled
1851,Single,Holders of other higher courses,Nursing,Daytime,Higher Education - Degree,120.0,Yes,No,No,No,Male,No,23,No,7,0,0.0,8,0,0.0,0.0,0.0,0.0,12.7,3.7,-1.7,Dropout
1852,Single,1st phase - general contingent,Informatics Engineering,Daytime,Secondary Education,133.0,No,No,No,Yes,Male,No,18,No,5,5,13.285714285714286,5,5,14.8,1.0,1.0,14.04,12.4,0.5,1.79,Dropout
1853,Single,1st phase - general contingent,Management,Daytime,Secondary Education,115.2,No,No,No,Yes,Male,No,19,No,5,5,12.6,5,5,11.8,1.0,1.0,12.2,16.2,0.3,-0.92,Graduate
1854,Single,Technological specialization diploma holders,Agronomy,Daytime,Technological Specialization Course,160.0,Yes,No,No,Yes,Male,No,20,No,6,6,14.0,6,6,14.666666666666666,1.0,1.0,14.33,12.4,0.5,1.79,Graduate
1855,Single,Over 23 years old,Veterinary Nursing,Daytime,Secondary Education,106.3,No,No,Yes,No,Male,No,35,No,5,2,11.5,5,2,10.5,0.4,0.4,11.0,7.6,2.6,0.32,Dropout
1856,Divorced,Over 23 years old,Advertising and Marketing Management,Daytime,Basic Education 3rd Cycle,103.0,No,No,No,No,Male,No,34,No,6,0,0.0,6,0,0.0,0.0,0.0,0.0,10.8,1.4,1.74,Dropout
1857,Single,1st phase - general contingent,Communication Design,Daytime,Secondary Education,136.0,Yes,No,Yes,No,Female,Yes,19,No,6,6,11.833333333333334,6,6,12.875,1.0,1.0,12.35,10.8,1.4,1.74,Graduate
1858,Single,International student (bachelor),Social Service,Daytime,Secondary Education,146.5,Yes,No,Yes,No,Male,No,22,Yes,6,5,11.5,6,5,12.4,0.833,0.833,11.95,13.9,-0.3,0.79,Graduate
1859,Single,2nd phase - general contingent,Communication Design,Daytime,Secondary Education,131.4,No,No,No,Yes,Male,No,20,No,6,6,14.166666666666666,6,6,12.333333333333334,1.0,1.0,13.25,11.1,0.6,2.02,Graduate
1860,Married,Transfer,Management (evening attendance),Evening,Secondary Education,130.0,No,No,No,Yes,Male,No,27,No,2,2,12.5,5,2,12.5,1.0,0.4,12.5,12.7,3.7,-1.7,Enrolled
1861,Married,Over 23 years old,Informatics Engineering,Daytime,Secondary Education,137.0,No,No,Yes,Yes,Male,No,30,No,5,0,0.0,5,0,0.0,0.0,0.0,0.0,7.6,2.6,0.32,Dropout
1862,Single,Over 23 years old,Informatics Engineering,Daytime,Secondary Education,125.9,No,No,No,Yes,Male,No,34,No,5,0,0.0,5,1,11.0,0.0,0.2,5.5,10.8,1.4,1.74,Enrolled
1863,Single,1st phase - general contingent,Tourism,Daytime,Secondary Education,111.9,Yes,No,No,No,Male,No,20,No,6,2,10.5,6,0,0.0,0.333,0.0,5.25,10.8,1.4,1.74,Dropout
1864,Single,2nd phase - general contingent,Communication Design,Daytime,Secondary Education,131.2,Yes,No,No,Yes,Male,No,18,No,6,6,11.833333333333334,6,6,13.166666666666666,1.0,1.0,12.5,7.6,2.6,0.32,Graduate
1865,Single,1st phase - general contingent,Equinculture,Daytime,Secondary Education,131.2,No,No,No,Yes,Male,Yes,26,No,5,0,0.0,5,0,0.0,0.0,0.0,0.0,7.6,2.6,0.32,Dropout
1866,Single,Over 23 years old,Management (evening attendance),Evening,Secondary Education,140.0,No,No,No,Yes,Male,No,26,No,5,5,12.4,5,5,12.4,1.0,1.0,12.4,15.5,2.8,-4.06,Graduate
1867,Single,Over 23 years old,Management,Daytime,Secondary Education,121.5,No,No,No,No,Male,No,26,No,5,2,10.5,5,0,0.0,0.4,0.0,5.25,10.8,1.4,1.74,Dropout
1868,Single,Over 23 years old,Management (evening attendance),Evening,Secondary Education,153.5,No,No,Yes,No,Male,No,31,No,5,0,0.0,5,0,0.0,0.0,0.0,0.0,12.4,0.5,1.79,Dropout
1869,Single,1st phase - general contingent,Animation and Multimedia Design,Daytime,Secondary Education,142.2,Yes,No,No,Yes,Male,Yes,20,No,12,12,14.583333333333334,11,11,14.333333333333334,1.0,1.0,14.46,8.9,1.4,3.51,Graduate
1870,Single,1st phase - general contingent,Journalism and Communication,Daytime,Secondary Education,131.1,Yes,No,No,Yes,Male,No,19,No,6,6,11.666666666666666,6,3,12.666666666666666,1.0,0.5,12.17,7.6,2.6,0.32,Graduate
1871,Single,2nd phase - general contingent,Advertising and Marketing Management,Daytime,Secondary Education,130.6,Yes,No,Yes,No,Male,No,23,No,5,0,0.0,5,0,0.0,0.0,0.0,0.0,7.6,2.6,0.32,Dropout
1872,Single,1st phase - general contingent,Nursing,Daytime,Secondary Education,115.0,Yes,No,No,Yes,Male,Yes,20,No,7,1,13.0,7,0,0.0,0.143,0.0,6.5,11.1,0.6,2.02,Dropout
1873,Single,Change of institution/course,Nursing,Daytime,Secondary Education,125.0,No,No,No,Yes,Male,No,20,No,7,7,15.66,10,9,15.011111111111113,1.0,0.9,15.34,11.1,0.6,2.02,Graduate
1874,Single,Over 23 years old,Social Service (evening attendance),Evening,Secondary Education,97.5,Yes,No,No,Yes,Male,No,29,No,6,0,0.0,5,0,0.0,0.0,0.0,0.0,7.6,2.6,0.32,Dropout
1875,Single,1st phase - general contingent,Journalism and Communication,Daytime,Secondary Education,134.4,Yes,No,No,Yes,Male,Yes,20,No,6,6,12.166666666666666,6,4,12.75,1.0,0.667,12.46,9.4,-0.8,-3.12,Graduate
1876,Single,1st phase - general contingent,Nursing,Daytime,Secondary Education,118.8,No,No,No,Yes,Male,No,24,No,7,6,13.3,7,6,13.3,0.857,0.857,13.3,7.6,2.6,0.32,Graduate
1877,Single,Over 23 years old,Oral Hygiene,Daytime,Basic Education 3rd Cycle,110.5,No,No,No,Yes,Male,No,37,No,7,0,0.0,7,0,0.0,0.0,0.0,0.0,11.1,0.6,2.02,Dropout
1878,Single,1st phase - general contingent,Nursing,Daytime,Secondary Education,123.3,Yes,No,No,Yes,Male,No,18,No,7,0,0.0,8,0,0.0,0.0,0.0,0.0,7.6,2.6,0.32,Dropout
1879,Single,1st phase - general contingent,Animation and Multimedia Design,Daytime,Secondary Education,139.6,Yes,No,Yes,No,Male,Yes,18,No,0,0,0.0,0,0,0.0,0,0,0.0,13.9,-0.3,0.79,Dropout
1880,Single,2nd phase - general contingent,Nursing,Daytime,Secondary Education,138.8,No,No,No,Yes,Male,No,18,No,8,7,13.55714285714286,8,7,13.55714285714286,0.875,0.875,13.56,12.7,3.7,-1.7,Graduate
1881,Married,Technological specialization diploma holders,Informatics Engineering,Daytime,Technological Specialization Course,160.0,No,No,Yes,Yes,Male,No,41,No,7,5,14.333333333333334,6,6,14.636363636363637,0.714,1.0,14.48,12.4,0.5,1.79,Enrolled
1882,Single,Over 23 years old,Agronomy,Daytime,Secondary Education,140.0,No,No,No,Yes,Male,No,35,No,6,4,12.0,6,3,10.333333333333334,0.667,0.5,11.17,13.9,-0.3,0.79,Dropout
1883,Single,2nd phase - general contingent,Tourism,Daytime,Secondary Education,118.2,No,No,No,Yes,Female,No,19,No,5,0,0.0,6,0,0.0,0.0,0.0,0.0,8.9,1.4,3.51,Dropout
1884,Single,1st phase - general contingent,Animation and Multimedia Design,Daytime,Secondary Education,150.6,Yes,No,No,Yes,Male,No,18,No,0,0,0.0,0,0,0.0,0,0,0.0,10.8,1.4,1.74,Graduate
1885,Married,Over 23 years old,Nursing,Daytime,Secondary Education,115.2,No,No,No,Yes,Female,No,48,No,7,4,11.75,7,3,11.725,0.571,0.429,11.74,11.1,0.6,2.02,Enrolled
1886,Single,1st phase - general contingent,Nursing,Daytime,Secondary Education,126.0,Yes,No,No,Yes,Female,No,19,No,7,6,12.183333333333332,7,6,12.183333333333332,0.857,0.857,12.18,7.6,2.6,0.32,Graduate
1887,Single,Technological specialization diploma holders,Agronomy,Daytime,Technological Specialization Course,160.0,Yes,No,No,No,Male,No,30,No,9,6,11.833333333333334,8,4,11.0,0.667,0.5,11.42,15.5,2.8,-4.06,Dropout
1888,Married,Change of course,Journalism and Communication,Daytime,Secondary Education,160.0,No,No,Yes,No,Male,No,51,No,4,0,0.0,4,0,0.0,0.0,0.0,0.0,12.7,3.7,-1.7,Dropout
1889,Single,Ordinance No. 854-B/99,Veterinary Nursing,Daytime,Secondary Education,184.4,No,No,No,Yes,Female,No,18,Yes,6,6,15.0,6,5,14.333333333333334,1.0,0.833,14.67,11.1,0.6,2.02,Graduate
1890,Single,1st phase - general contingent,Animation and Multimedia Design,Daytime,Secondary Education,156.0,Yes,No,No,Yes,Female,No,18,No,0,0,0.0,0,0,0.0,0,0,0.0,10.8,1.4,1.74,Graduate
1891,Single,1st phase - general contingent,Animation and Multimedia Design,Daytime,Secondary Education,150.2,Yes,No,No,Yes,Female,No,18,No,0,0,0.0,0,0,0.0,0,0,0.0,11.1,0.6,2.02,Graduate
1892,Single,1st phase - general contingent,Nursing,Daytime,Secondary Education,126.3,Yes,No,No,Yes,Female,Yes,18,No,8,8,13.435,8,8,13.435,1.0,1.0,13.44,9.4,-0.8,-3.12,Graduate
1893,Single,1st phase - general contingent,Equinculture,Daytime,Secondary Education,146.1,Yes,No,No,Yes,Female,No,18,No,5,4,13.5,5,0,0.0,0.8,0.0,6.75,10.8,1.4,1.74,Dropout
1894,Single,1st phase - general contingent,Animation and Multimedia Design,Daytime,Secondary Education,145.3,Yes,No,No,Yes,Female,No,18,No,0,0,0.0,0,0,0.0,0,0,0.0,12.4,0.5,1.79,Enrolled
1895,Single,3rd phase - general contingent,Animation and Multimedia Design,Daytime,Secondary Education,116.8,Yes,No,No,Yes,Female,No,23,No,17,17,11.5,17,17,12.176470588235292,1.0,1.0,11.84,12.4,0.5,1.79,Graduate
1896,Single,1st phase - general contingent,Communication Design,Daytime,Secondary Education,132.1,Yes,No,No,Yes,Female,No,19,No,6,2,10.5,6,3,11.0,0.333,0.5,10.75,7.6,2.6,0.32,Enrolled
1897,Single,1st phase - general contingent,Veterinary Nursing,Daytime,Secondary Education,102.6,No,Yes,No,Yes,Female,No,21,No,6,4,12.0,6,2,11.5,0.667,0.333,11.75,11.1,0.6,2.02,Enrolled
1898,Single,1st phase - general contingent,Journalism and Communication,Daytime,Secondary Education,112.3,Yes,No,Yes,No,Female,No,18,No,6,5,12.2,6,4,11.5,0.833,0.667,11.85,11.1,0.6,2.02,Dropout
1899,Single,1st phase - general contingent,Animation and Multimedia Design,Daytime,Secondary Education,155.3,Yes,Yes,No,Yes,Female,No,18,No,0,0,0.0,0,0,0.0,0,0,0.0,11.1,0.6,2.02,Graduate
1900,Single,Short cycle diploma holders,Veterinary Nursing,Daytime,Professional Higher Technical Course,153.8,Yes,No,No,Yes,Female,No,21,No,11,10,14.5,9,8,14.0,0.909,0.889,14.25,8.9,1.4,3.51,Graduate
1901,Single,Change of course,Journalism and Communication,Daytime,Secondary Education,110.0,No,No,Yes,Yes,Female,No,20,No,6,6,13.333333333333334,6,6,12.666666666666666,1.0,1.0,13.0,12.4,0.5,1.79,Graduate
1902,Single,Transfer,Veterinary Nursing,Daytime,Secondary Education,128.2,No,No,No,Yes,Female,No,24,No,11,9,12.0,10,9,12.555555555555555,0.818,0.9,12.28,9.4,-0.8,-3.12,Graduate
1903,Single,1st phase - general contingent,Equinculture,Daytime,Secondary Education,120.4,Yes,No,No,Yes,Female,No,18,No,6,6,15.125,6,6,14.0,1.0,1.0,14.56,13.9,-0.3,0.79,Graduate
1904,Single,2nd phase - general contingent,Nursing,Daytime,Secondary Education,153.0,Yes,No,No,Yes,Female,No,18,No,7,6,13.116666666666667,7,6,13.116666666666667,0.857,0.857,13.12,7.6,2.6,0.32,Graduate
1905,Single,1st phase - general contingent,Journalism and Communication,Daytime,Secondary Education,117.9,Yes,No,No,Yes,Female,No,19,No,6,6,12.833333333333334,6,6,11.666666666666666,1.0,1.0,12.25,11.1,0.6,2.02,Graduate
1906,Single,Technological specialization diploma holders,Social Service,Daytime,Technological Specialization Course,145.6,Yes,No,No,Yes,Female,Yes,20,No,6,6,13.333333333333334,6,6,14.166666666666666,1.0,1.0,13.75,13.9,-0.3,0.79,Graduate
1907,Single,1st phase - general contingent,Nursing,Daytime,Secondary Education,119.8,Yes,No,No,Yes,Female,No,18,No,7,7,13.877142857142855,8,8,15.6625,1.0,1.0,14.77,12.4,0.5,1.79,Graduate
1908,Single,1st phase - general contingent,Nursing,Daytime,Secondary Education,126.8,Yes,No,No,Yes,Female,No,18,No,8,7,12.944285714285714,8,7,12.944285714285714,0.875,0.875,12.94,10.8,1.4,1.74,Graduate
1909,Single,2nd phase - general contingent,Basic Education,Daytime,Secondary Education,106.1,Yes,No,No,Yes,Female,No,19,No,6,5,12.333333333333334,6,5,11.0,0.833,0.833,11.67,15.5,2.8,-4.06,Enrolled
1910,Single,1st phase - general contingent,Nursing,Daytime,Secondary Education,137.3,Yes,No,No,Yes,Female,No,19,No,7,6,14.266666666666666,7,6,14.266666666666666,0.857,0.857,14.27,7.6,2.6,0.32,Graduate
1911,Single,1st phase - general contingent,Advertising and Marketing Management,Daytime,Secondary Education,115.5,Yes,No,No,Yes,Female,No,18,No,6,5,13.0,6,5,14.0,0.833,0.833,13.5,13.9,-0.3,0.79,Graduate
1912,Single,1st phase - general contingent,Nursing,Daytime,Secondary Education,127.5,Yes,No,No,Yes,Female,No,20,No,8,8,12.48375,8,8,12.48375,1.0,1.0,12.48,9.4,-0.8,-3.12,Graduate
1913,Single,1st phase - general contingent,Oral Hygiene,Daytime,Secondary Education,116.3,Yes,No,No,Yes,Female,No,18,No,7,7,13.428571428571429,8,8,15.3125,1.0,1.0,14.37,16.2,0.3,-0.92,Graduate
1914,Married,2nd phase - general contingent,Social Service (evening attendance),Evening,Secondary Education,113.2,No,No,Yes,No,Female,No,18,No,6,3,10.666666666666666,6,0,0.0,0.5,0.0,5.33,7.6,2.6,0.32,Dropout
1915,Single,1st phase - general contingent,Basic Education,Daytime,Secondary Education,132.6,Yes,No,No,Yes,Female,No,18,No,6,5,15.4,6,5,12.2,0.833,0.833,13.8,7.6,2.6,0.32,Graduate
1916,Single,1st phase - general contingent,Nursing,Daytime,Secondary Education,132.0,Yes,No,No,Yes,Female,No,18,No,7,6,13.45,7,6,13.45,0.857,0.857,13.45,7.6,2.6,0.32,Graduate
1917,Single,2nd phase - general contingent,Nursing,Daytime,Secondary Education,130.3,Yes,No,No,Yes,Female,Yes,18,No,7,6,12.6,7,6,12.6,0.857,0.857,12.6,7.6,2.6,0.32,Graduate
1918,Single,1st phase - general contingent,Nursing,Daytime,Secondary Education,116.7,Yes,No,No,Yes,Female,No,20,No,7,7,12.485714285714286,8,8,12.9375,1.0,1.0,12.71,16.2,0.3,-0.92,Graduate
1919,Single,1st phase - general contingent,Communication Design,Daytime,Secondary Education,134.0,Yes,No,No,Yes,Female,Yes,22,No,6,5,10.8,6,5,12.8,0.833,0.833,11.8,12.7,3.7,-1.7,Graduate
1920,Single,Change of course,Advertising and Marketing Management,Daytime,Secondary Education,100.0,No,No,Yes,Yes,Female,No,20,No,6,5,12.2,6,5,14.6,0.833,0.833,13.4,13.9,-0.3,0.79,Enrolled
1921,Single,Technological specialization diploma holders,Veterinary Nursing,Daytime,Technological Specialization Course,140.0,Yes,No,No,Yes,Female,No,20,No,6,5,14.2,6,2,13.5,0.833,0.333,13.85,13.9,-0.3,0.79,Enrolled
1922,Single,1st phase - general contingent,Social Service,Daytime,Secondary Education,139.2,Yes,No,No,Yes,Female,No,18,No,6,6,13.833333333333334,6,6,14.0,1.0,1.0,13.92,9.4,-0.8,-3.12,Graduate
1923,Single,1st phase - general contingent,Basic Education,Daytime,Secondary Education,132.6,No,No,No,Yes,Female,No,18,No,6,5,12.8,6,3,10.0,0.833,0.5,11.4,9.4,-0.8,-3.12,Enrolled
1924,Single,2nd phase - general contingent,Management,Daytime,Secondary Education,129.4,No,No,No,Yes,Female,No,18,No,5,5,13.2,5,4,12.5,1.0,0.8,12.85,9.4,-0.8,-3.12,Graduate
1925,Single,2nd phase - general contingent,Advertising and Marketing Management,Daytime,Secondary Education,125.6,No,No,Yes,Yes,Female,Yes,18,No,6,1,14.0,6,0,0.0,0.167,0.0,7.0,15.5,2.8,-4.06,Dropout
1926,Single,2nd phase - general contingent,Social Service,Daytime,Secondary Education,129.3,No,No,No,Yes,Female,No,19,No,8,8,13.875,6,5,14.0,1.0,0.833,13.94,11.1,0.6,2.02,Graduate
1927,Single,1st phase - general contingent,Veterinary Nursing,Daytime,Secondary Education,128.4,Yes,No,No,Yes,Female,Yes,19,No,5,5,12.5,5,5,12.714285714285714,1.0,1.0,12.61,10.8,1.4,1.74,Graduate
1928,Single,2nd phase - general contingent,Journalism and Communication,Daytime,Secondary Education,139.9,No,No,No,Yes,Female,Yes,18,No,6,6,13.428571428571429,6,6,12.5,1.0,1.0,12.96,13.9,-0.3,0.79,Graduate
1929,Single,1st phase - general contingent,Communication Design,Daytime,Secondary Education,124.8,No,No,No,No,Female,Yes,18,No,6,5,11.8,6,5,13.0,0.833,0.833,12.4,8.9,1.4,3.51,Enrolled
1930,Single,2nd phase - general contingent,Nursing,Daytime,Secondary Education,128.5,Yes,No,No,Yes,Female,Yes,18,No,7,7,14.868571428571428,8,8,15.11111111111111,1.0,1.0,14.99,11.1,0.6,2.02,Graduate
1931,Single,1st phase - general contingent,Nursing,Daytime,Secondary Education,117.8,Yes,No,No,Yes,Female,No,18,No,7,7,13.03,8,8,13.21875,1.0,1.0,13.12,15.5,2.8,-4.06,Graduate
1932,Single,2nd phase - general contingent,Advertising and Marketing Management,Daytime,Secondary Education,115.1,Yes,No,No,Yes,Female,No,19,No,6,6,14.571428571428571,6,6,12.333333333333334,1.0,1.0,13.45,12.4,0.5,1.79,Graduate
1933,Single,2nd phase - general contingent,Social Service,Daytime,Secondary Education,118.0,Yes,No,No,Yes,Female,No,18,No,6,5,11.0,6,4,11.25,0.833,0.667,11.12,8.9,1.4,3.51,Graduate
1934,Single,Over 23 years old,Nursing,Daytime,Basic Education 3rd Cycle,120.0,No,No,No,Yes,Female,Yes,25,No,8,8,13.3675,8,8,13.3675,1.0,1.0,13.37,9.4,-0.8,-3.12,Graduate
1935,Single,1st phase - general contingent,Nursing,Daytime,Secondary Education,119.6,Yes,No,No,Yes,Female,Yes,19,No,7,6,12.808333333333332,8,7,12.825714285714286,0.857,0.875,12.82,12.4,0.5,1.79,Graduate
1936,Single,2nd phase - general contingent,Nursing,Daytime,Secondary Education,133.2,Yes,No,No,Yes,Female,No,18,No,7,7,13.918571428571427,8,8,13.8875,1.0,1.0,13.9,11.1,0.6,2.02,Graduate
1937,Single,2nd phase - general contingent,Equinculture,Daytime,Secondary Education,141.8,Yes,No,No,Yes,Female,No,19,No,6,6,13.0,6,4,12.8,1.0,0.667,12.9,13.9,-0.3,0.79,Graduate
1938,Married,1st phase - general contingent,Nursing,Daytime,Secondary Education,130.3,No,No,No,Yes,Female,No,18,No,7,6,13.683333333333332,7,6,13.683333333333332,0.857,0.857,13.68,7.6,2.6,0.32,Graduate
1939,Single,Over 23 years old,Veterinary Nursing,Daytime,Secondary Education,100.0,No,No,No,Yes,Female,No,24,No,6,5,13.0,6,1,12.0,0.833,0.167,12.5,13.9,-0.3,0.79,Dropout
1940,Single,1st phase - general contingent,Journalism and Communication,Daytime,Secondary Education,114.6,Yes,No,No,Yes,Female,No,21,No,6,5,12.8,6,5,11.2,0.833,0.833,12.0,11.1,0.6,2.02,Graduate
1941,Single,1st phase - general contingent,Tourism,Daytime,Secondary Education,123.4,Yes,No,No,Yes,Female,Yes,18,No,6,6,13.571428571428571,6,6,12.166666666666666,1.0,1.0,12.87,8.9,1.4,3.51,Graduate
1942,Single,1st phase - general contingent,Social Service,Daytime,Secondary Education,116.4,Yes,No,No,Yes,Female,No,18,No,6,6,13.166666666666666,6,6,13.166666666666666,1.0,1.0,13.17,8.9,1.4,3.51,Graduate
1943,Married,1st phase - general contingent,Communication Design,Daytime,Secondary Education,123.2,No,No,No,Yes,Female,Yes,20,No,6,6,15.0,6,6,14.5,1.0,1.0,14.75,11.1,0.6,2.02,Graduate
1944,Single,1st phase - general contingent,Communication Design,Daytime,Secondary Education,123.7,Yes,No,No,Yes,Female,No,19,No,6,6,12.666666666666666,6,5,11.4,1.0,0.833,12.03,12.4,0.5,1.79,Graduate
1945,Single,1st phase - general contingent,Journalism and Communication,Daytime,Secondary Education,127.6,Yes,No,No,Yes,Female,Yes,19,No,6,6,13.857142857142858,6,6,13.142857142857142,1.0,1.0,13.5,13.9,-0.3,0.79,Dropout
1946,Single,1st phase - general contingent,Nursing,Daytime,Secondary Education,117.1,Yes,No,No,Yes,Female,No,30,No,7,7,14.692857142857145,8,8,14.9625,1.0,1.0,14.83,12.4,0.5,1.79,Graduate
1947,Single,1st phase - general contingent,Nursing,Daytime,Secondary Education,149.3,No,No,No,Yes,Female,No,18,No,8,8,14.035,8,8,14.035,1.0,1.0,14.04,9.4,-0.8,-3.12,Graduate
1948,Single,2nd phase - general contingent,Veterinary Nursing,Daytime,Secondary Education,125.6,Yes,No,No,Yes,Female,No,18,No,5,4,11.0,5,3,14.0,0.8,0.6,12.5,12.7,3.7,-1.7,Graduate
1949,Single,1st phase - general contingent,Journalism and Communication,Daytime,Secondary Education,145.0,Yes,No,No,Yes,Female,Yes,18,No,6,6,13.333333333333334,6,6,13.333333333333334,1.0,1.0,13.33,9.4,-0.8,-3.12,Graduate
1950,Single,3rd phase - general contingent,Nursing,Daytime,Secondary Education,115.0,No,No,No,Yes,Female,No,20,No,7,6,11.7725,8,7,12.33,0.857,0.875,12.05,15.5,2.8,-4.06,Graduate
1951,Single,1st phase - general contingent,Tourism,Daytime,Secondary Education,114.3,No,No,No,Yes,Female,No,19,No,6,0,0.0,6,0,0.0,0.0,0.0,0.0,11.1,0.6,2.02,Dropout
1952,Single,Change of course,Tourism,Daytime,Secondary Education,126.0,Yes,No,No,Yes,Female,No,19,No,6,0,0.0,6,0,0.0,0.0,0.0,0.0,10.8,1.4,1.74,Dropout
1953,Single,1st phase - general contingent,Animation and Multimedia Design,Daytime,Secondary Education,124.0,Yes,No,No,No,Female,No,19,No,0,0,0.0,0,0,0.0,0,0,0.0,10.8,1.4,1.74,Dropout
1954,Single,1st phase - general contingent,Tourism,Daytime,Secondary Education,122.6,Yes,No,No,Yes,Female,Yes,18,No,6,6,12.285714285714286,6,6,12.0,1.0,1.0,12.14,8.9,1.4,3.51,Graduate
1955,Single,1st phase - general contingent,Nursing,Daytime,Secondary Education,133.8,Yes,No,No,Yes,Female,No,17,No,8,5,12.46,8,5,12.46,0.625,0.625,12.46,10.8,1.4,1.74,Enrolled
1956,Single,3rd phase - general contingent,Basic Education,Daytime,Secondary Education,113.5,Yes,No,No,Yes,Female,No,19,No,7,6,12.166666666666666,7,6,13.166666666666666,0.857,0.857,12.67,12.4,0.5,1.79,Graduate
1957,Single,1st phase - general contingent,Social Service,Daytime,Secondary Education,122.6,Yes,Yes,No,Yes,Female,No,18,No,6,5,11.833333333333334,6,2,11.5,0.833,0.333,11.67,13.9,-0.3,0.79,Enrolled
1958,Single,Holders of other higher courses,Nursing,Daytime,Higher Education - Degree,140.0,No,No,No,Yes,Female,No,25,No,8,7,14.805714285714286,8,7,14.805714285714286,0.875,0.875,14.81,10.8,1.4,1.74,Graduate
1959,Single,1st phase - general contingent,Social Service,Daytime,Secondary Education,107.0,Yes,No,No,Yes,Female,No,19,No,6,5,10.6,6,6,11.714285714285714,0.833,1.0,11.16,11.1,0.6,2.02,Dropout
1960,Single,Short cycle diploma holders,Veterinary Nursing,Daytime,Professional Higher Technical Course,130.0,Yes,No,Yes,No,Female,No,24,No,9,8,13.125,9,6,13.0,0.889,0.667,13.06,8.9,1.4,3.51,Enrolled
1961,Single,1st phase - general contingent,Social Service,Daytime,Secondary Education,124.2,Yes,No,Yes,Yes,Female,Yes,19,No,6,6,12.833333333333334,6,6,12.666666666666666,1.0,1.0,12.75,9.4,-0.8,-3.12,Graduate
1962,Single,3rd phase - general contingent,Nursing,Daytime,Secondary Education,125.8,No,No,No,Yes,Female,Yes,20,No,8,0,0.0,8,0,0.0,0.0,0.0,0.0,9.4,-0.8,-3.12,Enrolled
1963,Single,1st phase - general contingent,Advertising and Marketing Management,Daytime,Secondary Education,108.0,Yes,No,No,Yes,Female,Yes,20,No,6,5,13.0,6,5,13.8,0.833,0.833,13.4,12.4,0.5,1.79,Graduate
1964,Single,1st phase - general contingent,Nursing,Daytime,Secondary Education,115.2,Yes,No,No,Yes,Female,Yes,20,No,7,7,12.725,8,8,13.7125,1.0,1.0,13.22,13.9,-0.3,0.79,Graduate
1965,Single,2nd phase - general contingent,Veterinary Nursing,Daytime,Secondary Education,129.3,Yes,No,No,Yes,Female,No,19,No,5,4,11.25,5,3,10.333333333333334,0.8,0.6,10.79,12.7,3.7,-1.7,Graduate
1966,Single,Holders of other higher courses,Agronomy,Daytime,Higher Education - Master's,120.0,Yes,No,No,Yes,Female,No,31,No,12,11,13.818181818181818,12,12,13.461538461538462,0.917,1.0,13.64,15.5,2.8,-4.06,Graduate
1967,Single,1st phase - general contingent,Veterinary Nursing,Daytime,Secondary Education,116.7,No,No,No,Yes,Female,No,20,No,5,3,12.333333333333334,5,3,13.0,0.6,0.6,12.67,9.4,-0.8,-3.12,Graduate
1968,Single,1st phase - general contingent,Veterinary Nursing,Daytime,Secondary Education,121.0,Yes,No,No,Yes,Female,No,18,No,5,3,12.333333333333334,5,5,11.6,0.6,1.0,11.97,9.4,-0.8,-3.12,Enrolled
1969,Single,2nd phase - general contingent,Basic Education,Daytime,Secondary Education,128.2,No,No,Yes,Yes,Female,No,18,No,6,4,13.25,6,3,10.666666666666666,0.667,0.5,11.96,12.7,3.7,-1.7,Enrolled
1970,Single,1st phase - general contingent,Advertising and Marketing Management,Daytime,Secondary Education,121.1,Yes,No,No,Yes,Female,No,18,No,6,6,13.666666666666666,6,5,15.4,1.0,0.833,14.53,13.9,-0.3,0.79,Graduate
1971,Single,Change of institution/course,Social Service,Daytime,Secondary Education,112.6,No,No,Yes,Yes,Female,No,20,No,11,8,12.625,10,3,11.0,0.727,0.3,11.81,11.1,0.6,2.02,Enrolled
1972,Single,2nd phase - general contingent,Veterinary Nursing,Daytime,Secondary Education,123.3,Yes,No,No,Yes,Female,Yes,20,No,6,6,14.833333333333334,6,6,12.142857142857142,1.0,1.0,13.49,8.9,1.4,3.51,Graduate
1973,Single,2nd phase - general contingent,Advertising and Marketing Management,Daytime,Secondary Education,129.4,No,No,No,Yes,Female,Yes,19,No,6,5,11.2,6,5,13.125,0.833,0.833,12.16,10.8,1.4,1.74,Dropout
1974,Single,2nd phase - general contingent,Management,Daytime,Secondary Education,119.9,No,No,No,Yes,Female,Yes,21,No,5,5,11.4,5,5,12.2,1.0,1.0,11.8,12.7,3.7,-1.7,Graduate
1975,Single,1st phase - general contingent,Nursing,Daytime,Secondary Education,131.6,Yes,No,No,Yes,Female,No,18,No,7,7,13.135,8,8,13.244444444444444,1.0,1.0,13.19,12.4,0.5,1.79,Graduate
1976,Single,Change of institution/course,Communication Design,Daytime,Secondary Education,120.0,Yes,No,No,Yes,Female,No,21,No,10,10,13.0,11,10,11.4,1.0,0.909,12.2,11.1,0.6,2.02,Dropout
1977,Single,1st phase - general contingent,Nursing,Daytime,Secondary Education,110.0,Yes,No,No,Yes,Female,No,19,No,7,4,12.85,7,7,12.62142857142857,0.571,1.0,12.74,11.1,0.6,2.02,Enrolled
1978,Single,Technological specialization diploma holders,Social Service,Daytime,Technological Specialization Course,143.0,No,No,No,Yes,Female,No,20,No,6,6,13.5,6,5,12.5,1.0,0.833,13.0,13.9,-0.3,0.79,Graduate
1979,Single,Technological specialization diploma holders,Veterinary Nursing,Daytime,Secondary Education,140.0,No,No,No,Yes,Female,No,20,No,6,6,14.285714285714286,6,3,13.0,1.0,0.5,13.64,13.9,-0.3,0.79,Enrolled
1980,Single,1st phase - general contingent,Advertising and Marketing Management,Daytime,Secondary Education,119.2,Yes,No,No,Yes,Female,Yes,18,No,6,5,13.5,6,6,14.5,0.833,1.0,14.0,12.4,0.5,1.79,Graduate
1981,Single,1st phase - general contingent,Management,Daytime,Secondary Education,124.3,Yes,No,No,Yes,Female,Yes,18,No,5,4,10.75,5,5,13.0,0.8,1.0,11.88,12.4,0.5,1.79,Graduate
1982,Single,2nd phase - general contingent,Social Service,Daytime,Secondary Education,111.1,Yes,No,No,Yes,Female,Yes,18,No,6,6,11.333333333333334,6,6,11.833333333333334,1.0,1.0,11.58,8.9,1.4,3.51,Graduate
1983,Single,Change of course,Veterinary Nursing,Daytime,Technological Specialization Course,150.0,Yes,No,No,Yes,Female,Yes,21,No,7,3,13.0,5,5,13.285714285714286,0.429,1.0,13.14,10.8,1.4,1.74,Graduate
1984,Single,1st phase - general contingent,Nursing,Daytime,Secondary Education,147.3,No,No,No,Yes,Female,No,18,No,7,6,13.966666666666669,7,6,13.966666666666669,0.857,0.857,13.97,7.6,2.6,0.32,Graduate
1985,Single,1st phase - general contingent,Nursing,Daytime,Secondary Education,147.5,Yes,No,No,Yes,Female,Yes,18,No,8,8,14.14125,8,8,14.14125,1.0,1.0,14.14,9.4,-0.8,-3.12,Graduate
1986,Single,2nd phase - general contingent,Tourism,Daytime,Secondary Education,108.0,Yes,No,No,Yes,Female,Yes,20,No,6,4,11.6,6,4,11.75,0.667,0.667,11.68,12.7,3.7,-1.7,Graduate
1987,Married,Transfer,Nursing,Daytime,Higher Education - Bachelor's,130.0,No,No,No,Yes,Female,Yes,32,No,8,8,14.6625,8,8,14.6625,1.0,1.0,14.66,9.4,-0.8,-3.12,Graduate
1988,Married,Over 23 years old,Management (evening attendance),Evening,Secondary Education,130.0,No,No,No,Yes,Female,No,34,No,5,0,0.0,5,0,0.0,0.0,0.0,0.0,9.4,-0.8,-3.12,Enrolled
1989,Single,1st phase - general contingent,Nursing,Daytime,Secondary Education,109.0,Yes,No,No,Yes,Female,Yes,23,No,7,6,12.993333333333334,8,8,12.66875,0.857,1.0,12.83,11.1,0.6,2.02,Graduate
1990,Single,1st phase - general contingent,Advertising and Marketing Management,Daytime,Secondary Education,112.0,Yes,No,No,Yes,Female,No,18,No,6,4,11.25,6,5,12.2,0.667,0.833,11.72,8.9,1.4,3.51,Enrolled
1991,Single,2nd phase - general contingent,Social Service (evening attendance),Evening,Secondary Education,121.2,No,No,No,Yes,Female,No,18,No,6,5,12.2,6,5,12.8,0.833,0.833,12.5,10.8,1.4,1.74,Graduate
1992,Single,Change of course,Animation and Multimedia Design,Daytime,Higher Education - Bachelor's,140.0,Yes,No,No,Yes,Female,No,34,No,0,0,0.0,0,0,0.0,0,0,0.0,10.8,1.4,1.74,Dropout
1993,Single,Over 23 years old,Social Service (evening attendance),Evening,Secondary Education,119.5,No,No,Yes,Yes,Female,No,25,Yes,6,6,11.333333333333334,6,4,11.75,1.0,0.667,11.54,8.9,1.4,3.51,Enrolled
1994,Single,1st phase - general contingent,Management,Daytime,Secondary Education,125.9,No,No,No,Yes,Female,No,21,No,5,5,12.2,5,5,11.8,1.0,1.0,12.0,11.1,0.6,2.02,Graduate
1995,Single,1st phase - general contingent,Tourism,Daytime,Secondary Education,121.5,Yes,No,No,Yes,Female,Yes,20,No,6,0,0.0,6,0,0.0,0.0,0.0,0.0,7.6,2.6,0.32,Dropout
1996,Single,1st phase - general contingent,Social Service,Daytime,Secondary Education,121.5,Yes,No,No,Yes,Female,No,18,No,6,6,11.333333333333334,6,6,11.666666666666666,1.0,1.0,11.5,7.6,2.6,0.32,Graduate
1997,Single,2nd phase - general contingent,Veterinary Nursing,Daytime,Secondary Education,132.4,Yes,No,No,Yes,Female,No,18,No,6,6,13.857142857142858,6,6,13.1,1.0,1.0,13.48,12.4,0.5,1.79,Graduate
1998,Single,2nd phase - general contingent,Journalism and Communication,Daytime,Secondary Education,122.4,No,No,No,Yes,Female,No,18,No,6,6,12.857142857142858,6,6,13.333333333333334,1.0,1.0,13.1,13.9,-0.3,0.79,Graduate
1999,Single,Over 23 years old,Social Service (evening attendance),Evening,Secondary Education,110.0,Yes,No,No,Yes,Female,No,24,No,6,1,10.0,6,0,0.0,0.167,0.0,5.0,9.4,-0.8,-3.12,Dropout
2000,Single,Change of institution/course,Management,Daytime,Secondary Education,120.4,No,No,Yes,No,Female,No,32,No,15,14,10.214285714285714,13,13,11.384615384615383,0.933,1.0,10.8,16.2,0.3,-0.92,Graduate
2001,Single,Over 23 years old,Tourism,Daytime,Secondary Education,105.0,Yes,No,Yes,No,Female,No,24,No,6,6,11.285714285714286,6,3,10.333333333333334,1.0,0.5,10.81,8.9,1.4,3.51,Dropout
2002,Single,1st phase - general contingent,Social Service,Daytime,Secondary Education,137.8,No,No,No,Yes,Female,Yes,18,No,6,6,13.833333333333334,6,0,0.0,1.0,0.0,6.92,15.5,2.8,-4.06,Dropout
2003,Single,Change of institution/course,Tourism,Daytime,Secondary Education,118.0,No,No,No,Yes,Female,No,28,No,6,6,12.857142857142858,6,5,12.6,1.0,0.833,12.73,8.9,1.4,3.51,Graduate
2004,Single,2nd phase - general contingent,Basic Education,Daytime,Secondary Education,122.1,Yes,No,No,Yes,Female,Yes,18,No,6,6,11.666666666666666,6,4,12.0,1.0,0.667,11.83,10.8,1.4,1.74,Dropout
2005,Single,Holders of other higher courses,Basic Education,Daytime,Higher Education - Degree,140.0,Yes,No,No,No,Female,No,24,No,6,0,0.0,5,0,0.0,0.0,0.0,0.0,9.4,-0.8,-3.12,Dropout
2006,Single,1st phase - general contingent,Veterinary Nursing,Daytime,Secondary Education,143.2,No,No,No,Yes,Female,No,19,No,5,5,14.4,5,5,13.2,1.0,1.0,13.8,7.6,2.6,0.32,Graduate
2007,Married,Over 23 years old,Social Service (evening attendance),Evening,Secondary Education,120.5,No,No,No,Yes,Female,No,44,No,6,6,14.833333333333334,6,6,14.166666666666666,1.0,1.0,14.5,10.8,1.4,1.74,Graduate
2008,Single,1st phase - special contingent (Madeira Island),Veterinary Nursing,Daytime,Secondary Education,119.5,Yes,No,No,Yes,Female,Yes,18,No,6,6,14.333333333333334,6,6,12.0,1.0,1.0,13.17,15.5,2.8,-4.06,Graduate
2009,Single,1st phase - general contingent,Animation and Multimedia Design,Daytime,Secondary Education,147.5,Yes,No,No,Yes,Female,No,18,No,0,0,0.0,0,0,0.0,0,0,0.0,7.6,2.6,0.32,Graduate
2010,Single,1st phase - general contingent,Journalism and Communication,Daytime,Secondary Education,129.6,No,No,No,Yes,Female,No,22,No,6,0,0.0,6,0,0.0,0.0,0.0,0.0,7.6,2.6,0.32,Dropout
2011,Single,3rd phase - general contingent,Basic Education,Daytime,Secondary Education,126.1,No,No,No,Yes,Female,Yes,18,No,7,6,12.333333333333334,7,6,12.666666666666666,0.857,0.857,12.5,11.1,0.6,2.02,Graduate
2012,Married,Over 23 years old,Management (evening attendance),Evening,Secondary Education,160.0,No,No,No,Yes,Female,No,44,No,5,5,11.8,5,5,12.4,1.0,1.0,12.1,15.5,2.8,-4.06,Graduate
2013,Facto Union,Over 23 years old,Basic Education,Daytime,Basic Education 3rd Cycle,105.5,No,No,Yes,Yes,Female,No,33,No,6,5,13.2,6,5,10.6,0.833,0.833,11.9,7.6,2.6,0.32,Dropout
2014,Married,Over 23 years old,Basic Education,Daytime,Secondary Education,95.5,No,No,Yes,No,Female,No,32,No,6,0,0.0,5,0,0.0,0.0,0.0,0.0,10.8,1.4,1.74,Dropout
2015,Married,Over 23 years old,Agronomy,Daytime,Secondary Education,107.5,No,No,No,No,Female,No,35,No,6,0,0.0,6,0,0.0,0.0,0.0,0.0,15.5,2.8,-4.06,Dropout
2016,Single,1st phase - general contingent,Social Service,Daytime,Secondary Education,106.1,Yes,No,No,Yes,Female,No,20,No,6,6,11.5,6,6,13.285714285714286,1.0,1.0,12.39,11.1,0.6,2.02,Graduate
2017,Single,Over 23 years old,Tourism,Daytime,Secondary Education,116.3,Yes,No,No,Yes,Female,No,24,No,6,5,12.6,6,5,12.2,0.833,0.833,12.4,9.4,-0.8,-3.12,Graduate
2018,Single,1st phase - general contingent,Nursing,Daytime,Secondary Education,137.4,No,No,No,Yes,Female,No,19,No,7,7,13.542857142857144,8,8,14.22222222222222,1.0,1.0,13.88,16.2,0.3,-0.92,Graduate
2019,Single,1st phase - general contingent,Tourism,Daytime,Secondary Education,101.8,Yes,No,No,Yes,Female,No,21,No,6,5,11.6,6,5,13.0,0.833,0.833,12.3,12.4,0.5,1.79,Enrolled
2020,Single,1st phase - general contingent,Journalism and Communication,Daytime,Secondary Education,144.1,Yes,No,No,Yes,Male,Yes,19,No,6,6,13.666666666666666,6,6,13.833333333333334,1.0,1.0,13.75,12.7,3.7,-1.7,Graduate
2021,Single,Transfer,Agronomy,Daytime,Secondary Education,107.8,Yes,No,No,No,Male,No,27,No,6,0,0.0,6,0,0.0,0.0,0.0,0.0,15.5,2.8,-4.06,Dropout
2022,Single,Over 23 years old,Basic Education,Daytime,Secondary Education,128.2,No,No,No,No,Female,No,30,No,6,0,0.0,6,0,0.0,0.0,0.0,0.0,12.7,3.7,-1.7,Dropout
2023,Single,2nd phase - general contingent,Animation and Multimedia Design,Daytime,Secondary Education,117.0,Yes,No,No,Yes,Male,No,21,No,0,0,0.0,0,0,0.0,0,0,0.0,10.8,1.4,1.74,Dropout
2024,Single,1st phase - general contingent,Communication Design,Daytime,Secondary Education,110.4,Yes,No,No,Yes,Male,No,19,No,6,6,11.5,6,6,12.285714285714286,1.0,1.0,11.89,8.9,1.4,3.51,Graduate
2025,Married,Over 23 years old,Management (evening attendance),Evening,Secondary Education,170.0,No,No,No,Yes,Female,No,34,No,5,2,11.5,5,4,11.75,0.4,0.8,11.62,9.4,-0.8,-3.12,Enrolled
2026,Single,Change of course,Nursing,Daytime,Secondary Education,100.0,No,No,No,Yes,Male,No,18,No,7,7,11.828571428571427,8,7,12.9125,1.0,0.875,12.37,13.9,-0.3,0.79,Graduate
2027,Single,1st phase - general contingent,Animation and Multimedia Design,Daytime,Secondary Education,117.0,Yes,No,No,Yes,Male,No,21,No,0,0,0.0,0,0,0.0,0,0,0.0,9.4,-0.8,-3.12,Graduate
2028,Single,1st phase - general contingent,Animation and Multimedia Design,Daytime,Secondary Education,133.5,Yes,No,No,Yes,Male,No,17,No,0,0,0.0,0,0,0.0,0,0,0.0,15.5,2.8,-4.06,Enrolled
2029,Single,1st phase - general contingent,Nursing,Daytime,Secondary Education,128.0,Yes,No,No,Yes,Female,Yes,19,No,7,6,12.966666666666669,7,6,12.966666666666669,0.857,0.857,12.97,7.6,2.6,0.32,Graduate
2030,Single,1st phase - general contingent,Journalism and Communication,Daytime,Secondary Education,122.1,Yes,No,No,Yes,Male,No,18,No,6,6,13.833333333333334,6,6,13.666666666666666,1.0,1.0,13.75,12.7,3.7,-1.7,Graduate
2031,Single,2nd phase - general contingent,Nursing,Daytime,Secondary Education,133.4,Yes,No,No,Yes,Female,No,19,No,7,7,14.125714285714285,8,8,14.36875,1.0,1.0,14.25,11.1,0.6,2.02,Graduate
2032,Divorced,Over 23 years old,Tourism,Daytime,Secondary Education,112.0,No,No,Yes,Yes,Female,No,45,No,10,5,12.166666666666666,8,0,0.0,0.5,0.0,6.08,12.7,3.7,-1.7,Dropout
2033,Single,Over 23 years old,Veterinary Nursing,Daytime,Secondary Education,130.0,Yes,No,No,Yes,Female,No,26,No,6,6,12.666666666666666,6,4,12.25,1.0,0.667,12.46,15.5,2.8,-4.06,Graduate
2034,Married,Over 23 years old,Management (evening attendance),Evening,Secondary Education,100.0,Yes,No,No,Yes,Male,No,51,No,4,0,0.0,5,0,0.0,0.0,0.0,0.0,12.7,3.7,-1.7,Dropout
2035,Married,Over 23 years old,Journalism and Communication,Daytime,Basic Education 3rd Cycle,162.0,No,No,Yes,Yes,Male,Yes,49,No,6,6,12.285714285714286,6,6,14.166666666666666,1.0,1.0,13.23,10.8,1.4,1.74,Graduate
2036,Single,Transfer,Nursing,Daytime,Secondary Education,153.0,No,No,No,Yes,Male,No,22,No,6,3,14.5,7,4,14.375,0.5,0.571,14.44,15.5,2.8,-4.06,Enrolled
2037,Single,2nd phase - general contingent,Management,Daytime,Secondary Education,131.4,Yes,No,No,Yes,Male,No,22,No,5,2,10.0,5,1,10.0,0.4,0.2,10.0,7.6,2.6,0.32,Dropout
2038,Married,Holders of other higher courses,Equinculture,Daytime,Higher Education - Degree,128.2,No,No,No,Yes,Female,No,33,No,5,2,11.5,5,2,12.0,0.4,0.4,11.75,9.4,-0.8,-3.12,Dropout
2039,Single,Ordinance No. 854-B/99,Advertising and Marketing Management,Daytime,Secondary Education,148.9,No,No,No,Yes,Female,No,20,Yes,5,5,11.6,5,4,11.5,1.0,0.8,11.55,9.4,-0.8,-3.12,Graduate
2040,Single,1st phase - general contingent,Social Service,Daytime,Secondary Education,128.4,Yes,No,No,Yes,Female,Yes,18,No,6,6,12.5,6,6,11.666666666666666,1.0,1.0,12.08,10.8,1.4,1.74,Graduate
2041,Single,1st phase - general contingent,Basic Education,Daytime,Secondary Education,120.3,Yes,No,Yes,No,Female,No,20,No,6,3,11.666666666666666,6,2,11.0,0.5,0.333,11.33,10.8,1.4,1.74,Dropout
2042,Married,Change of institution/course (International),Management (evening attendance),Evening,Secondary Education,100.0,No,No,No,Yes,Female,No,37,Yes,10,7,13.428571428571429,10,10,11.6,0.7,1.0,12.51,8.9,1.4,3.51,Graduate
2043,Single,1st phase - general contingent,Tourism,Daytime,Secondary Education,126.1,Yes,No,No,Yes,Male,No,18,Yes,6,6,13.666666666666666,6,6,13.5,1.0,1.0,13.58,7.6,2.6,0.32,Graduate
2044,Single,1st phase - general contingent,Tourism,Daytime,Secondary Education,111.7,Yes,No,No,Yes,Female,No,19,No,6,6,12.5,6,6,12.166666666666666,1.0,1.0,12.33,12.4,0.5,1.79,Graduate
2045,Single,Technological specialization diploma holders,Veterinary Nursing,Daytime,Technological Specialization Course,140.0,Yes,No,No,Yes,Female,No,21,No,6,6,13.0,6,4,12.8,1.0,0.667,12.9,12.4,0.5,1.79,Graduate
2046,Single,1st phase - general contingent,Nursing,Daytime,Secondary Education,122.2,No,No,No,Yes,Female,No,20,No,7,6,12.783333333333331,8,7,12.842857142857143,0.857,0.875,12.81,13.9,-0.3,0.79,Graduate
2047,Single,1st phase - general contingent,Nursing,Daytime,Secondary Education,118.7,Yes,No,No,Yes,Female,No,19,No,7,0,0.0,8,0,0.0,0.0,0.0,0.0,13.9,-0.3,0.79,Dropout
2048,Single,2nd phase - general contingent,Oral Hygiene,Daytime,Secondary Education,121.5,Yes,No,No,Yes,Female,No,20,No,7,4,13.5,7,4,11.225,0.571,0.571,12.36,11.1,0.6,2.02,Dropout
2049,Single,2nd phase - general contingent,Nursing,Daytime,Secondary Education,134.5,Yes,No,No,Yes,Female,No,18,No,7,7,13.457142857142856,8,8,15.125,1.0,1.0,14.29,13.9,-0.3,0.79,Graduate
2050,Single,1st phase - general contingent,Nursing,Daytime,Secondary Education,127.0,Yes,No,No,Yes,Female,No,19,No,8,7,13.44285714285714,8,7,13.44285714285714,0.875,0.875,13.44,12.7,3.7,-1.7,Graduate
2051,Single,1st phase - general contingent,Social Service,Daytime,Secondary Education,114.2,No,No,No,Yes,Female,No,18,No,6,4,11.0,6,5,10.833333333333334,0.667,0.833,10.92,15.5,2.8,-4.06,Graduate
2052,Single,2nd phase - general contingent,Social Service,Daytime,Secondary Education,125.3,Yes,No,No,Yes,Female,Yes,18,No,6,6,11.333333333333334,6,6,12.285714285714286,1.0,1.0,11.81,15.5,2.8,-4.06,Graduate
2053,Single,1st phase - general contingent,Journalism and Communication,Daytime,Secondary Education,120.4,Yes,No,No,Yes,Female,No,18,No,5,2,10.0,1,0,0.0,0.4,0.0,5.0,12.7,3.7,-1.7,Dropout
2054,Single,1st phase - general contingent,Nursing,Daytime,Secondary Education,123.0,Yes,No,No,Yes,Female,No,19,No,7,5,13.44,7,6,13.066666666666668,0.714,0.857,13.25,12.4,0.5,1.79,Enrolled
2055,Single,1st phase - general contingent,Oral Hygiene,Daytime,Secondary Education,130.5,Yes,No,No,Yes,Female,Yes,18,No,7,7,12.214285714285714,8,8,14.0625,1.0,1.0,13.14,16.2,0.3,-0.92,Graduate
2056,Single,1st phase - general contingent,Communication Design,Daytime,Secondary Education,125.5,Yes,No,No,Yes,Female,Yes,19,Yes,6,6,14.166666666666666,6,6,13.5,1.0,1.0,13.83,11.1,0.6,2.02,Graduate
2057,Single,Short cycle diploma holders,Agronomy,Daytime,Professional Higher Technical Course,133.8,No,No,Yes,Yes,Female,Yes,24,No,12,12,12.846153846153848,11,11,12.636363636363637,1.0,1.0,12.74,8.9,1.4,3.51,Graduate
2058,Single,Technological specialization diploma holders,Veterinary Nursing,Daytime,Technological Specialization Course,150.0,No,No,No,Yes,Female,No,20,No,6,6,13.0,6,2,12.0,1.0,0.333,12.5,12.4,0.5,1.79,Enrolled
2059,Single,1st phase - general contingent,Management,Daytime,Secondary Education,130.5,Yes,No,No,Yes,Female,Yes,21,No,5,5,12.8,5,4,11.25,1.0,0.8,12.02,9.4,-0.8,-3.12,Graduate
2060,Single,Technological specialization diploma holders,Veterinary Nursing,Daytime,Technological Specialization Course,140.0,No,No,Yes,No,Female,No,20,No,6,4,13.0,6,5,12.0,0.667,0.833,12.5,16.2,0.3,-0.92,Dropout
2061,Single,2nd phase - general contingent,Nursing,Daytime,Secondary Education,119.4,Yes,No,No,Yes,Female,Yes,19,No,7,7,13.371428571428572,8,8,13.666666666666666,1.0,1.0,13.52,16.2,0.3,-0.92,Graduate
2062,Single,2nd phase - general contingent,Oral Hygiene,Daytime,Secondary Education,121.3,Yes,No,No,Yes,Female,Yes,19,No,7,7,13.385714285714286,8,8,13.3875,1.0,1.0,13.39,10.8,1.4,1.74,Graduate
2063,Single,1st phase - general contingent,Nursing,Daytime,Secondary Education,126.3,Yes,No,No,Yes,Female,No,18,No,8,7,13.328571428571427,8,7,13.328571428571427,0.875,0.875,13.33,12.7,3.7,-1.7,Graduate
2064,Single,1st phase - general contingent,Veterinary Nursing,Daytime,Secondary Education,111.6,Yes,No,No,Yes,Female,No,19,No,6,5,14.0,6,5,11.0,0.833,0.833,12.5,16.2,0.3,-0.92,Graduate
2065,Single,2nd phase - general contingent,Management,Daytime,Secondary Education,111.3,Yes,No,No,Yes,Female,No,21,No,5,5,12.6,5,5,13.2,1.0,1.0,12.9,8.9,1.4,3.51,Graduate
2066,Single,1st phase - general contingent,Basic Education,Daytime,Secondary Education,122.5,Yes,No,No,Yes,Female,Yes,19,No,6,6,14.0,6,6,15.0,1.0,1.0,14.5,15.5,2.8,-4.06,Graduate
2067,Single,1st phase - general contingent,Tourism,Daytime,Secondary Education,116.5,Yes,No,No,Yes,Female,Yes,18,No,6,6,13.428571428571429,6,6,12.666666666666666,1.0,1.0,13.05,8.9,1.4,3.51,Graduate
2068,Single,2nd phase - general contingent,Communication Design,Daytime,Secondary Education,132.0,Yes,Yes,No,Yes,Female,Yes,17,No,6,6,13.0,6,6,12.5,1.0,1.0,12.75,15.5,2.8,-4.06,Graduate
2069,Single,3rd phase - general contingent,Basic Education,Daytime,Secondary Education,123.7,Yes,No,No,Yes,Female,No,19,No,6,5,12.666666666666666,6,5,11.0,0.833,0.833,11.83,15.5,2.8,-4.06,Enrolled
2070,Single,2nd phase - general contingent,Management,Daytime,Secondary Education,117.0,Yes,No,No,No,Male,No,23,No,5,3,10.0,5,3,12.333333333333334,0.6,0.6,11.17,9.4,-0.8,-3.12,Dropout
2071,Single,1st phase - general contingent,Advertising and Marketing Management,Daytime,Secondary Education,116.5,Yes,No,No,Yes,Female,No,19,No,6,6,12.833333333333334,6,6,11.77777777777778,1.0,1.0,12.31,8.9,1.4,3.51,Graduate
2072,Single,1st phase - general contingent,Nursing,Daytime,Secondary Education,121.5,Yes,No,No,Yes,Female,No,18,No,7,6,12.916666666666666,7,6,12.916666666666666,0.857,0.857,12.92,7.6,2.6,0.32,Graduate
2073,Single,1st phase - general contingent,Advertising and Marketing Management,Daytime,Secondary Education,105.0,Yes,No,No,Yes,Female,No,20,No,6,6,13.285714285714286,6,5,13.8,1.0,0.833,13.54,15.5,2.8,-4.06,Graduate
2074,Single,1st phase - general contingent,Veterinary Nursing,Daytime,Secondary Education,121.3,Yes,No,No,Yes,Female,Yes,19,No,5,5,14.6,5,5,13.8,1.0,1.0,14.2,10.8,1.4,1.74,Graduate
2075,Single,1st phase - general contingent,Social Service,Daytime,Secondary Education,136.1,Yes,No,No,Yes,Female,Yes,18,No,6,6,14.0,6,6,13.666666666666666,1.0,1.0,13.83,12.4,0.5,1.79,Graduate
2076,Single,2nd phase - general contingent,Social Service,Daytime,Secondary Education,123.6,No,No,No,Yes,Female,Yes,19,No,6,6,14.142857142857142,6,6,15.0,1.0,1.0,14.57,13.9,-0.3,0.79,Graduate
2077,Single,1st phase - general contingent,Social Service,Daytime,Secondary Education,129.0,Yes,No,No,Yes,Female,No,19,No,6,6,11.666666666666666,6,6,12.333333333333334,1.0,1.0,12.0,10.8,1.4,1.74,Graduate
2078,Single,2nd phase - general contingent,Nursing,Daytime,Secondary Education,136.8,Yes,No,No,Yes,Female,No,18,No,8,8,14.3775,8,8,14.3775,1.0,1.0,14.38,9.4,-0.8,-3.12,Graduate
2079,Single,2nd phase - general contingent,Nursing,Daytime,Secondary Education,133.4,Yes,No,No,Yes,Female,No,18,No,7,7,12.5,8,7,13.042857142857144,1.0,0.875,12.77,13.9,-0.3,0.79,Graduate
2080,Single,1st phase - general contingent,Nursing,Daytime,Secondary Education,136.0,Yes,No,No,Yes,Female,Yes,19,No,7,6,14.15,7,6,14.15,0.857,0.857,14.15,7.6,2.6,0.32,Graduate
2081,Single,1st phase - general contingent,Nursing,Daytime,Secondary Education,125.8,No,No,No,Yes,Female,Yes,19,No,8,7,12.471428571428572,8,7,12.471428571428572,0.875,0.875,12.47,12.7,3.7,-1.7,Graduate
2082,Single,1st phase - general contingent,Nursing,Daytime,Secondary Education,120.5,No,No,No,Yes,Female,No,19,No,7,6,14.15,7,6,14.15,0.857,0.857,14.15,7.6,2.6,0.32,Graduate
2083,Single,1st phase - general contingent,Nursing,Daytime,Secondary Education,130.2,Yes,No,No,Yes,Female,No,21,No,7,7,14.072222222222225,8,8,14.0475,1.0,1.0,14.06,15.5,2.8,-4.06,Graduate
2084,Single,1st phase - general contingent,Journalism and Communication,Daytime,Secondary Education,135.9,Yes,No,No,Yes,Female,No,18,No,6,6,14.857142857142858,6,6,14.666666666666666,1.0,1.0,14.76,13.9,-0.3,0.79,Graduate
2085,Single,1st phase - general contingent,Journalism and Communication,Daytime,Secondary Education,116.5,No,No,No,Yes,Female,Yes,19,No,6,6,14.285714285714286,6,6,13.166666666666666,1.0,1.0,13.73,11.1,0.6,2.02,Graduate
2086,Single,1st phase - general contingent,Journalism and Communication,Daytime,Secondary Education,124.0,No,No,No,No,Female,No,18,No,4,0,0.0,4,0,0.0,0.0,0.0,0.0,12.7,3.7,-1.7,Dropout
2087,Single,Holders of other higher courses,Social Service (evening attendance),Evening,Higher Education - Degree,140.0,No,No,No,Yes,Female,No,30,No,6,0,0.0,6,0,0.0,0.0,0.0,0.0,10.8,1.4,1.74,Dropout
2088,Single,2nd phase - general contingent,Equinculture,Daytime,Secondary Education,150.9,Yes,No,No,Yes,Female,No,18,No,6,6,15.0,6,5,15.166666666666666,1.0,0.833,15.08,13.9,-0.3,0.79,Dropout
2089,Single,1st phase - general contingent,Nursing,Daytime,Secondary Education,127.3,Yes,No,No,Yes,Female,Yes,20,No,7,6,12.633333333333333,7,6,12.633333333333333,0.857,0.857,12.63,7.6,2.6,0.32,Graduate
2090,Single,Over 23 years old,Advertising and Marketing Management,Daytime,Basic Education 3rd Cycle,100.0,No,No,Yes,No,Female,No,25,No,5,5,11.2,5,5,12.6,1.0,1.0,11.9,9.4,-0.8,-3.12,Dropout
2091,Single,1st phase - general contingent,Nursing,Daytime,Secondary Education,128.8,Yes,No,No,Yes,Female,No,18,No,7,6,14.233333333333334,7,6,14.233333333333334,0.857,0.857,14.23,7.6,2.6,0.32,Graduate
2092,Facto Union,1st phase - general contingent,Veterinary Nursing,Daytime,Secondary Education,119.7,Yes,No,No,Yes,Female,No,21,No,5,5,12.2,5,3,11.333333333333334,1.0,0.6,11.77,9.4,-0.8,-3.12,Enrolled
2093,Single,1st phase - general contingent,Nursing,Daytime,Secondary Education,140.8,No,No,No,Yes,Female,No,18,No,8,7,15.7,8,7,15.7,0.875,0.875,15.7,12.7,3.7,-1.7,Graduate
2094,Single,1st phase - general contingent,Nursing,Daytime,Secondary Education,138.0,Yes,No,No,Yes,Female,No,18,No,7,6,15.2,7,6,15.2,0.857,0.857,15.2,7.6,2.6,0.32,Graduate
2095,Single,2nd phase - general contingent,Basic Education,Daytime,Secondary Education,132.9,Yes,No,No,No,Female,No,29,No,6,6,16.333333333333332,6,5,15.6,1.0,0.833,15.97,12.7,3.7,-1.7,Dropout
2096,Single,Change of course,Equinculture,Daytime,Secondary Education,140.0,No,No,No,Yes,Female,No,20,No,17,14,12.5625,12,12,12.857142857142858,0.824,1.0,12.71,15.5,2.8,-4.06,Graduate
2097,Single,Holders of other higher courses,Nursing,Daytime,Higher Education - Degree,140.0,No,No,No,Yes,Female,No,26,No,7,0,0.0,8,0,0.0,0.0,0.0,0.0,13.9,-0.3,0.79,Dropout
2098,Single,1st phase - general contingent,Social Service,Daytime,Secondary Education,99.3,Yes,No,No,Yes,Female,No,21,No,6,5,12.4,6,6,12.0,0.833,1.0,12.2,12.4,0.5,1.79,Graduate
2099,Single,3rd phase - general contingent,Nursing,Daytime,Secondary Education,119.3,No,No,No,Yes,Female,Yes,19,No,8,8,13.78125,8,8,13.78125,1.0,1.0,13.78,9.4,-0.8,-3.12,Graduate
2100,Single,2nd phase - general contingent,Tourism,Daytime,Secondary Education,113.2,Yes,No,Yes,Yes,Female,No,19,No,6,6,12.166666666666666,6,5,11.666666666666666,1.0,0.833,11.92,16.2,0.3,-0.92,Dropout
2101,Single,2nd phase - general contingent,Journalism and Communication,Daytime,Secondary Education,117.0,No,No,No,Yes,Female,No,21,No,6,5,11.8,6,5,11.833333333333334,0.833,0.833,11.82,15.5,2.8,-4.06,Enrolled
2102,Single,3rd phase - general contingent,Social Service (evening attendance),Evening,Secondary Education,123.0,No,No,Yes,Yes,Female,No,20,No,6,4,10.8,6,4,12.0,0.667,0.667,11.4,16.2,0.3,-0.92,Graduate
2103,Single,1st phase - general contingent,Nursing,Daytime,Secondary Education,127.2,Yes,No,No,Yes,Female,Yes,18,No,7,7,13.26,8,8,14.28625,1.0,1.0,13.77,15.5,2.8,-4.06,Graduate
2104,Single,1st phase - general contingent,Journalism and Communication,Daytime,Secondary Education,141.0,Yes,No,No,No,Female,No,20,No,6,4,12.0,6,3,10.666666666666666,0.667,0.5,11.33,7.6,2.6,0.32,Dropout
2105,Single,1st phase - general contingent,Social Service,Daytime,Secondary Education,121.7,No,Yes,No,Yes,Female,Yes,20,No,6,6,11.875,6,6,14.428571428571429,1.0,1.0,13.15,16.2,0.3,-0.92,Graduate
2106,Single,Change of course,Nursing,Daytime,Secondary Education,121.1,No,No,No,Yes,Female,Yes,18,No,7,5,12.16,7,2,13.4,0.714,0.286,12.78,16.2,0.3,-0.92,Enrolled
2107,Single,1st phase - special contingent (Madeira Island),Communication Design,Daytime,Secondary Education,146.1,Yes,No,No,Yes,Female,No,18,No,6,1,15.0,6,4,12.5,0.167,0.667,13.75,9.4,-0.8,-3.12,Enrolled
2108,Single,1st phase - general contingent,Journalism and Communication,Daytime,Secondary Education,142.5,Yes,No,No,Yes,Female,No,18,No,6,6,13.333333333333334,6,5,13.2,1.0,0.833,13.27,9.4,-0.8,-3.12,Graduate
2109,Single,2nd phase - general contingent,Veterinary Nursing,Daytime,Secondary Education,126.8,Yes,No,No,Yes,Female,No,18,No,5,2,11.5,5,3,11.8,0.4,0.6,11.65,10.8,1.4,1.74,Enrolled
2110,Single,Technological specialization diploma holders,Veterinary Nursing,Daytime,Technological Specialization Course,150.0,Yes,No,No,Yes,Female,No,22,No,6,6,14.428571428571429,6,5,13.0,1.0,0.833,13.71,13.9,-0.3,0.79,Graduate
2111,Single,Technological specialization diploma holders,Veterinary Nursing,Daytime,Technological Specialization Course,150.0,Yes,No,No,Yes,Female,No,19,No,5,1,13.0,5,3,15.333333333333334,0.2,0.6,14.17,12.7,3.7,-1.7,Enrolled
2112,Single,2nd phase - general contingent,Agronomy,Daytime,Secondary Education,134.5,Yes,No,No,Yes,Female,Yes,19,No,6,6,15.0,6,6,14.333333333333334,1.0,1.0,14.67,12.4,0.5,1.79,Graduate
2113,Single,1st phase - general contingent,Oral Hygiene,Daytime,Secondary Education,129.5,Yes,No,No,Yes,Female,No,18,No,7,7,15.155555555555557,8,8,16.8,1.0,1.0,15.98,12.7,3.7,-1.7,Graduate
2114,Single,1st phase - general contingent,Social Service,Daytime,Secondary Education,113.2,Yes,No,Yes,Yes,Female,No,20,No,6,6,10.666666666666666,6,6,11.857142857142858,1.0,1.0,11.26,11.1,0.6,2.02,Graduate
2115,Single,2nd phase - general contingent,Basic Education,Daytime,Secondary Education,140.2,Yes,No,No,Yes,Female,No,18,No,6,5,11.0,6,4,11.25,0.833,0.667,11.12,10.8,1.4,1.74,Dropout
2116,Single,2nd phase - general contingent,Advertising and Marketing Management,Daytime,Secondary Education,119.2,Yes,No,No,Yes,Female,No,21,No,6,0,0.0,6,0,0.0,0.0,0.0,0.0,8.9,1.4,3.51,Dropout
2117,Single,1st phase - general contingent,Social Service,Daytime,Secondary Education,140.7,No,No,No,Yes,Female,No,19,No,6,6,12.285714285714286,6,6,12.0,1.0,1.0,12.14,12.4,0.5,1.79,Graduate
2118,Single,1st phase - general contingent,Nursing,Daytime,Secondary Education,142.3,Yes,No,No,Yes,Female,No,18,No,8,8,12.82875,8,8,12.82875,1.0,1.0,12.83,9.4,-0.8,-3.12,Dropout
2119,Single,1st phase - general contingent,Journalism and Communication,Daytime,Secondary Education,129.9,Yes,No,No,Yes,Female,No,18,Yes,6,6,12.666666666666666,6,5,14.4,1.0,0.833,13.53,7.6,2.6,0.32,Graduate
2120,Single,2nd phase - general contingent,Animation and Multimedia Design,Daytime,Secondary Education,134.8,Yes,No,No,Yes,Female,No,18,No,0,0,0.0,0,0,0.0,0,0,0.0,12.4,0.5,1.79,Enrolled
2121,Single,2nd phase - general contingent,Veterinary Nursing,Daytime,Secondary Education,104.1,Yes,No,Yes,No,Female,Yes,21,No,6,2,13.0,6,0,0.0,0.333,0.0,6.5,15.5,2.8,-4.06,Dropout
2122,Single,1st phase - general contingent,Management,Daytime,Secondary Education,122.4,No,No,Yes,Yes,Female,No,19,No,5,5,10.875,5,4,12.4,1.0,0.8,11.64,13.9,-0.3,0.79,Graduate
2123,Single,1st phase - general contingent,Management,Daytime,Secondary Education,120.6,Yes,No,No,Yes,Female,Yes,19,No,5,5,12.8,5,5,11.6,1.0,1.0,12.2,9.4,-0.8,-3.12,Graduate
2124,Single,2nd phase - general contingent,Social Service,Daytime,Secondary Education,112.4,Yes,No,No,Yes,Female,No,19,No,6,5,11.285714285714286,6,0,0.0,0.833,0.0,5.64,16.2,0.3,-0.92,Dropout
2125,Single,1st phase - general contingent,Animation and Multimedia Design,Daytime,Secondary Education,157.9,No,No,No,Yes,Female,No,18,No,0,0,0.0,0,0,0.0,0,0,0.0,13.9,-0.3,0.79,Graduate
2126,Single,Change of course,Tourism,Daytime,Secondary Education,125.9,No,No,No,Yes,Female,Yes,19,No,6,0,0.0,6,1,10.0,0.0,0.167,5.0,10.8,1.4,1.74,Dropout
2127,Single,2nd phase - general contingent,Nursing,Daytime,Secondary Education,118.4,Yes,No,No,Yes,Female,Yes,20,No,7,6,13.766666666666666,8,8,13.744444444444444,0.857,1.0,13.76,16.2,0.3,-0.92,Dropout
2128,Single,1st phase - general contingent,Nursing,Daytime,Secondary Education,130.8,Yes,No,No,No,Female,No,18,No,8,6,12.758333333333333,8,6,12.758333333333333,0.75,0.75,12.76,9.4,-0.8,-3.12,Dropout
2129,Single,1st phase - general contingent,Animation and Multimedia Design,Daytime,Secondary Education,176.7,Yes,No,No,Yes,Female,Yes,19,No,0,0,0.0,0,0,0.0,0,0,0.0,11.1,0.6,2.02,Dropout
2130,Single,1st phase - general contingent,Communication Design,Daytime,Secondary Education,156.8,Yes,No,No,Yes,Female,No,18,No,6,6,12.666666666666666,6,6,13.25,1.0,1.0,12.96,10.8,1.4,1.74,Graduate
2131,Single,1st phase - general contingent,Veterinary Nursing,Daytime,Secondary Education,126.8,No,No,No,Yes,Female,No,18,No,6,6,12.0,6,4,12.75,1.0,0.667,12.38,11.1,0.6,2.02,Enrolled
2132,Single,1st phase - general contingent,Social Service,Daytime,Secondary Education,128.0,No,No,No,Yes,Female,Yes,19,No,6,6,12.25,6,6,12.0,1.0,1.0,12.12,16.2,0.3,-0.92,Graduate
2133,Single,1st phase - general contingent,Management,Daytime,Secondary Education,113.8,Yes,No,No,Yes,Female,No,20,No,5,3,11.333333333333334,5,5,12.2,0.6,1.0,11.77,7.6,2.6,0.32,Graduate
2134,Single,2nd phase - general contingent,Nursing,Daytime,Secondary Education,120.8,Yes,No,No,Yes,Female,Yes,19,No,7,7,13.507142857142856,8,8,13.05,1.0,1.0,13.28,16.2,0.3,-0.92,Graduate
2135,Single,1st phase - general contingent,Nursing,Daytime,Secondary Education,130.8,Yes,No,No,Yes,Female,No,18,No,8,7,13.614285714285714,8,7,13.614285714285714,0.875,0.875,13.61,12.7,3.7,-1.7,Graduate
2136,Single,Over 23 years old,Tourism,Daytime,Secondary Education,101.0,No,No,Yes,Yes,Female,No,25,No,6,0,0.0,6,0,0.0,0.0,0.0,0.0,15.5,2.8,-4.06,Dropout
2137,Single,2nd phase - general contingent,Communication Design,Daytime,Secondary Education,126.1,Yes,No,No,No,Female,No,18,No,6,4,11.5,6,6,12.166666666666666,0.667,1.0,11.83,7.6,2.6,0.32,Graduate
2138,Single,1st phase - general contingent,Journalism and Communication,Daytime,Secondary Education,113.8,Yes,No,No,Yes,Female,No,19,No,6,6,12.333333333333334,6,6,12.5,1.0,1.0,12.42,8.9,1.4,3.51,Graduate
2139,Single,2nd phase - general contingent,Oral Hygiene,Daytime,Secondary Education,118.3,Yes,No,No,Yes,Female,Yes,19,No,7,7,11.971428571428572,8,8,14.4375,1.0,1.0,13.2,15.5,2.8,-4.06,Graduate
2140,Single,1st phase - general contingent,Management,Daytime,Secondary Education,127.9,No,No,Yes,No,Female,Yes,20,No,5,2,13.0,5,2,11.5,0.4,0.4,12.25,9.4,-0.8,-3.12,Dropout
2141,Single,2nd phase - general contingent,Nursing,Daytime,Secondary Education,131.1,Yes,No,No,Yes,Female,No,18,No,7,7,12.385714285714286,8,7,12.728571428571428,1.0,0.875,12.56,13.9,-0.3,0.79,Enrolled
2142,Single,2nd phase - general contingent,Veterinary Nursing,Daytime,Secondary Education,117.9,Yes,No,No,Yes,Female,No,20,No,5,2,13.5,5,5,11.285714285714286,0.4,1.0,12.39,10.8,1.4,1.74,Graduate
2143,Single,2nd phase - general contingent,Social Service,Daytime,Secondary Education,115.7,Yes,No,No,Yes,Female,No,21,No,6,6,12.166666666666666,6,6,13.285714285714286,1.0,1.0,12.73,11.1,0.6,2.02,Graduate
2144,Single,1st phase - general contingent,Animation and Multimedia Design,Daytime,Secondary Education,141.0,Yes,No,No,Yes,Female,No,19,No,0,0,0.0,0,0,0.0,0,0,0.0,12.7,3.7,-1.7,Graduate
2145,Married,Over 23 years old,Social Service (evening attendance),Evening,Other - 11th Year,120.0,No,No,No,Yes,Female,No,42,No,6,6,11.666666666666666,6,6,13.666666666666666,1.0,1.0,12.67,10.8,1.4,1.74,Graduate
2146,Single,2nd phase - general contingent,Equinculture,Daytime,Secondary Education,131.8,Yes,No,Yes,No,Female,No,18,No,6,5,12.4,6,5,14.166666666666666,0.833,0.833,13.28,8.9,1.4,3.51,Enrolled
2147,Single,1st phase - general contingent,Communication Design,Daytime,Secondary Education,131.1,No,No,No,Yes,Female,Yes,19,No,6,5,13.4,6,6,12.833333333333334,0.833,1.0,13.12,15.5,2.8,-4.06,Graduate
2148,Single,1st phase - general contingent,Tourism,Daytime,Secondary Education,117.8,Yes,No,No,Yes,Female,No,18,No,6,6,12.0,6,4,12.5,1.0,0.667,12.25,8.9,1.4,3.51,Graduate
2149,Single,Ordinance No. 854-B/99,Veterinary Nursing,Daytime,Secondary Education,140.0,Yes,No,No,Yes,Female,No,21,No,5,5,14.2,5,5,14.8,1.0,1.0,14.5,10.8,1.4,1.74,Graduate
2150,Single,1st phase - general contingent,Social Service,Daytime,Secondary Education,108.0,No,No,No,Yes,Female,Yes,20,No,6,6,12.125,6,6,14.428571428571429,1.0,1.0,13.28,16.2,0.3,-0.92,Graduate
2151,Single,1st phase - general contingent,Basic Education,Daytime,Secondary Education,122.9,Yes,No,No,Yes,Female,No,20,No,7,7,13.857142857142858,7,7,13.285714285714286,1.0,1.0,13.57,11.1,0.6,2.02,Graduate
2152,Single,Technological specialization diploma holders,Veterinary Nursing,Daytime,Technological Specialization Course,130.0,Yes,No,No,Yes,Female,No,21,No,6,3,11.75,6,5,12.333333333333334,0.5,0.833,12.04,12.4,0.5,1.79,Enrolled
2153,Single,1st phase - general contingent,Nursing,Daytime,Secondary Education,126.0,Yes,No,No,Yes,Female,No,19,No,7,7,14.283333333333337,8,8,13.125555555555556,1.0,1.0,13.7,15.5,2.8,-4.06,Graduate
2154,Single,Transfer,Social Service,Daytime,Secondary Education,134.0,No,No,No,Yes,Female,No,21,No,13,11,13.272727272727272,11,9,13.0,0.846,0.818,13.14,7.6,2.6,0.32,Graduate
2155,Single,1st phase - general contingent,Communication Design,Daytime,Secondary Education,134.3,Yes,Yes,No,Yes,Female,No,19,No,6,6,14.666666666666666,6,6,15.142857142857142,1.0,1.0,14.9,8.9,1.4,3.51,Graduate
2156,Single,1st phase - general contingent,Nursing,Daytime,Secondary Education,138.7,No,No,No,Yes,Female,Yes,19,No,7,7,15.114999999999998,8,8,15.092,1.0,1.0,15.1,15.5,2.8,-4.06,Graduate
2157,Single,2nd phase - general contingent,Animation and Multimedia Design,Daytime,Secondary Education,143.3,Yes,No,No,Yes,Female,No,18,No,0,0,0.0,0,0,0.0,0,0,0.0,9.4,-0.8,-3.12,Enrolled
2158,Single,Technological specialization diploma holders,Veterinary Nursing,Daytime,Technological Specialization Course,160.0,Yes,No,No,Yes,Female,No,22,No,6,6,15.0,6,6,13.142857142857142,1.0,1.0,14.07,16.2,0.3,-0.92,Graduate
2159,Single,1st phase - general contingent,Basic Education,Daytime,Secondary Education,111.0,No,No,No,Yes,Female,No,21,No,6,5,13.2,6,5,14.333333333333334,0.833,0.833,13.77,9.4,-0.8,-3.12,Graduate
2160,Single,2nd phase - general contingent,Tourism,Daytime,Secondary Education,128.5,Yes,No,No,Yes,Female,Yes,18,No,6,2,11.0,6,3,10.333333333333334,0.333,0.5,10.67,7.6,2.6,0.32,Dropout
2161,Single,1st phase - general contingent,Nursing,Daytime,Secondary Education,133.0,No,No,No,Yes,Female,Yes,20,No,8,7,14.565714285714288,8,7,14.565714285714288,0.875,0.875,14.57,10.8,1.4,1.74,Graduate
2162,Single,2nd phase - general contingent,Advertising and Marketing Management,Daytime,Secondary Education,114.6,Yes,No,Yes,No,Female,No,18,No,5,3,12.0,5,4,10.75,0.6,0.8,11.38,7.6,2.6,0.32,Dropout
2163,Single,2nd phase - general contingent,Social Service,Daytime,Secondary Education,104.1,No,No,No,Yes,Female,No,20,No,6,0,0.0,5,0,0.0,0.0,0.0,0.0,8.9,1.4,3.51,Dropout
2164,Single,2nd phase - general contingent,Nursing,Daytime,Secondary Education,127.6,Yes,No,No,Yes,Female,No,23,No,7,6,13.796666666666669,8,7,13.775,0.857,0.875,13.79,12.4,0.5,1.79,Graduate
2165,Single,1st phase - general contingent,Journalism and Communication,Daytime,Secondary Education,151.0,Yes,No,No,Yes,Female,No,18,No,6,6,14.833333333333334,6,6,15.333333333333334,1.0,1.0,15.08,12.7,3.7,-1.7,Graduate
2166,Single,Technological specialization diploma holders,Social Service,Daytime,Technological Specialization Course,135.7,Yes,No,No,Yes,Female,No,20,No,6,6,12.833333333333334,6,6,13.833333333333334,1.0,1.0,13.33,12.4,0.5,1.79,Graduate
2167,Single,2nd phase - general contingent,Nursing,Daytime,Secondary Education,137.8,Yes,No,No,Yes,Female,Yes,18,No,8,7,14.962857142857144,8,7,14.962857142857144,0.875,0.875,14.96,10.8,1.4,1.74,Graduate
2168,Single,1st phase - general contingent,Management,Daytime,Secondary Education,117.3,Yes,No,No,Yes,Female,No,20,No,5,4,12.0,5,5,11.2,0.8,1.0,11.6,11.1,0.6,2.02,Graduate
2169,Single,3rd phase - general contingent,Nursing,Daytime,Secondary Education,121.2,Yes,No,No,Yes,Female,No,18,No,7,7,12.4,8,8,12.8,1.0,1.0,12.6,16.2,0.3,-0.92,Graduate
2170,Single,2nd phase - general contingent,Advertising and Marketing Management,Daytime,Secondary Education,129.3,Yes,No,No,Yes,Female,No,20,No,6,6,15.571428571428571,6,6,17.166666666666668,1.0,1.0,16.37,16.2,0.3,-0.92,Graduate
2171,Single,1st phase - general contingent,Nursing,Daytime,Secondary Education,123.0,Yes,No,No,Yes,Female,No,19,No,8,7,13.714285714285714,8,7,13.714285714285714,0.875,0.875,13.71,12.7,3.7,-1.7,Graduate
2172,Single,Technological specialization diploma holders,Veterinary Nursing,Daytime,Technological Specialization Course,140.0,No,No,No,Yes,Female,No,21,No,6,6,13.142857142857142,6,6,12.166666666666666,1.0,1.0,12.65,13.9,-0.3,0.79,Graduate
2173,Married,Holders of other higher courses,Communication Design,Daytime,Higher Education - Master (2nd cycle),140.0,No,No,No,Yes,Female,No,33,No,6,6,15.0,6,3,11.0,1.0,0.5,13.0,11.1,0.6,2.02,Graduate
2174,Single,1st phase - general contingent,Veterinary Nursing,Daytime,Secondary Education,144.6,No,No,Yes,No,Female,No,24,No,5,1,13.0,5,0,0.0,0.2,0.0,6.5,7.6,2.6,0.32,Dropout
2175,Single,Change of course,Social Service,Daytime,Secondary Education,118.3,No,No,No,Yes,Female,Yes,20,No,11,11,12.0,11,11,12.75,1.0,1.0,12.38,13.9,-0.3,0.79,Graduate
2176,Single,1st phase - general contingent,Animation and Multimedia Design,Daytime,Secondary Education,153.6,Yes,No,No,Yes,Female,No,18,No,0,0,0.0,0,0,0.0,0,0,0.0,9.4,-0.8,-3.12,Graduate
2177,Single,1st phase - general contingent,Communication Design,Daytime,Secondary Education,158.3,Yes,No,No,Yes,Female,No,18,No,6,6,15.166666666666666,6,6,14.166666666666666,1.0,1.0,14.67,15.5,2.8,-4.06,Graduate
2178,Single,Change of course,Social Service (evening attendance),Evening,Frequency of Higher Education,100.0,No,No,Yes,Yes,Female,No,29,No,6,4,12.0,6,2,10.5,0.667,0.333,11.25,7.6,2.6,0.32,Dropout
2179,Single,2nd phase - general contingent,Nursing,Daytime,Secondary Education,134.9,No,Yes,No,Yes,Female,No,18,No,7,7,13.642857142857142,8,8,14.772727272727272,1.0,1.0,14.21,16.2,0.3,-0.92,Graduate
2180,Single,1st phase - general contingent,Journalism and Communication,Daytime,Secondary Education,142.0,Yes,No,No,Yes,Female,No,19,No,6,6,12.666666666666666,6,6,12.714285714285714,1.0,1.0,12.69,9.4,-0.8,-3.12,Graduate
2181,Single,2nd phase - general contingent,Animation and Multimedia Design,Daytime,Secondary Education,127.3,Yes,No,No,Yes,Female,No,19,No,0,0,0.0,0,0,0.0,0,0,0.0,15.5,2.8,-4.06,Dropout
2182,Single,2nd phase - general contingent,Social Service,Daytime,Secondary Education,116.5,No,No,No,Yes,Female,Yes,18,No,6,5,10.8,6,6,10.5,0.833,1.0,10.65,12.4,0.5,1.79,Graduate
2183,Single,Change of course,Nursing,Daytime,Secondary Education,138.6,No,No,No,Yes,Female,Yes,19,No,7,6,14.25,8,8,13.063636363636364,0.857,1.0,13.66,16.2,0.3,-0.92,Graduate
2184,Single,Transfer,Basic Education,Daytime,Secondary Education,133.0,No,No,No,Yes,Female,No,20,No,14,12,12.153846153846152,12,10,12.9,0.857,0.833,12.53,10.8,1.4,1.74,Dropout
2185,Single,2nd phase - general contingent,Social Service,Daytime,Secondary Education,136.2,Yes,No,No,Yes,Female,No,19,No,6,1,11.5,6,2,10.5,0.167,0.333,11.0,7.6,2.6,0.32,Enrolled
2186,Single,2nd phase - general contingent,Tourism,Daytime,Secondary Education,118.0,Yes,No,No,Yes,Female,Yes,19,No,6,4,12.25,6,3,12.333333333333334,0.667,0.5,12.29,9.4,-0.8,-3.12,Graduate
2187,Single,1st phase - general contingent,Communication Design,Daytime,Secondary Education,126.8,No,No,No,Yes,Female,Yes,18,No,6,6,12.0,6,5,11.142857142857142,1.0,0.833,11.57,13.9,-0.3,0.79,Enrolled
2188,Single,1st phase - general contingent,Nursing,Daytime,Secondary Education,128.5,Yes,No,No,Yes,Female,Yes,18,No,8,8,13.40375,8,8,13.40375,1.0,1.0,13.4,9.4,-0.8,-3.12,Graduate
2189,Single,2nd phase - general contingent,Tourism,Daytime,Secondary Education,129.9,No,No,No,Yes,Female,Yes,19,No,6,6,11.333333333333334,6,3,12.666666666666666,1.0,0.5,12.0,9.4,-0.8,-3.12,Graduate
2190,Single,2nd phase - general contingent,Journalism and Communication,Daytime,Secondary Education,125.8,No,No,Yes,Yes,Male,No,20,No,6,5,12.2,6,6,12.333333333333334,0.833,1.0,12.27,12.7,3.7,-1.7,Dropout
2191,Single,2nd phase - general contingent,Animation and Multimedia Design,Daytime,Secondary Education,129.3,Yes,No,No,Yes,Male,Yes,18,No,0,0,0.0,0,0,0.0,0,0,0.0,7.6,2.6,0.32,Enrolled
2192,Single,1st phase - general contingent,Nursing,Daytime,Secondary Education,124.7,Yes,No,No,Yes,Male,No,18,No,7,0,0.0,8,0,0.0,0.0,0.0,0.0,16.2,0.3,-0.92,Dropout
2193,Single,Over 23 years old,Agronomy,Daytime,Secondary Education,154.9,No,No,Yes,No,Male,No,35,No,6,5,16.166666666666668,6,4,16.0,0.833,0.667,16.08,8.9,1.4,3.51,Dropout
2194,Single,2nd phase - general contingent,Informatics Engineering,Daytime,Secondary Education,127.3,No,No,No,Yes,Male,No,18,No,5,3,11.0,5,3,11.0,0.6,0.6,11.0,16.2,0.3,-0.92,Enrolled
2195,Single,1st phase - general contingent,Animation and Multimedia Design,Daytime,Secondary Education,129.0,Yes,No,No,Yes,Male,Yes,19,No,0,0,0.0,0,0,0.0,0,0,0.0,13.9,-0.3,0.79,Graduate
2196,Single,1st phase - general contingent,Journalism and Communication,Daytime,Secondary Education,98.0,Yes,No,No,Yes,Male,Yes,19,No,6,4,12.0,6,6,12.285714285714286,0.667,1.0,12.14,15.5,2.8,-4.06,Enrolled
2197,Single,2nd phase - general contingent,Management,Daytime,Secondary Education,122.0,Yes,No,No,Yes,Male,No,20,No,5,2,10.5,5,4,12.25,0.4,0.8,11.38,10.8,1.4,1.74,Enrolled
2198,Single,Change of course,Communication Design,Daytime,Secondary Education,112.5,Yes,No,No,Yes,Male,No,19,No,6,3,11.666666666666666,6,4,10.333333333333334,0.5,0.667,11.0,13.9,-0.3,0.79,Enrolled
2199,Single,1st phase - general contingent,Management,Daytime,Secondary Education,127.3,Yes,No,No,Yes,Male,No,19,No,5,3,11.0,5,2,10.0,0.6,0.4,10.5,12.7,3.7,-1.7,Dropout
2200,Single,Over 23 years old,Oral Hygiene,Daytime,Secondary Education,100.5,No,No,No,Yes,Male,No,24,No,7,0,0.0,7,0,0.0,0.0,0.0,0.0,11.1,0.6,2.02,Dropout
2201,Single,Over 23 years old,Social Service (evening attendance),Evening,Secondary Education,122.0,Yes,No,Yes,No,Male,No,29,No,6,4,12.5,6,0,0.0,0.667,0.0,6.25,12.4,0.5,1.79,Dropout
2202,Single,Over 23 years old,Nursing,Daytime,Secondary Education,140.0,No,No,No,Yes,Male,No,24,No,7,7,11.294444444444444,8,2,12.6,1.0,0.25,11.95,15.5,2.8,-4.06,Graduate
2203,Single,2nd phase - general contingent,Tourism,Daytime,Secondary Education,116.1,Yes,No,No,Yes,Male,No,19,No,6,5,11.2,6,4,12.5,0.833,0.667,11.85,15.5,2.8,-4.06,Graduate
2204,Married,Holders of other higher courses,Animation and Multimedia Design,Daytime,Higher Education - Degree,130.0,Yes,No,No,Yes,Male,No,37,No,0,0,0.0,0,0,0.0,0,0,0.0,7.6,2.6,0.32,Dropout
2205,Single,1st phase - special contingent (Azores Island),Communication Design,Daytime,Secondary Education,146.2,Yes,No,No,Yes,Male,No,18,No,6,5,13.2,6,5,11.8,0.833,0.833,12.5,16.2,0.3,-0.92,Graduate
2206,Single,Technological specialization diploma holders,Informatics Engineering,Daytime,Technological Specialization Course,180.0,No,No,No,Yes,Male,Yes,20,No,7,6,14.142857142857142,6,6,14.125,0.857,1.0,14.13,12.4,0.5,1.79,Enrolled
2207,Single,1st phase - general contingent,Management,Daytime,Secondary Education,127.8,Yes,No,No,No,Male,No,18,No,5,0,0.0,5,0,0.0,0.0,0.0,0.0,11.1,0.6,2.02,Dropout
2208,Single,Change of course,Management,Daytime,Secondary Education,130.8,No,No,No,Yes,Male,No,22,No,5,0,0.0,5,3,13.333333333333334,0.0,0.6,6.67,16.2,0.3,-0.92,Enrolled
2209,Single,2nd phase - general contingent,Management,Daytime,Secondary Education,109.0,Yes,No,No,Yes,Male,Yes,22,No,5,3,12.333333333333334,5,3,10.571428571428571,0.6,0.6,11.45,10.8,1.4,1.74,Enrolled
2210,Single,1st phase - general contingent,Journalism and Communication,Daytime,Secondary Education,132.4,Yes,No,Yes,No,Male,No,18,No,6,0,0.0,6,0,0.0,0.0,0.0,0.0,11.1,0.6,2.02,Dropout
2211,Single,1st phase - general contingent,Nursing,Daytime,Secondary Education,129.3,Yes,No,No,Yes,Male,No,18,No,8,7,13.1,8,7,13.1,0.875,0.875,13.1,12.7,3.7,-1.7,Graduate
2212,Single,1st phase - general contingent,Communication Design,Daytime,Secondary Education,125.4,Yes,No,No,Yes,Male,No,19,No,6,6,13.5,6,6,13.166666666666666,1.0,1.0,13.33,9.4,-0.8,-3.12,Graduate
2213,Single,1st phase - general contingent,Informatics Engineering,Daytime,Secondary Education,130.2,No,No,No,Yes,Male,No,19,No,5,5,10.2,5,3,12.0,1.0,0.6,11.1,10.8,1.4,1.74,Enrolled
2214,Single,1st phase - general contingent,Social Service,Daytime,Secondary Education,132.0,No,No,No,Yes,Male,No,19,No,6,5,11.571428571428571,6,3,13.0,0.833,0.5,12.29,16.2,0.3,-0.92,Dropout
2215,Single,Technological specialization diploma holders,Agronomy,Daytime,Technological Specialization Course,170.0,Yes,No,Yes,Yes,Male,No,21,No,6,6,15.285714285714286,6,6,15.166666666666666,1.0,1.0,15.23,12.4,0.5,1.79,Graduate
2216,Single,1st phase - general contingent,Journalism and Communication,Daytime,Secondary Education,130.2,No,No,No,Yes,Male,No,19,No,6,5,12.6,10,8,11.0,0.833,0.8,11.8,8.9,1.4,3.51,Enrolled
2217,Single,3rd phase - general contingent,Oral Hygiene,Daytime,Secondary Education,115.5,No,No,No,Yes,Male,No,18,No,7,6,13.433333333333332,7,4,13.6,0.857,0.571,13.52,8.9,1.4,3.51,Graduate
2218,Single,1st phase - special contingent (Madeira Island),Management,Daytime,Secondary Education,127.6,Yes,No,No,Yes,Male,No,19,No,5,5,11.6,5,3,11.0,1.0,0.6,11.3,10.8,1.4,1.74,Dropout
2219,Single,Holders of other higher courses,Journalism and Communication,Daytime,Higher Education - Master (2nd cycle),140.0,No,No,No,Yes,Male,No,25,No,6,6,14.666666666666666,6,6,13.5,1.0,1.0,14.08,11.1,0.6,2.02,Graduate
2220,Single,1st phase - general contingent,Communication Design,Daytime,Secondary Education,120.2,Yes,No,No,Yes,Male,No,22,No,6,6,14.666666666666666,6,6,14.666666666666666,1.0,1.0,14.67,12.7,3.7,-1.7,Graduate
2221,Single,Over 23 years old,Nursing,Daytime,Secondary Education,150.0,No,No,No,Yes,Male,No,24,No,8,7,12.742857142857144,8,7,12.742857142857144,0.875,0.875,12.74,12.7,3.7,-1.7,Graduate
2222,Single,1st phase - general contingent,Nursing,Daytime,Secondary Education,100.0,Yes,No,No,Yes,Male,No,19,No,7,7,11.975,8,7,13.12857142857143,1.0,0.875,12.55,13.9,-0.3,0.79,Graduate
2223,Single,Change of course,Informatics Engineering,Daytime,Secondary Education,100.0,No,No,No,Yes,Male,No,18,No,5,4,12.25,5,3,11.666666666666666,0.8,0.6,11.96,13.9,-0.3,0.79,Enrolled
2224,Single,2nd phase - general contingent,Animation and Multimedia Design,Daytime,Secondary Education,128.0,No,No,No,No,Male,No,20,No,0,0,0.0,0,0,0.0,0,0,0.0,9.4,-0.8,-3.12,Dropout
2225,Single,1st phase - general contingent,Nursing,Daytime,Secondary Education,128.0,Yes,No,No,Yes,Male,Yes,19,No,8,7,14.935714285714283,8,7,14.935714285714283,0.875,0.875,14.94,10.8,1.4,1.74,Graduate
2226,Single,Change of course,Tourism,Daytime,Secondary Education,107.2,Yes,No,No,Yes,Male,No,19,No,6,2,10.5,6,4,10.0,0.333,0.667,10.25,7.6,2.6,0.32,Dropout
2227,Single,1st phase - general contingent,Advertising and Marketing Management,Daytime,Secondary Education,110.1,Yes,No,No,Yes,Male,No,19,No,6,5,13.333333333333334,6,5,13.0,0.833,0.833,13.17,12.4,0.5,1.79,Graduate
2228,Single,Change of course,Agronomy,Daytime,Secondary Education,119.0,No,No,Yes,Yes,Male,No,23,No,6,0,0.0,6,0,0.0,0.0,0.0,0.0,15.5,2.8,-4.06,Dropout
2229,Married,Over 23 years old,Journalism and Communication,Daytime,Secondary Education,155.5,No,No,No,Yes,Male,No,47,No,6,5,13.8,6,4,14.0,0.833,0.667,13.9,12.7,3.7,-1.7,Dropout
2230,Single,1st phase - general contingent,Communication Design,Daytime,Secondary Education,118.4,No,No,No,Yes,Male,No,19,No,6,6,11.833333333333334,6,4,10.75,1.0,0.667,11.29,16.2,0.3,-0.92,Graduate
2231,Single,1st phase - general contingent,Animation and Multimedia Design,Daytime,Secondary Education,141.2,Yes,No,No,Yes,Male,No,19,No,0,0,0.0,0,0,0.0,0,0,0.0,11.1,0.6,2.02,Graduate
2232,Single,1st phase - general contingent,Animation and Multimedia Design,Daytime,Secondary Education,119.1,Yes,No,No,Yes,Male,No,18,No,0,0,0.0,0,0,0.0,0,0,0.0,16.2,0.3,-0.92,Dropout
2233,Single,Change of course,Management,Daytime,Secondary Education,111.0,No,No,No,Yes,Male,No,28,No,5,2,10.0,5,0,0.0,0.4,0.0,5.0,15.5,2.8,-4.06,Dropout
2234,Single,Change of course,Tourism,Daytime,Frequency of Higher Education,138.6,Yes,No,No,Yes,Male,No,20,No,6,4,11.5,6,3,11.666666666666666,0.667,0.5,11.58,7.6,2.6,0.32,Dropout
2235,Single,2nd phase - general contingent,Tourism,Daytime,Secondary Education,121.2,No,No,No,Yes,Male,Yes,18,No,6,3,10.666666666666666,6,4,12.0,0.5,0.667,11.33,15.5,2.8,-4.06,Enrolled
2236,Single,1st phase - general contingent,Animation and Multimedia Design,Daytime,Secondary Education,150.4,Yes,No,No,Yes,Male,Yes,21,No,0,0,0.0,0,0,0.0,0,0,0.0,12.4,0.5,1.79,Graduate
2237,Single,1st phase - general contingent,Tourism,Daytime,Secondary Education,117.8,No,No,No,Yes,Male,No,19,No,6,4,12.75,6,2,13.0,0.667,0.333,12.88,10.8,1.4,1.74,Enrolled
2238,Single,Over 23 years old,Tourism,Daytime,Basic Education 3rd Cycle,102.5,No,No,Yes,No,Male,No,24,No,6,0,0.0,6,0,0.0,0.0,0.0,0.0,16.2,0.3,-0.92,Dropout
2239,Single,Over 23 years old,Equinculture,Daytime,Secondary Education,110.0,No,No,No,Yes,Male,No,24,No,6,6,11.333333333333334,6,3,11.333333333333334,1.0,0.5,11.33,16.2,0.3,-0.92,Enrolled
2240,Single,Over 23 years old,Veterinary Nursing,Daytime,Other - 11th Year,138.3,Yes,No,Yes,No,Male,No,25,No,6,0,0.0,6,0,0.0,0.0,0.0,0.0,8.9,1.4,3.51,Enrolled
2241,Single,Over 23 years old,Tourism,Daytime,Secondary Education,122.3,No,No,No,Yes,Male,No,28,No,6,6,13.0,6,5,12.2,1.0,0.833,12.6,13.9,-0.3,0.79,Graduate
2242,Married,Over 23 years old,Management (evening attendance),Evening,Secondary Education,127.8,No,No,No,Yes,Male,No,37,No,5,4,10.75,5,3,11.333333333333334,0.8,0.6,11.04,7.6,2.6,0.32,Enrolled
2243,Single,Change of course,Informatics Engineering,Daytime,Secondary Education,100.0,No,No,No,Yes,Male,No,19,No,5,5,12.0,5,2,10.5,1.0,0.4,11.25,13.9,-0.3,0.79,Enrolled
2244,Single,2nd phase - general contingent,Nursing,Daytime,Secondary Education,126.4,Yes,No,No,Yes,Male,Yes,18,No,7,7,13.462857142857144,8,8,13.90625,1.0,1.0,13.68,11.1,0.6,2.02,Graduate
2245,Single,Over 23 years old,Tourism,Daytime,Basic Education 3rd Cycle,100.0,No,No,No,Yes,Male,No,48,No,6,3,10.0,6,1,10.0,0.5,0.167,10.0,7.6,2.6,0.32,Dropout
2246,Single,2nd phase - general contingent,Social Service,Daytime,Secondary Education,117.1,Yes,No,No,Yes,Male,No,21,No,6,6,12.333333333333334,6,6,13.666666666666666,1.0,1.0,13.0,8.9,1.4,3.51,Graduate
2247,Single,2nd phase - general contingent,Nursing,Daytime,Secondary Education,124.7,No,No,No,Yes,Male,Yes,19,No,7,6,12.528571428571428,7,6,12.416666666666666,0.857,0.857,12.47,15.5,2.8,-4.06,Enrolled
2248,Single,Change of course,Nursing,Daytime,Secondary Education,124.1,No,No,No,Yes,Male,Yes,21,No,8,0,0.0,8,0,0.0,0.0,0.0,0.0,9.4,-0.8,-3.12,Enrolled
2249,Single,Technological specialization diploma holders,Informatics Engineering,Daytime,Secondary Education,129.4,Yes,No,Yes,No,Male,No,23,No,5,0,0.0,5,0,0.0,0.0,0.0,0.0,13.9,-0.3,0.79,Dropout
2250,Single,1st phase - general contingent,Equinculture,Daytime,Secondary Education,138.9,Yes,No,No,Yes,Male,No,18,No,5,5,13.6,5,4,13.25,1.0,0.8,13.42,10.8,1.4,1.74,Graduate
2251,Single,Technological specialization diploma holders,Social Service,Daytime,Technological Specialization Course,138.6,No,No,No,Yes,Male,No,22,No,6,6,12.333333333333334,6,2,14.0,1.0,0.333,13.17,13.9,-0.3,0.79,Dropout
2252,Single,1st phase - special contingent (Madeira Island),Animation and Multimedia Design,Daytime,Secondary Education,133.9,Yes,No,No,Yes,Male,No,25,No,13,10,11.454545454545457,11,7,12.25,0.769,0.636,11.85,12.4,0.5,1.79,Dropout
2253,Single,Holders of other higher courses,Veterinary Nursing,Daytime,Higher Education - Degree (1st cycle),140.0,No,No,Yes,Yes,Male,No,27,No,13,8,13.5,11,5,14.4,0.615,0.455,13.95,11.1,0.6,2.02,Dropout
2254,Single,Over 23 years old,Informatics Engineering,Daytime,Other - 11th Year,95.1,No,No,No,No,Male,No,49,No,5,0,0.0,5,0,0.0,0.0,0.0,0.0,10.8,1.4,1.74,Dropout
2255,Single,Over 23 years old,Management (evening attendance),Evening,Secondary Education,128.2,No,No,No,No,Male,No,31,No,5,2,11.0,5,0,0.0,0.4,0.0,5.5,12.7,3.7,-1.7,Dropout
2256,Single,Over 23 years old,Tourism,Daytime,Secondary Education,121.5,No,No,No,Yes,Male,No,54,No,6,6,13.714285714285714,6,5,14.333333333333334,1.0,0.833,14.02,16.2,0.3,-0.92,Dropout
2257,Single,Holders of other higher courses,Biofuel Production Technologies,Daytime,Higher Education - Degree (1st cycle),120.0,Yes,No,Yes,No,Male,No,25,No,21,21,12.363636363636363,16,12,12.25,1.0,0.75,12.31,11.1,0.6,2.02,Dropout
2258,Single,Technological specialization diploma holders,Agronomy,Daytime,Technological Specialization Course,130.0,No,No,No,Yes,Male,No,20,No,7,3,10.666666666666666,6,2,11.5,0.429,0.333,11.08,15.5,2.8,-4.06,Enrolled
2259,Single,Holders of other higher courses,Communication Design,Daytime,Higher Education - Degree,120.0,No,No,No,Yes,Male,No,28,No,6,2,12.0,6,3,12.666666666666666,0.333,0.5,12.33,12.7,3.7,-1.7,Dropout
2260,Married,Over 23 years old,Social Service (evening attendance),Evening,Basic Education 3rd Cycle,107.0,No,No,No,Yes,Male,No,41,No,7,7,12.857142857142858,6,6,13.166666666666666,1.0,1.0,13.01,12.7,3.7,-1.7,Graduate
2261,Single,1st phase - general contingent,Advertising and Marketing Management,Daytime,Secondary Education,116.1,No,No,No,Yes,Male,Yes,19,No,6,6,13.125,6,6,12.714285714285714,1.0,1.0,12.92,11.1,0.6,2.02,Enrolled
2262,Single,Change of course,Management,Daytime,Secondary Education,114.4,No,No,No,Yes,Male,No,22,No,5,0,0.0,5,2,11.5,0.0,0.4,5.75,15.5,2.8,-4.06,Dropout
2263,Single,1st phase - general contingent,Tourism,Daytime,Secondary Education,157.7,No,No,No,Yes,Male,No,34,No,6,2,13.5,6,0,0.0,0.333,0.0,6.75,15.5,2.8,-4.06,Dropout
2264,Single,Over 23 years old,Agronomy,Daytime,Secondary Education,150.0,No,No,Yes,No,Male,No,28,No,11,11,15.090909090909092,10,10,15.0,1.0,1.0,15.05,11.1,0.6,2.02,Dropout
2265,Single,1st phase - general contingent,Basic Education,Daytime,Secondary Education,114.3,Yes,No,No,Yes,Male,No,42,No,6,5,12.4,6,5,11.8,0.833,0.833,12.1,7.6,2.6,0.32,Enrolled
2266,Single,3rd phase - general contingent,Veterinary Nursing,Daytime,Secondary Education,104.6,No,No,No,No,Male,No,21,No,6,5,14.0,6,4,14.8,0.833,0.667,14.4,11.1,0.6,2.02,Enrolled
2267,Single,Holders of other higher courses,Agronomy,Daytime,Higher Education - Degree,140.0,No,No,No,Yes,Male,No,50,No,6,2,13.5,6,1,13.0,0.333,0.167,13.25,15.5,2.8,-4.06,Dropout
2268,Single,1st phase - general contingent,Management,Daytime,Secondary Education,109.1,Yes,No,No,Yes,Male,No,19,No,5,0,0.0,5,0,0.0,0.0,0.0,0.0,12.4,0.5,1.79,Dropout
2269,Single,Change of course,Nursing,Daytime,Secondary Education,120.6,No,No,No,Yes,Male,No,18,No,7,4,12.65,7,3,10.666666666666666,0.571,0.429,11.66,16.2,0.3,-0.92,Dropout
2270,Married,Over 23 years old,Management (evening attendance),Evening,Secondary Education,161.9,No,No,No,Yes,Male,No,59,No,5,0,0.0,5,0,0.0,0.0,0.0,0.0,16.2,0.3,-0.92,Dropout
2271,Married,Holders of other higher courses,Management (evening attendance),Evening,Higher Education - Degree,140.0,Yes,No,No,No,Male,No,33,No,5,0,0.0,5,0,0.0,0.0,0.0,0.0,7.6,2.6,0.32,Dropout
2272,Single,2nd phase - general contingent,Communication Design,Daytime,Secondary Education,178.0,Yes,No,No,Yes,Male,Yes,23,No,6,6,13.333333333333334,6,5,12.8,1.0,0.833,13.07,9.4,-0.8,-3.12,Graduate
2273,Married,Over 23 years old,Management (evening attendance),Evening,Basic Education 3rd Cycle,138.3,No,No,No,Yes,Male,No,44,No,5,3,11.333333333333334,5,5,11.142857142857142,0.6,1.0,11.24,13.9,-0.3,0.79,Dropout
2274,Married,1st phase - general contingent,Social Service (evening attendance),Evening,Secondary Education,128.0,Yes,No,No,Yes,Male,No,37,No,6,0,0.0,6,0,0.0,0.0,0.0,0.0,9.4,-0.8,-3.12,Dropout
2275,Married,Over 23 years old,Animation and Multimedia Design,Daytime,Basic Education 3rd Cycle,139.0,No,No,No,Yes,Male,No,36,No,0,0,0.0,0,0,0.0,0,0,0.0,10.8,1.4,1.74,Dropout
2276,Single,1st phase - general contingent,Management (evening attendance),Evening,Secondary Education,113.2,No,No,No,No,Male,No,22,No,5,3,11.666666666666666,5,2,10.5,0.6,0.4,11.08,7.6,2.6,0.32,Dropout
2277,Married,Over 23 years old,Social Service (evening attendance),Evening,Basic Education 3rd Cycle,139.0,No,No,No,Yes,Male,No,49,No,6,6,12.166666666666666,6,6,14.428571428571429,1.0,1.0,13.3,12.4,0.5,1.79,Graduate
2278,Single,Change of institution/course,Journalism and Communication,Daytime,Secondary Education,110.0,Yes,No,No,Yes,Male,No,23,No,6,6,13.333333333333334,6,4,12.75,1.0,0.667,13.04,11.1,0.6,2.02,Graduate
2279,Single,1st phase - general contingent,Communication Design,Daytime,Secondary Education,136.6,Yes,No,No,Yes,Male,No,19,No,6,5,11.4,6,3,11.0,0.833,0.5,11.2,7.6,2.6,0.32,Enrolled
2280,Married,Change of course,Social Service (evening attendance),Evening,Secondary Education,161.1,No,No,No,Yes,Male,No,47,No,6,6,12.142857142857142,6,0,0.0,1.0,0.0,6.07,16.2,0.3,-0.92,Dropout
2281,Single,Change of course,Agronomy,Daytime,Secondary Education,130.0,No,No,No,Yes,Male,No,28,No,18,17,13.058823529411764,12,12,12.307692307692308,0.944,1.0,12.68,15.5,2.8,-4.06,Graduate
2282,Single,Technological specialization diploma holders,Agronomy,Daytime,Technological Specialization Course,140.0,No,No,No,Yes,Male,No,21,No,6,4,11.75,6,4,10.5,0.667,0.667,11.12,15.5,2.8,-4.06,Enrolled
2283,Single,1st phase - general contingent,Tourism,Daytime,Secondary Education,121.0,No,No,Yes,No,Male,No,21,No,6,5,11.833333333333334,6,5,10.0,0.833,0.833,10.92,8.9,1.4,3.51,Dropout
2284,Single,Change of course,Social Service,Daytime,Technological Specialization Course,118.6,No,No,No,Yes,Male,No,21,No,11,10,12.4,10,10,11.8,0.909,1.0,12.1,13.9,-0.3,0.79,Graduate
2285,Single,1st phase - general contingent,Communication Design,Daytime,Secondary Education,138.3,No,No,No,Yes,Male,No,20,No,6,6,13.428571428571429,6,4,11.5,1.0,0.667,12.46,13.9,-0.3,0.79,Enrolled
2286,Married,Transfer,Management,Daytime,Secondary Education,115.8,No,No,No,No,Male,No,49,No,5,0,0.0,5,0,0.0,0.0,0.0,0.0,10.8,1.4,1.74,Dropout
2287,Single,Over 23 years old,Management (evening attendance),Evening,Secondary Education,160.0,No,No,No,Yes,Male,No,40,No,5,5,11.0,5,5,13.4,1.0,1.0,12.2,15.5,2.8,-4.06,Graduate
2288,Single,2nd phase - general contingent,Tourism,Daytime,Secondary Education,114.5,No,No,No,Yes,Male,Yes,22,No,6,6,13.625,6,6,14.428571428571429,1.0,1.0,14.03,11.1,0.6,2.02,Graduate
2289,Single,Transfer,Informatics Engineering,Daytime,Secondary Education,117.5,No,No,No,Yes,Male,No,19,No,5,4,11.8,5,2,11.5,0.8,0.4,11.65,15.5,2.8,-4.06,Enrolled
2290,Single,Over 23 years old,Management (evening attendance),Evening,Secondary Education,121.7,No,No,No,Yes,Male,No,31,No,5,0,0.0,5,0,0.0,0.0,0.0,0.0,13.9,-0.3,0.79,Dropout
2291,Single,Transfer,Informatics Engineering,Daytime,Secondary Education,115.0,No,No,No,Yes,Male,No,30,No,6,2,15.0,6,2,13.5,0.333,0.333,14.25,15.5,2.8,-4.06,Dropout
2292,Single,1st phase - general contingent,Social Service,Daytime,Secondary Education,125.3,No,No,No,Yes,Male,No,19,No,6,5,10.8,6,5,11.0,0.833,0.833,10.9,7.6,2.6,0.32,Graduate
2293,Single,3rd phase - general contingent,Management,Daytime,Secondary Education,131.0,No,No,No,Yes,Male,No,22,No,5,3,13.666666666666666,5,3,11.333333333333334,0.6,0.6,12.5,9.4,-0.8,-3.12,Dropout
2294,Single,1st phase - general contingent,Journalism and Communication,Daytime,Secondary Education,126.3,No,No,No,Yes,Male,No,19,No,6,6,12.833333333333334,6,6,13.333333333333334,1.0,1.0,13.08,15.5,2.8,-4.06,Graduate
2295,Single,2nd phase - general contingent,Animation and Multimedia Design,Daytime,Secondary Education,127.1,No,No,No,No,Male,No,21,No,0,0,0.0,0,0,0.0,0,0,0.0,7.6,2.6,0.32,Dropout
2296,Single,2nd phase - general contingent,Advertising and Marketing Management,Daytime,Secondary Education,138.4,No,No,No,Yes,Male,No,19,No,6,6,15.125,6,6,13.428571428571429,1.0,1.0,14.28,11.1,0.6,2.02,Graduate
2297,Single,Change of course,Management,Daytime,Secondary Education,100.0,Yes,No,No,Yes,Male,No,22,No,5,0,0.0,5,1,10.0,0.0,0.2,5.0,16.2,0.3,-0.92,Dropout
2298,Single,1st phase - general contingent,Social Service,Daytime,Secondary Education,126.2,No,No,No,Yes,Male,No,22,No,6,5,11.4,6,5,11.0,0.833,0.833,11.2,10.8,1.4,1.74,Graduate
2299,Single,1st phase - general contingent,Social Service,Daytime,Secondary Education,118.8,No,No,No,Yes,Male,No,19,No,6,4,12.25,6,6,11.0,0.667,1.0,11.62,9.4,-0.8,-3.12,Graduate
2300,Single,Over 23 years old,Tourism,Daytime,Technological Specialization Course,124.5,No,No,No,No,Male,No,26,No,6,0,0.0,6,0,0.0,0.0,0.0,0.0,16.2,0.3,-0.92,Dropout
2301,Single,Technological specialization diploma holders,Informatics Engineering,Daytime,Technological Specialization Course,140.0,No,No,No,Yes,Male,No,23,No,7,3,14.0,6,1,14.0,0.429,0.167,14.0,12.4,0.5,1.79,Enrolled
2302,Single,2nd phase - general contingent,Communication Design,Daytime,Secondary Education,125.1,No,No,No,Yes,Male,No,18,No,6,6,12.333333333333334,6,5,10.8,1.0,0.833,11.57,16.2,0.3,-0.92,Enrolled
2303,Single,1st phase - general contingent,Management,Daytime,Secondary Education,118.8,No,No,Yes,Yes,Male,Yes,22,No,5,5,10.666666666666666,5,2,11.0,1.0,0.4,10.83,15.5,2.8,-4.06,Enrolled
2304,Single,3rd phase - general contingent,Informatics Engineering,Daytime,Secondary Education,125.2,Yes,No,No,Yes,Male,No,19,No,5,5,11.833333333333334,5,5,14.714285714285714,1.0,1.0,13.27,12.4,0.5,1.79,Enrolled
2305,Single,2nd phase - general contingent,Management,Daytime,Secondary Education,95.0,No,No,No,Yes,Male,No,20,No,5,0,0.0,5,0,0.0,0.0,0.0,0.0,11.1,0.6,2.02,Dropout
2306,Single,1st phase - general contingent,Communication Design,Daytime,Secondary Education,107.6,Yes,No,No,Yes,Male,Yes,22,No,6,6,11.666666666666666,6,6,12.166666666666666,1.0,1.0,11.92,7.6,2.6,0.32,Enrolled
2307,Single,Holders of other higher courses,Equinculture,Daytime,Higher Education - Degree,140.0,Yes,No,No,No,Male,No,18,No,5,2,13.0,5,0,0.0,0.4,0.0,6.5,12.7,3.7,-1.7,Dropout
2308,Divorced,Change of course,Management (evening attendance),Evening,Basic Education 2nd Cycle,125.4,No,No,No,Yes,Male,No,39,No,2,0,0.0,4,0,0.0,0.0,0.0,0.0,10.8,1.4,1.74,Dropout
2309,Single,1st phase - general contingent,Nursing,Daytime,Secondary Education,128.0,No,No,No,Yes,Male,No,18,No,8,0,0.0,8,0,0.0,0.0,0.0,0.0,10.8,1.4,1.74,Dropout
2310,Single,2nd phase - general contingent,Informatics Engineering,Daytime,Secondary Education,129.3,No,No,No,Yes,Male,Yes,18,No,5,5,13.0,5,5,14.2,1.0,1.0,13.6,8.9,1.4,3.51,Graduate
2311,Single,1st phase - general contingent,Social Service,Daytime,Secondary Education,152.0,No,No,No,Yes,Male,Yes,19,No,6,6,13.857142857142858,6,6,14.0,1.0,1.0,13.93,13.9,-0.3,0.79,Graduate
2312,Single,1st phase - general contingent,Nursing,Daytime,Secondary Education,128.8,No,No,No,Yes,Male,No,18,No,7,6,13.391666666666666,8,8,12.4875,0.857,1.0,12.94,12.4,0.5,1.79,Graduate
2313,Single,1st phase - general contingent,Management,Daytime,Secondary Education,152.8,Yes,No,No,Yes,Male,Yes,18,No,5,4,12.75,5,0,0.0,0.8,0.0,6.38,7.6,2.6,0.32,Dropout
2314,Single,Technological specialization diploma holders,Equinculture,Daytime,Technological Specialization Course,150.0,Yes,No,No,Yes,Male,No,22,No,5,4,14.5,5,5,14.6,0.8,1.0,14.55,10.8,1.4,1.74,Graduate
2315,Single,1st phase - general contingent,Social Service,Daytime,Secondary Education,112.0,No,No,No,Yes,Male,No,19,No,6,6,12.166666666666666,6,6,12.166666666666666,1.0,1.0,12.17,12.4,0.5,1.79,Graduate
2316,Single,1st phase - general contingent,Equinculture,Daytime,Secondary Education,135.6,Yes,No,No,Yes,Male,No,18,No,5,5,15.4,5,5,15.6,1.0,1.0,15.5,12.7,3.7,-1.7,Dropout
2317,Single,Over 23 years old,Informatics Engineering,Daytime,Basic Education 3rd Cycle,134.4,No,No,Yes,No,Male,No,31,No,5,2,13.333333333333334,5,2,16.0,0.4,0.4,14.67,16.2,0.3,-0.92,Dropout
2318,Single,Over 23 years old,Management (evening attendance),Evening,Secondary Education,120.5,No,No,No,Yes,Male,No,28,No,5,0,0.0,5,0,0.0,0.0,0.0,0.0,12.7,3.7,-1.7,Dropout
2319,Single,1st phase - general contingent,Communication Design,Daytime,Secondary Education,141.4,No,No,No,Yes,Male,No,19,No,6,0,0.0,6,0,0.0,0.0,0.0,0.0,15.5,2.8,-4.06,Dropout
2320,Single,2nd phase - general contingent,Tourism,Daytime,Secondary Education,145.2,No,No,No,Yes,Male,No,20,No,6,6,13.714285714285714,6,6,14.714285714285714,1.0,1.0,14.21,16.2,0.3,-0.92,Graduate
2321,Divorced,Over 23 years old,Social Service,Daytime,Secondary Education,140.0,No,No,No,Yes,Male,No,50,No,6,4,12.25,6,0,0.0,0.667,0.0,6.12,8.9,1.4,3.51,Dropout
2322,Single,Change of course,Communication Design,Daytime,Secondary Education,100.0,No,No,No,Yes,Male,No,38,No,6,5,16.0,6,4,16.5,0.833,0.667,16.25,13.9,-0.3,0.79,Enrolled
2323,Married,Over 23 years old,Management (evening attendance),Evening,Secondary Education,140.0,Yes,No,No,Yes,Male,No,31,No,5,1,11.0,5,1,13.0,0.2,0.2,12.0,9.4,-0.8,-3.12,Dropout
2324,Single,Over 23 years old,Nursing,Daytime,Secondary Education,126.0,Yes,No,No,Yes,Male,No,27,No,7,7,14.085714285714284,7,7,14.085714285714284,1.0,1.0,14.09,7.6,2.6,0.32,Enrolled
2325,Single,3rd phase - general contingent,Social Service,Daytime,Secondary Education,112.6,Yes,No,No,Yes,Male,No,21,No,6,6,10.166666666666666,6,6,10.5,1.0,1.0,10.33,12.7,3.7,-1.7,Graduate
2326,Married,Over 23 years old,Informatics Engineering,Daytime,Secondary Education,106.8,No,No,No,Yes,Male,No,34,No,5,1,10.0,5,0,0.0,0.2,0.0,5.0,8.9,1.4,3.51,Dropout
2327,Single,Change of institution/course,Informatics Engineering,Daytime,Secondary Education,121.6,Yes,No,No,Yes,Male,No,19,No,5,0,0.0,5,1,10.0,0.0,0.2,5.0,7.6,2.6,0.32,Enrolled
2328,Married,Over 23 years old,Management (evening attendance),Evening,Secondary Education,120.0,Yes,No,No,No,Male,No,40,No,5,2,10.5,5,3,10.666666666666666,0.4,0.6,10.58,9.4,-0.8,-3.12,Dropout
2329,Single,1st phase - general contingent,Animation and Multimedia Design,Daytime,Secondary Education,160.6,Yes,No,No,Yes,Male,Yes,18,No,0,0,0.0,0,0,0.0,0,0,0.0,12.7,3.7,-1.7,Graduate
2330,Married,Over 23 years old,Communication Design,Daytime,Other - 11th Year,130.0,No,No,Yes,No,Male,Yes,46,No,6,0,0.0,6,0,0.0,0.0,0.0,0.0,15.5,2.8,-4.06,Dropout
2331,Single,Change of course,Social Service (evening attendance),Evening,Secondary Education,110.0,No,No,No,Yes,Male,No,37,No,6,0,0.0,5,0,0.0,0.0,0.0,0.0,7.6,2.6,0.32,Dropout
2332,Single,Over 23 years old,Agronomy,Daytime,Secondary Education,110.0,Yes,No,No,Yes,Male,No,31,No,6,0,0.0,6,0,0.0,0.0,0.0,0.0,16.2,0.3,-0.92,Dropout
2333,Single,Over 23 years old,Agronomy,Daytime,Secondary Education,145.8,No,No,No,Yes,Male,No,34,No,6,5,13.333333333333334,6,5,12.4,0.833,0.833,12.87,12.4,0.5,1.79,Graduate
2334,Single,1st phase - general contingent,Animation and Multimedia Design,Daytime,Secondary Education,130.2,Yes,No,No,Yes,Male,Yes,18,No,0,0,0.0,0,0,0.0,0,0,0.0,9.4,-0.8,-3.12,Dropout
2335,Single,1st phase - general contingent,Advertising and Marketing Management,Daytime,Secondary Education,122.3,No,No,No,Yes,Male,Yes,18,No,6,6,13.571428571428571,6,6,14.333333333333334,1.0,1.0,13.95,12.4,0.5,1.79,Graduate
2336,Single,2nd phase - general contingent,Communication Design,Daytime,Secondary Education,125.4,Yes,No,No,Yes,Male,Yes,19,No,6,6,12.833333333333334,6,6,11.166666666666666,1.0,1.0,12.0,11.1,0.6,2.02,Graduate
2337,Single,Change of course,Management (evening attendance),Evening,Secondary Education,130.0,No,No,No,Yes,Male,No,40,No,5,4,10.25,8,5,11.2,0.8,0.625,10.72,15.5,2.8,-4.06,Dropout
2338,Single,Over 23 years old,Equinculture,Daytime,Secondary Education,150.0,No,No,No,Yes,Male,No,25,No,6,0,0.0,6,0,0.0,0.0,0.0,0.0,12.4,0.5,1.79,Dropout
2339,Single,2nd phase - general contingent,Informatics Engineering,Daytime,Secondary Education,116.9,Yes,No,Yes,Yes,Male,No,20,No,5,4,14.5,6,3,13.333333333333334,0.8,0.5,13.92,11.1,0.6,2.02,Dropout
2340,Single,2nd phase - general contingent,Informatics Engineering,Daytime,Secondary Education,114.7,No,No,No,Yes,Male,No,20,No,5,5,15.8,5,5,13.714285714285714,1.0,1.0,14.76,11.1,0.6,2.02,Enrolled
2341,Single,Over 23 years old,Agronomy,Daytime,Secondary Education,95.8,Yes,No,No,No,Male,No,43,No,6,0,0.0,6,0,0.0,0.0,0.0,0.0,15.5,2.8,-4.06,Dropout
2342,Single,2nd phase - general contingent,Informatics Engineering,Daytime,Secondary Education,133.1,Yes,No,No,Yes,Male,No,18,No,5,4,12.5,5,3,14.666666666666666,0.8,0.6,13.58,7.6,2.6,0.32,Enrolled
2343,Single,Change of course,Agronomy,Daytime,Secondary Education,150.0,No,No,No,Yes,Male,No,35,No,18,18,11.666666666666666,13,12,11.5,1.0,0.923,11.58,15.5,2.8,-4.06,Graduate
2344,Single,2nd phase - general contingent,Management (evening attendance),Evening,Secondary Education,118.5,No,No,No,Yes,Male,No,23,No,5,4,13.0,5,5,13.0,0.8,1.0,13.0,7.6,2.6,0.32,Graduate
2345,Single,2nd phase - general contingent,Nursing,Daytime,Secondary Education,131.1,No,No,No,Yes,Male,No,19,No,7,7,12.12142857142857,9,8,11.50625,1.0,0.889,11.81,12.4,0.5,1.79,Graduate
2346,Single,Short cycle diploma holders,Veterinary Nursing,Daytime,Professional Higher Technical Course,150.3,Yes,No,No,Yes,Male,Yes,21,No,11,9,14.22222222222222,9,7,13.75,0.818,0.778,13.99,8.9,1.4,3.51,Graduate
2347,Single,Change of course,Advertising and Marketing Management,Daytime,Secondary Education,120.5,No,No,No,Yes,Male,No,19,No,6,4,12.5,6,4,13.25,0.667,0.667,12.88,13.9,-0.3,0.79,Enrolled
2348,Single,3rd phase - general contingent,Informatics Engineering,Daytime,Secondary Education,105.6,Yes,No,No,Yes,Male,No,20,No,5,5,12.166666666666666,5,5,15.285714285714286,1.0,1.0,13.73,12.4,0.5,1.79,Graduate
2349,Single,Over 23 years old,Advertising and Marketing Management,Daytime,Secondary Education,125.3,No,Yes,No,Yes,Male,Yes,30,No,6,0,0.0,6,0,0.0,0.0,0.0,0.0,12.4,0.5,1.79,Dropout
2350,Divorced,Over 23 years old,Tourism,Daytime,Secondary Education,131.0,Yes,No,No,Yes,Male,No,44,No,6,6,12.666666666666666,6,6,11.5,1.0,1.0,12.08,12.4,0.5,1.79,Graduate
2351,Single,3rd phase - general contingent,Nursing,Daytime,Secondary Education,127.0,No,No,No,Yes,Male,No,19,No,8,7,13.614285714285714,8,7,13.614285714285714,0.875,0.875,13.61,12.7,3.7,-1.7,Graduate
2352,Single,Technological specialization diploma holders,Equinculture,Daytime,Technological Specialization Course,150.0,Yes,No,No,Yes,Male,No,22,No,18,12,12.857142857142858,12,10,14.3,0.667,0.833,13.58,16.2,0.3,-0.92,Graduate
2353,Single,1st phase - general contingent,Equinculture,Daytime,Secondary Education,149.2,No,No,No,Yes,Male,No,18,No,5,4,14.0,5,5,14.2,0.8,1.0,14.1,7.6,2.6,0.32,Graduate
2354,Single,2nd phase - general contingent,Advertising and Marketing Management,Daytime,Secondary Education,121.5,Yes,No,No,Yes,Male,Yes,21,No,6,4,14.75,6,5,11.8,0.667,0.833,13.28,12.7,3.7,-1.7,Graduate
2355,Single,1st phase - general contingent,Veterinary Nursing,Daytime,Secondary Education,137.3,No,No,No,Yes,Male,No,18,No,6,0,0.0,6,0,0.0,0.0,0.0,0.0,7.6,2.6,0.32,Dropout
2356,Single,2nd phase - general contingent,Advertising and Marketing Management,Daytime,Secondary Education,119.6,Yes,No,No,Yes,Male,No,18,No,6,6,13.625,6,6,14.285714285714286,1.0,1.0,13.96,11.1,0.6,2.02,Graduate
2357,Single,1st phase - general contingent,Animation and Multimedia Design,Daytime,Secondary Education,141.5,No,No,No,Yes,Male,No,19,No,0,0,0.0,0,0,0.0,0,0,0.0,7.6,2.6,0.32,Graduate
2358,Single,Technological specialization diploma holders,Agronomy,Daytime,Technological Specialization Course,150.0,Yes,No,No,Yes,Male,No,21,No,6,4,11.8,6,4,11.875,0.667,0.667,11.84,16.2,0.3,-0.92,Dropout
2359,Single,Over 23 years old,Agronomy,Daytime,Secondary Education,110.0,No,No,No,Yes,Male,No,31,No,6,6,15.125,6,6,14.6,1.0,1.0,14.86,16.2,0.3,-0.92,Graduate
2360,Single,2nd phase - general contingent,Tourism,Daytime,Secondary Education,110.2,Yes,No,No,Yes,Male,No,21,No,6,4,11.5,6,2,10.5,0.667,0.333,11.0,9.4,-0.8,-3.12,Dropout
2361,Single,Over 23 years old,Informatics Engineering,Daytime,Secondary Education,110.3,No,No,Yes,Yes,Male,No,24,No,5,1,10.0,5,1,11.0,0.2,0.2,10.5,8.9,1.4,3.51,Enrolled
2362,Single,Transfer,Journalism and Communication,Daytime,Secondary Education,120.0,No,No,No,Yes,Male,No,27,No,4,0,0.0,5,0,0.0,0.0,0.0,0.0,9.4,-0.8,-3.12,Dropout
2363,Single,1st phase - general contingent,Management,Daytime,Secondary Education,114.2,Yes,No,No,Yes,Male,No,20,No,5,3,10.333333333333334,5,5,12.8,0.6,1.0,11.57,12.4,0.5,1.79,Graduate
2364,Single,Technological specialization diploma holders,Informatics Engineering,Daytime,Technological Specialization Course,140.0,Yes,No,No,Yes,Male,No,22,No,5,0,0.0,5,2,11.666666666666666,0.0,0.4,5.83,10.8,1.4,1.74,Enrolled
2365,Single,1st phase - general contingent,Agronomy,Daytime,Secondary Education,132.8,No,No,No,Yes,Male,Yes,19,No,6,4,12.0,6,4,12.5,0.667,0.667,12.25,15.5,2.8,-4.06,Enrolled
2366,Single,3rd phase - general contingent,Journalism and Communication,Daytime,Secondary Education,121.5,Yes,No,No,Yes,Male,No,19,No,6,6,13.833333333333334,6,6,14.5,1.0,1.0,14.17,8.9,1.4,3.51,Graduate
2367,Single,1st phase - general contingent,Animation and Multimedia Design,Daytime,Secondary Education,127.2,Yes,No,Yes,Yes,Male,No,23,No,17,13,12.153846153846152,17,11,11.909090909090908,0.765,0.647,12.03,11.1,0.6,2.02,Enrolled
2368,Single,2nd phase - general contingent,Equinculture,Daytime,Secondary Education,128.2,Yes,No,No,Yes,Male,No,18,No,6,6,14.0,6,6,13.666666666666666,1.0,1.0,13.83,12.4,0.5,1.79,Graduate
2369,Single,1st phase - general contingent,Journalism and Communication,Daytime,Secondary Education,133.4,Yes,No,No,No,Male,No,29,No,6,6,16.5,6,5,13.8,1.0,0.833,15.15,11.1,0.6,2.02,Enrolled
2370,Single,Over 23 years old,Equinculture,Daytime,Secondary Education,120.0,Yes,No,No,Yes,Male,No,29,No,5,1,18.0,5,3,13.333333333333334,0.2,0.6,15.67,10.8,1.4,1.74,Dropout
2371,Single,Technological specialization diploma holders,Agronomy,Daytime,Secondary Education,140.0,No,No,No,Yes,Male,No,20,No,6,6,11.285714285714286,6,5,11.77777777777778,1.0,0.833,11.53,16.2,0.3,-0.92,Enrolled
2372,Single,1st phase - general contingent,Animation and Multimedia Design,Daytime,Secondary Education,136.9,Yes,No,No,Yes,Male,Yes,19,No,0,0,0.0,0,0,0.0,0,0,0.0,9.4,-0.8,-3.12,Graduate
2373,Single,2nd phase - general contingent,Animation and Multimedia Design,Daytime,Secondary Education,117.0,Yes,Yes,No,Yes,Male,No,22,No,0,0,0.0,0,0,0.0,0,0,0.0,10.8,1.4,1.74,Enrolled
2374,Single,1st phase - general contingent,Advertising and Marketing Management,Daytime,Secondary Education,110.7,Yes,No,No,Yes,Male,No,20,No,6,5,14.0,6,6,12.0,0.833,1.0,13.0,11.1,0.6,2.02,Enrolled
2375,Single,Over 23 years old,Equinculture,Daytime,Secondary Education,160.0,Yes,No,No,Yes,Male,No,24,No,5,4,13.75,5,3,12.0,0.8,0.6,12.88,9.4,-0.8,-3.12,Enrolled
2376,Single,1st phase - general contingent,Advertising and Marketing Management,Daytime,Secondary Education,95.0,No,No,No,No,Male,No,21,No,6,4,13.25,6,5,11.0,0.667,0.833,12.12,12.7,3.7,-1.7,Dropout
2377,Single,Over 23 years old,Management,Daytime,Secondary Education,148.8,No,No,No,Yes,Male,Yes,25,No,5,4,14.25,5,4,14.75,0.8,0.8,14.5,12.7,3.7,-1.7,Graduate
2378,Single,Over 23 years old,Management,Daytime,Secondary Education,110.0,No,No,No,No,Male,No,32,No,5,0,0.0,5,0,0.0,0.0,0.0,0.0,9.4,-0.8,-3.12,Dropout
2379,Single,Change of course,Management (evening attendance),Evening,Secondary Education,133.9,No,No,No,No,Male,No,26,No,12,8,11.25,8,3,11.333333333333334,0.667,0.375,11.29,7.6,2.6,0.32,Dropout
2380,Single,1st phase - general contingent,Equinculture,Daytime,Secondary Education,125.7,Yes,No,No,Yes,Male,Yes,18,No,6,6,13.5,6,6,12.5,1.0,1.0,13.0,12.4,0.5,1.79,Graduate
2381,Single,2nd phase - general contingent,Tourism,Daytime,Secondary Education,116.6,No,No,No,Yes,Male,Yes,19,No,6,5,12.666666666666666,6,6,12.857142857142858,0.833,1.0,12.76,16.2,0.3,-0.92,Graduate
2382,Single,1st phase - general contingent,Communication Design,Daytime,Secondary Education,141.0,Yes,No,No,Yes,Male,Yes,19,No,6,6,15.166666666666666,6,6,12.333333333333334,1.0,1.0,13.75,12.4,0.5,1.79,Graduate
2383,Single,Holders of other higher courses,Informatics Engineering,Daytime,Higher Education - Degree (1st cycle),130.0,No,No,No,Yes,Male,No,27,No,6,6,13.166666666666666,5,5,15.142857142857142,1.0,1.0,14.15,11.1,0.6,2.02,Dropout
2384,Single,Short cycle diploma holders,Agronomy,Daytime,Secondary Education,130.0,No,No,Yes,Yes,Male,No,21,No,12,10,11.8,12,9,11.444444444444445,0.833,0.75,11.62,8.9,1.4,3.51,Enrolled
2385,Single,2nd phase - general contingent,Informatics Engineering,Daytime,Secondary Education,115.8,No,No,No,Yes,Male,No,20,No,5,4,11.5,5,0,0.0,0.8,0.0,5.75,13.9,-0.3,0.79,Enrolled
2386,Single,Technological specialization diploma holders,Communication Design,Daytime,Technological Specialization Course,140.0,Yes,No,No,Yes,Male,No,21,No,6,6,14.5,6,6,11.333333333333334,1.0,1.0,12.92,12.4,0.5,1.79,Graduate
2387,Single,1st phase - general contingent,Journalism and Communication,Daytime,Secondary Education,126.1,Yes,No,No,Yes,Male,No,22,No,6,5,13.4,6,3,10.666666666666666,0.833,0.5,12.03,9.4,-0.8,-3.12,Enrolled
2388,Single,1st phase - general contingent,Animation and Multimedia Design,Daytime,Secondary Education,137.5,Yes,No,Yes,No,Male,No,19,No,0,0,0.0,0,0,0.0,0,0,0.0,12.7,3.7,-1.7,Graduate
2389,Single,2nd phase - general contingent,Management,Daytime,Secondary Education,120.8,Yes,No,No,Yes,Male,Yes,18,No,5,4,10.8,5,2,12.5,0.8,0.4,11.65,11.1,0.6,2.02,Dropout
2390,Single,Over 23 years old,Social Service,Daytime,Secondary Education,136.5,No,No,No,Yes,Male,No,28,No,5,0,0.0,5,0,0.0,0.0,0.0,0.0,13.9,-0.3,0.79,Dropout
2391,Married,Over 23 years old,Agronomy,Daytime,Secondary Education,122.0,No,No,Yes,No,Male,No,25,No,10,6,11.428571428571429,7,4,12.0,0.6,0.571,11.71,15.5,2.8,-4.06,Dropout
2392,Single,Change of course,Agronomy,Daytime,Secondary Education,130.0,No,No,No,Yes,Male,No,25,No,14,8,12.5,13,10,11.6,0.571,0.769,12.05,15.5,2.8,-4.06,Dropout
2393,Single,1st phase - general contingent,Management,Daytime,Secondary Education,126.3,No,No,No,Yes,Male,No,18,No,5,2,13.5,5,3,12.333333333333334,0.4,0.6,12.92,8.9,1.4,3.51,Enrolled
2394,Single,1st phase - general contingent,Tourism,Daytime,Secondary Education,98.0,No,No,No,Yes,Male,No,26,No,6,0,0.0,6,0,0.0,0.0,0.0,0.0,10.8,1.4,1.74,Dropout
2395,Single,2nd phase - general contingent,Management,Daytime,Secondary Education,121.0,Yes,No,No,Yes,Male,Yes,18,No,5,5,12.75,5,5,11.5,1.0,1.0,12.12,13.9,-0.3,0.79,Graduate
2396,Single,Change of course,Journalism and Communication,Daytime,Secondary Education,124.2,Yes,No,No,Yes,Male,No,22,No,6,3,11.333333333333334,6,3,12.333333333333334,0.5,0.5,11.83,15.5,2.8,-4.06,Enrolled
2397,Single,Over 23 years old,Agronomy,Daytime,Secondary Education,130.0,No,No,No,Yes,Male,No,25,No,6,0,0.0,6,0,0.0,0.0,0.0,0.0,16.2,0.3,-0.92,Dropout
2398,Single,1st phase - general contingent,Journalism and Communication,Daytime,Secondary Education,136.1,Yes,No,No,Yes,Male,No,19,No,6,5,11.4,6,5,12.4,0.833,0.833,11.9,8.9,1.4,3.51,Enrolled
2399,Single,2nd phase - general contingent,Journalism and Communication,Daytime,Secondary Education,132.8,Yes,No,No,Yes,Male,No,19,No,6,6,14.428571428571429,6,6,14.571428571428571,1.0,1.0,14.5,13.9,-0.3,0.79,Graduate
2400,Single,2nd phase - general contingent,Nursing,Daytime,Secondary Education,126.3,No,No,No,Yes,Male,No,19,No,7,7,12.492857142857144,8,8,11.7125,1.0,1.0,12.1,16.2,0.3,-0.92,Graduate
2401,Divorced,Over 23 years old,Social Service (evening attendance),Evening,Basic Education 3rd Cycle,111.5,No,No,No,Yes,Male,No,45,No,8,4,11.5,8,4,11.0,0.5,0.5,11.25,10.8,1.4,1.74,Dropout
2402,Married,Over 23 years old,Management (evening attendance),Evening,Secondary Education,118.2,No,No,No,Yes,Male,No,52,No,5,5,11.2,5,5,12.8,1.0,1.0,12.0,7.6,2.6,0.32,Graduate
2403,Single,1st phase - general contingent,Management,Daytime,Secondary Education,115.6,Yes,No,No,No,Male,No,20,No,5,3,12.0,5,3,11.0,0.6,0.6,11.5,9.4,-0.8,-3.12,Dropout
2404,Single,1st phase - general contingent,Nursing,Daytime,Secondary Education,117.8,Yes,No,No,Yes,Male,No,19,No,8,7,15.885714285714286,8,7,15.885714285714286,0.875,0.875,15.89,10.8,1.4,1.74,Graduate
2405,Single,1st phase - general contingent,Nursing,Daytime,Secondary Education,127.0,No,No,Yes,No,Male,No,21,No,7,4,12.94,7,4,11.58,0.571,0.571,12.26,12.4,0.5,1.79,Dropout
2406,Married,Over 23 years old,Social Service (evening attendance),Evening,Secondary Education,140.0,No,No,No,No,Male,No,35,No,6,6,14.0,6,6,14.166666666666666,1.0,1.0,14.08,9.4,-0.8,-3.12,Graduate
2407,Married,Over 23 years old,Animation and Multimedia Design,Daytime,Other - 11th Year,106.0,Yes,No,No,Yes,Male,No,36,No,0,0,0.0,0,0,0.0,0,0,0.0,7.6,2.6,0.32,Graduate
2408,Divorced,Over 23 years old,Nursing,Daytime,Basic Education 3rd Cycle,151.0,No,No,Yes,No,Male,No,47,No,7,0,0.0,8,0,0.0,0.0,0.0,0.0,15.5,2.8,-4.06,Dropout
2409,Single,3rd phase - general contingent,Management (evening attendance),Evening,Secondary Education,106.4,No,No,No,Yes,Male,No,22,No,5,0,0.0,5,0,0.0,0.0,0.0,0.0,8.9,1.4,3.51,Dropout
2410,Married,Over 23 years old,Management (evening attendance),Evening,Secondary Education,125.3,Yes,No,No,Yes,Male,No,41,No,5,4,11.25,5,3,11.0,0.8,0.6,11.12,7.6,2.6,0.32,Dropout
2411,Single,Holders of other higher courses,Informatics Engineering,Daytime,Higher Education - Degree,130.0,No,No,No,Yes,Male,No,26,No,5,0,0.0,5,0,0.0,0.0,0.0,0.0,10.8,1.4,1.74,Dropout
2412,Married,Over 23 years old,Social Service (evening attendance),Evening,Secondary Education,116.0,No,No,No,No,Female,No,51,No,6,4,11.25,6,0,0.0,0.667,0.0,5.62,10.8,1.4,1.74,Dropout
2413,Married,Over 23 years old,Management (evening attendance),Evening,Secondary Education,120.0,No,No,No,Yes,Female,No,43,No,5,3,10.666666666666666,5,4,12.5,0.6,0.8,11.58,9.4,-0.8,-3.12,Enrolled
2414,Married,Over 23 years old,Social Service (evening attendance),Evening,Secondary Education,100.0,Yes,No,No,Yes,Female,No,41,No,6,5,11.8,6,3,10.666666666666666,0.833,0.5,11.23,7.6,2.6,0.32,Graduate
2415,Single,Change of course,Management,Daytime,Secondary Education,118.5,Yes,No,No,Yes,Male,No,23,No,10,8,11.625,10,10,11.181818181818182,0.8,1.0,11.4,7.6,2.6,0.32,Graduate
2416,Single,Change of course,Social Service,Daytime,Secondary Education,118.9,Yes,No,No,Yes,Male,No,22,No,6,0,0.0,5,0,0.0,0.0,0.0,0.0,9.4,-0.8,-3.12,Dropout
2417,Single,2nd phase - general contingent,Communication Design,Daytime,Secondary Education,119.3,Yes,Yes,No,Yes,Male,Yes,25,No,6,4,10.25,6,4,11.25,0.667,0.667,10.75,12.7,3.7,-1.7,Dropout
2418,Single,Change of course,Management (evening attendance),Evening,Secondary Education,135.8,Yes,No,No,Yes,Male,No,25,No,15,15,10.8,14,14,11.357142857142858,1.0,1.0,11.08,9.4,-0.8,-3.12,Graduate
2419,Single,Short cycle diploma holders,Animation and Multimedia Design,Daytime,Professional Higher Technical Course,130.0,Yes,No,No,No,Male,Yes,22,No,12,11,12.545454545454543,11,11,12.666666666666666,0.917,1.0,12.61,8.9,1.4,3.51,Graduate
2420,Single,Over 23 years old,Agronomy,Daytime,Secondary Education,129.8,No,No,No,Yes,Male,No,24,Yes,7,7,13.571428571428571,6,5,13.4,1.0,0.833,13.49,8.9,1.4,3.51,Enrolled
2421,Single,Over 23 years old,Veterinary Nursing,Daytime,Higher Education - Bachelor's,150.0,No,No,No,Yes,Male,No,47,No,6,0,0.0,6,0,0.0,0.0,0.0,0.0,16.2,0.3,-0.92,Dropout
2422,Married,Over 23 years old,Management (evening attendance),Evening,Basic Education 3rd Cycle,111.9,Yes,No,No,Yes,Male,No,41,No,5,0,0.0,5,0,0.0,0.0,0.0,0.0,7.6,2.6,0.32,Dropout
2423,Single,Over 23 years old,Agronomy,Daytime,Secondary Education,150.1,Yes,No,No,Yes,Male,No,43,No,6,6,14.77777777777778,6,5,12.2,1.0,0.833,13.49,13.9,-0.3,0.79,Graduate
2424,Single,Over 23 years old,Agronomy,Daytime,Secondary Education,130.0,No,No,No,Yes,Male,No,29,No,3,0,0.0,4,0,0.0,0.0,0.0,0.0,16.2,0.3,-0.92,Dropout
2425,Single,Over 23 years old,Informatics Engineering,Daytime,Secondary Education,128.0,No,No,No,Yes,Male,No,30,No,2,0,0.0,2,0,0.0,0.0,0.0,0.0,7.6,2.6,0.32,Dropout
2426,Single,Over 23 years old,Management,Daytime,Basic Education 2nd Cycle,102.5,No,No,No,No,Male,No,26,No,4,0,0.0,5,0,0.0,0.0,0.0,0.0,12.7,3.7,-1.7,Dropout
2427,Single,Over 23 years old,Management (evening attendance),Evening,Secondary Education,102.5,No,No,No,No,Male,No,27,No,5,0,0.0,5,0,0.0,0.0,0.0,0.0,15.5,2.8,-4.06,Dropout
2428,Married,Over 23 years old,Advertising and Marketing Management,Daytime,Secondary Education,110.0,No,No,No,Yes,Male,Yes,36,No,5,5,11.4,5,5,11.6,1.0,1.0,11.5,9.4,-0.8,-3.12,Graduate
2429,Single,Over 23 years old,Agronomy,Daytime,Basic Education 3rd Cycle,114.0,No,No,No,Yes,Male,No,29,No,9,6,11.666666666666666,7,6,10.857142857142858,0.667,0.857,11.26,15.5,2.8,-4.06,Dropout
2430,Single,Transfer,Informatics Engineering,Daytime,Secondary Education,128.2,Yes,No,No,Yes,Male,No,35,No,10,7,11.285714285714286,8,5,13.0,0.7,0.625,12.14,9.4,-0.8,-3.12,Dropout
2431,Single,1st phase - general contingent,Journalism and Communication,Daytime,Secondary Education,116.5,No,No,No,Yes,Male,Yes,18,No,6,4,11.5,6,5,12.6,0.667,0.833,12.05,10.8,1.4,1.74,Graduate
2432,Single,1st phase - general contingent,Management (evening attendance),Evening,Secondary Education,149.3,No,No,No,Yes,Male,Yes,24,No,5,5,16.0,5,5,16.0,1.0,1.0,16.0,8.9,1.4,3.51,Graduate
2433,Single,1st phase - general contingent,Journalism and Communication,Daytime,Secondary Education,134.1,Yes,No,No,Yes,Male,Yes,18,No,6,6,12.5,6,6,12.666666666666666,1.0,1.0,12.58,10.8,1.4,1.74,Dropout
2434,Single,2nd phase - general contingent,Informatics Engineering,Daytime,Secondary Education,126.6,Yes,No,No,Yes,Male,No,18,No,5,4,12.0,5,3,13.0,0.8,0.6,12.5,7.6,2.6,0.32,Enrolled
2435,Married,Change of course,Veterinary Nursing,Daytime,Secondary Education,120.0,No,No,No,Yes,Male,No,21,No,5,0,0.0,5,3,11.666666666666666,0.0,0.6,5.83,9.4,-0.8,-3.12,Enrolled
2436,Single,Transfer,Informatics Engineering,Daytime,Secondary Education,133.5,Yes,No,No,Yes,Male,No,21,No,5,5,13.0,5,5,12.6,1.0,1.0,12.8,9.4,-0.8,-3.12,Graduate
2437,Single,Over 23 years old,Agronomy,Daytime,Secondary Education,110.0,No,No,No,Yes,Male,No,32,No,18,13,13.714285714285714,12,12,12.083333333333334,0.722,1.0,12.9,15.5,2.8,-4.06,Graduate
2438,Single,1st phase - general contingent,Informatics Engineering,Daytime,Secondary Education,107.5,Yes,No,No,Yes,Male,Yes,22,No,5,3,12.333333333333334,6,3,12.5,0.6,0.5,12.42,11.1,0.6,2.02,Dropout
2439,Single,Holders of other higher courses,Agronomy,Daytime,Higher Education - Degree,130.0,Yes,No,No,No,Male,No,32,No,17,11,12.727272727272728,12,10,12.7,0.647,0.833,12.71,15.5,2.8,-4.06,Dropout
2440,Single,Change of course,Advertising and Marketing Management,Daytime,Frequency of Higher Education,111.6,No,No,No,Yes,Male,No,35,No,5,1,14.0,5,0,0.0,0.2,0.0,7.0,9.4,-0.8,-3.12,Dropout
2441,Single,3rd phase - general contingent,Management,Daytime,Secondary Education,101.0,Yes,No,No,No,Male,No,23,No,5,0,0.0,5,0,0.0,0.0,0.0,0.0,8.9,1.4,3.51,Dropout
2442,Single,Over 23 years old,Social Service (evening attendance),Evening,Secondary Education,108.3,No,No,No,Yes,Male,No,39,No,6,5,11.4,6,3,11.0,0.833,0.5,11.2,7.6,2.6,0.32,Enrolled
2443,Married,Change of course,Advertising and Marketing Management,Daytime,Secondary Education,128.2,No,No,No,Yes,Male,No,35,No,5,0,0.0,5,1,10.0,0.0,0.2,5.0,9.4,-0.8,-3.12,Dropout
2444,Married,Over 23 years old,Agronomy,Daytime,Higher Education - Degree,150.0,No,No,No,Yes,Male,No,32,No,6,6,18.875,12,12,17.692307692307693,1.0,1.0,18.28,16.2,0.3,-0.92,Graduate
2445,Single,1st phase - general contingent,Basic Education,Daytime,Secondary Education,142.8,No,No,No,Yes,Male,No,20,No,6,0,0.0,6,0,0.0,0.0,0.0,0.0,7.6,2.6,0.32,Dropout
2446,Single,Over 23 years old,Nursing,Daytime,Secondary Education,100.0,No,No,No,Yes,Male,No,34,No,7,6,11.333333333333334,7,4,12.6,0.857,0.571,11.97,16.2,0.3,-0.92,Enrolled
2447,Single,Holders of other higher courses,Management (evening attendance),Evening,Higher Education - Degree (1st cycle),150.0,Yes,No,No,Yes,Male,No,44,No,7,7,13.5,5,5,16.2,1.0,1.0,14.85,8.9,1.4,3.51,Dropout
2448,Married,Over 23 years old,Tourism,Daytime,Basic Education 3rd Cycle,156.5,No,No,No,Yes,Male,No,53,No,11,2,15.0,9,3,10.0,0.182,0.333,12.5,16.2,0.3,-0.92,Graduate
2449,Single,Over 23 years old,Informatics Engineering,Daytime,Basic Education 3rd Cycle,98.6,No,No,Yes,No,Male,No,28,No,5,0,0.0,5,0,0.0,0.0,0.0,0.0,12.4,0.5,1.79,Dropout
2450,Single,Holders of other higher courses,Management (evening attendance),Evening,Higher Education - Degree,130.0,No,No,No,Yes,Male,No,31,No,9,9,14.22222222222222,5,5,12.8,1.0,1.0,13.51,12.7,3.7,-1.7,Dropout
2451,Single,1st phase - general contingent,Animation and Multimedia Design,Daytime,Secondary Education,118.1,No,No,Yes,No,Male,No,18,No,0,0,0.0,0,0,0.0,0,0,0.0,9.4,-0.8,-3.12,Enrolled
2452,Single,Over 23 years old,Agronomy,Daytime,Secondary Education,120.0,No,No,Yes,No,Male,No,44,No,7,4,12.0,6,0,0.0,0.571,0.0,6.0,15.5,2.8,-4.06,Dropout
2453,Single,1st phase - general contingent,Veterinary Nursing,Daytime,Secondary Education,127.7,Yes,No,No,Yes,Male,No,19,No,5,5,12.6,5,4,12.0,1.0,0.8,12.3,12.7,3.7,-1.7,Graduate
2454,Single,International student (bachelor),Animation and Multimedia Design,Daytime,Secondary Education,130.0,No,No,No,Yes,Male,No,21,Yes,12,12,15.083333333333334,11,11,13.083333333333334,1.0,1.0,14.08,8.9,1.4,3.51,Enrolled
2455,Single,3rd phase - general contingent,Informatics Engineering,Daytime,Secondary Education,147.7,No,No,No,Yes,Male,Yes,18,No,5,0,0.0,5,0,0.0,0.0,0.0,0.0,9.4,-0.8,-3.12,Dropout
2456,Single,Technological specialization diploma holders,Agronomy,Daytime,Technological Specialization Course,170.0,Yes,No,No,Yes,Male,No,20,No,6,6,14.5,6,6,15.3,1.0,1.0,14.9,16.2,0.3,-0.92,Graduate
2457,Single,Over 23 years old,Communication Design,Daytime,Secondary Education,110.2,No,No,No,Yes,Male,No,55,No,6,6,14.5,6,6,13.5,1.0,1.0,14.0,11.1,0.6,2.02,Graduate
2458,Single,1st phase - general contingent,Management,Daytime,Secondary Education,146.4,No,No,No,Yes,Male,No,27,No,5,3,10.0,5,1,13.0,0.6,0.2,11.5,7.6,2.6,0.32,Enrolled
2459,Single,2nd phase - general contingent,Informatics Engineering,Daytime,Secondary Education,121.0,No,No,No,Yes,Male,No,19,No,5,0,0.0,5,0,0.0,0.0,0.0,0.0,12.4,0.5,1.79,Dropout
2460,Single,1st phase - general contingent,Management,Daytime,Secondary Education,129.9,No,No,No,Yes,Male,No,18,No,5,5,11.6,5,5,13.2,1.0,1.0,12.4,12.4,0.5,1.79,Graduate
2461,Married,Over 23 years old,Journalism and Communication,Daytime,Secondary Education,132.0,No,No,No,Yes,Male,No,43,No,6,4,11.75,6,0,0.0,0.667,0.0,5.88,15.5,2.8,-4.06,Dropout
2462,Single,3rd phase - general contingent,Tourism,Daytime,Secondary Education,125.9,Yes,No,No,Yes,Male,No,18,No,6,0,0.0,6,0,0.0,0.0,0.0,0.0,13.9,-0.3,0.79,Dropout
2463,Single,1st phase - general contingent,Animation and Multimedia Design,Daytime,Secondary Education,165.7,Yes,No,No,Yes,Male,No,18,No,0,0,0.0,0,0,0.0,0,0,0.0,9.4,-0.8,-3.12,Dropout
2464,Single,2nd phase - general contingent,Tourism,Daytime,Secondary Education,122.7,Yes,No,Yes,Yes,Male,Yes,20,No,6,0,0.0,6,0,0.0,0.0,0.0,0.0,8.9,1.4,3.51,Dropout
2465,Married,Over 23 years old,Management (evening attendance),Evening,Secondary Education,141.4,No,No,Yes,No,Male,No,29,No,5,4,11.25,5,4,11.8,0.8,0.8,11.52,10.8,1.4,1.74,Dropout
2466,Single,Over 23 years old,Equinculture,Daytime,Basic Education 3rd Cycle,156.4,Yes,No,Yes,Yes,Male,No,44,No,6,5,11.571428571428571,6,0,0.0,0.833,0.0,5.79,13.9,-0.3,0.79,Dropout
2467,Single,1st phase - general contingent,Informatics Engineering,Daytime,Secondary Education,148.5,Yes,No,No,Yes,Male,No,18,No,5,4,10.0,5,1,16.0,0.8,0.2,13.0,10.8,1.4,1.74,Enrolled
2468,Single,Technological specialization diploma holders,Agronomy,Daytime,Technological Specialization Course,140.0,No,No,No,Yes,Male,Yes,20,No,6,5,13.833333333333334,6,6,12.3,0.833,1.0,13.07,15.5,2.8,-4.06,Enrolled
2469,Single,Change of course,Communication Design,Daytime,Secondary Education,131.7,Yes,No,No,Yes,Male,No,20,No,6,4,12.75,9,3,12.666666666666666,0.667,0.333,12.71,12.4,0.5,1.79,Dropout
2470,Married,Over 23 years old,Management,Daytime,Secondary Education,104.7,Yes,No,No,Yes,Male,No,36,No,4,0,0.0,5,0,0.0,0.0,0.0,0.0,10.8,1.4,1.74,Dropout
2471,Single,Technological specialization diploma holders,Equinculture,Daytime,Technological Specialization Course,150.0,Yes,No,No,Yes,Male,No,19,No,6,5,11.6,6,2,11.0,0.833,0.333,11.3,13.9,-0.3,0.79,Enrolled
2472,Married,Over 23 years old,Veterinary Nursing,Daytime,Basic Education 3rd Cycle,110.0,No,No,No,No,Male,No,29,No,5,0,0.0,5,0,0.0,0.0,0.0,0.0,12.7,3.7,-1.7,Dropout
2473,Single,1st phase - general contingent,Advertising and Marketing Management,Daytime,Secondary Education,129.1,Yes,No,No,Yes,Male,No,18,No,6,4,11.25,6,3,10.333333333333334,0.667,0.5,10.79,10.8,1.4,1.74,Dropout
2474,Single,Over 23 years old,Agronomy,Daytime,Secondary Education,120.0,No,No,No,No,Male,No,24,No,6,0,0.0,6,0,0.0,0.0,0.0,0.0,13.9,-0.3,0.79,Dropout
2475,Single,1st phase - general contingent,Journalism and Communication,Daytime,Secondary Education,127.0,No,No,No,Yes,Male,No,20,No,6,6,14.333333333333334,6,6,15.0,1.0,1.0,14.67,15.5,2.8,-4.06,Graduate
2476,Married,Over 23 years old,Social Service (evening attendance),Evening,Basic Education 3rd Cycle,151.5,No,No,Yes,No,Male,No,45,No,6,0,0.0,5,0,0.0,0.0,0.0,0.0,16.2,0.3,-0.92,Dropout
2477,Single,Change of course,Nursing,Daytime,Secondary Education,126.8,Yes,No,No,Yes,Male,Yes,28,No,23,20,13.5,23,20,13.5,0.87,0.87,13.5,7.6,2.6,0.32,Graduate
2478,Single,1st phase - general contingent,Tourism,Daytime,Secondary Education,140.8,Yes,No,No,Yes,Male,No,23,No,6,6,12.666666666666666,6,5,12.2,1.0,0.833,12.43,7.6,2.6,0.32,Enrolled
2479,Single,1st phase - general contingent,Nursing,Daytime,Secondary Education,125.6,Yes,No,No,Yes,Male,No,18,No,7,7,12.444285714285714,8,7,11.347142857142858,1.0,0.875,11.9,12.4,0.5,1.79,Graduate
2480,Single,1st phase - general contingent,Management,Daytime,Secondary Education,127.8,Yes,No,No,Yes,Male,No,23,No,5,3,10.666666666666666,5,3,11.333333333333334,0.6,0.6,11.0,9.4,-0.8,-3.12,Dropout
2481,Single,Change of course,Animation and Multimedia Design,Daytime,Secondary Education,120.0,Yes,No,No,Yes,Male,No,22,No,0,0,0.0,0,0,0.0,0,0,0.0,7.6,2.6,0.32,Enrolled
2482,Single,1st phase - general contingent,Communication Design,Daytime,Secondary Education,131.3,No,No,No,Yes,Male,Yes,22,No,6,6,12.666666666666666,6,5,12.4,1.0,0.833,12.53,12.4,0.5,1.79,Graduate
2483,Single,Over 23 years old,Management (evening attendance),Evening,Other - 11th Year,155.7,No,No,No,Yes,Male,No,33,No,5,5,13.2,5,5,14.833333333333334,1.0,1.0,14.02,10.8,1.4,1.74,Graduate
2484,Single,Short cycle diploma holders,Agronomy,Daytime,Professional Higher Technical Course,128.5,No,No,No,Yes,Male,No,21,No,12,10,12.7,12,11,12.181818181818182,0.833,0.917,12.44,8.9,1.4,3.51,Graduate
2485,Married,Over 23 years old,Management,Daytime,Secondary Education,170.0,No,No,No,Yes,Male,No,45,No,5,5,14.833333333333334,5,5,14.8,1.0,1.0,14.82,15.5,2.8,-4.06,Graduate
2486,Married,Over 23 years old,Agronomy,Daytime,Secondary Education,100.0,No,No,No,No,Male,No,44,No,10,4,11.5,7,1,12.0,0.4,0.143,11.75,15.5,2.8,-4.06,Dropout
2487,Divorced,Over 23 years old,Advertising and Marketing Management,Daytime,Secondary Education,107.2,No,No,No,Yes,Male,No,42,No,6,0,0.0,6,0,0.0,0.0,0.0,0.0,12.7,3.7,-1.7,Dropout
2488,Single,3rd phase - general contingent,Management,Daytime,Secondary Education,139.3,Yes,No,No,Yes,Male,No,20,No,5,0,0.0,5,0,0.0,0.0,0.0,0.0,12.4,0.5,1.79,Dropout
2489,Single,2nd phase - general contingent,Management,Daytime,Secondary Education,123.2,Yes,No,No,Yes,Male,No,20,No,5,3,12.666666666666666,5,2,12.5,0.6,0.4,12.58,9.4,-0.8,-3.12,Enrolled
2490,Single,1st phase - general contingent,Tourism,Daytime,Secondary Education,122.3,Yes,No,No,Yes,Male,Yes,20,No,6,6,14.714285714285714,6,6,12.5,1.0,1.0,13.61,8.9,1.4,3.51,Graduate
2491,Single,2nd phase - general contingent,Journalism and Communication,Daytime,Secondary Education,127.9,Yes,No,No,Yes,Male,No,20,No,6,3,13.666666666666666,6,4,10.25,0.5,0.667,11.96,9.4,-0.8,-3.12,Enrolled
2492,Single,1st phase - general contingent,Management,Daytime,Secondary Education,120.3,No,No,No,Yes,Male,No,19,No,5,5,10.8,5,2,13.5,1.0,0.4,12.15,8.9,1.4,3.51,Enrolled
2493,Single,Change of institution/course,Social Service (evening attendance),Evening,Secondary Education,128.5,No,No,Yes,No,Male,No,26,No,8,4,10.5,10,7,10.428571428571429,0.5,0.7,10.46,12.4,0.5,1.79,Dropout
2494,Married,Over 23 years old,Agronomy,Daytime,Secondary Education,150.0,No,No,No,Yes,Male,No,31,No,6,6,15.0,6,5,12.5,1.0,0.833,13.75,13.9,-0.3,0.79,Graduate
2495,Single,1st phase - general contingent,Journalism and Communication,Daytime,Secondary Education,136.1,No,No,Yes,Yes,Male,Yes,19,No,6,6,12.666666666666666,6,6,14.0,1.0,1.0,13.33,16.2,0.3,-0.92,Graduate
2496,Single,Over 23 years old,Journalism and Communication,Daytime,Basic Education 3rd Cycle,128.0,Yes,No,No,Yes,Male,No,28,No,6,6,13.166666666666666,6,6,13.666666666666666,1.0,1.0,13.42,7.6,2.6,0.32,Graduate
2497,Single,1st phase - general contingent,Animation and Multimedia Design,Daytime,Secondary Education,158.1,Yes,No,No,Yes,Male,Yes,20,No,0,0,0.0,0,0,0.0,0,0,0.0,10.8,1.4,1.74,Graduate
2498,Married,1st phase - general contingent,Social Service (evening attendance),Evening,Secondary Education,108.7,Yes,No,No,Yes,Female,No,43,No,6,6,13.0,6,6,12.5,1.0,1.0,12.75,9.4,-0.8,-3.12,Graduate
2499,Single,Over 23 years old,Animation and Multimedia Design,Daytime,Basic Education 3rd Cycle,110.0,No,No,No,Yes,Male,Yes,25,Yes,0,0,0.0,0,0,0.0,0,0,0.0,15.5,2.8,-4.06,Dropout
2500,Single,Over 23 years old,Social Service,Daytime,Basic Education 3rd Cycle,120.0,No,Yes,Yes,Yes,Female,No,40,No,6,2,10.0,6,1,15.0,0.333,0.167,12.5,16.2,0.3,-0.92,Dropout
2501,Single,Technological specialization diploma holders,Veterinary Nursing,Daytime,Technological Specialization Course,150.0,No,No,No,Yes,Female,No,20,Yes,6,6,13.333333333333334,6,5,13.375,1.0,0.833,13.35,12.4,0.5,1.79,Graduate
2502,Married,Over 23 years old,Social Service (evening attendance),Evening,Other - 11th Year,113.0,No,No,No,Yes,Female,No,46,No,6,3,12.333333333333334,6,6,13.333333333333334,0.5,1.0,12.83,11.1,0.6,2.02,Graduate
2503,Single,Change of institution/course,Biofuel Production Technologies,Daytime,Secondary Education,118.6,No,No,No,Yes,Female,No,26,No,21,20,13.181818181818182,14,14,11.642857142857142,0.952,1.0,12.41,8.9,1.4,3.51,Graduate
2504,Married,Over 23 years old,Nursing,Daytime,Secondary Education,148.8,No,No,No,Yes,Female,Yes,34,No,7,6,12.513333333333334,8,7,13.071428571428571,0.857,0.875,12.79,12.4,0.5,1.79,Graduate
2505,Single,3rd phase - general contingent,Basic Education,Daytime,Secondary Education,120.3,Yes,No,No,Yes,Female,No,19,No,6,0,0.0,6,0,0.0,0.0,0.0,0.0,10.8,1.4,1.74,Dropout
2506,Single,1st phase - general contingent,Nursing,Daytime,Secondary Education,127.0,Yes,No,No,Yes,Female,Yes,18,No,8,7,13.585714285714284,8,7,13.585714285714284,0.875,0.875,13.59,12.7,3.7,-1.7,Graduate
2507,Single,1st phase - general contingent,Oral Hygiene,Daytime,Secondary Education,113.8,Yes,No,No,Yes,Female,No,18,No,7,7,11.155555555555557,8,8,11.425,1.0,1.0,11.29,12.7,3.7,-1.7,Graduate
2508,Single,Over 23 years old,Social Service (evening attendance),Evening,Secondary Education,108.0,No,No,No,Yes,Male,Yes,37,No,7,6,11.857142857142858,6,5,12.0,0.857,0.833,11.93,13.9,-0.3,0.79,Graduate
2509,Single,2nd phase - general contingent,Animation and Multimedia Design,Daytime,Secondary Education,129.1,No,No,No,Yes,Male,Yes,23,No,0,0,0.0,0,0,0.0,0,0,0.0,9.4,-0.8,-3.12,Graduate
2510,Single,Change of course,Communication Design,Daytime,Secondary Education,135.9,No,No,No,Yes,Male,No,26,No,14,14,14.0,13,13,13.615384615384617,1.0,1.0,13.81,15.5,2.8,-4.06,Graduate
2511,Single,Ordinance No. 854-B/99,Journalism and Communication,Daytime,Secondary Education,154.4,Yes,No,No,No,Female,No,18,Yes,6,5,12.0,6,0,0.0,0.833,0.0,6.0,10.8,1.4,1.74,Dropout
2512,Single,International student (bachelor),Nursing,Daytime,Secondary Education,190.0,Yes,No,No,Yes,Female,No,18,Yes,7,4,11.575,7,5,12.419999999999998,0.571,0.714,12.0,12.4,0.5,1.79,Enrolled
2513,Single,2nd phase - general contingent,Nursing,Daytime,Secondary Education,132.5,Yes,No,No,Yes,Female,No,19,No,7,7,13.198571428571428,8,8,13.0625,1.0,1.0,13.13,11.1,0.6,2.02,Graduate
2514,Single,Ordinance No. 854-B/99,Veterinary Nursing,Daytime,Secondary Education,163.3,No,No,No,Yes,Female,No,18,Yes,6,6,13.5,6,6,12.0,1.0,1.0,12.75,12.4,0.5,1.79,Graduate
2515,Single,1st phase - general contingent,Advertising and Marketing Management,Daytime,Secondary Education,122.5,Yes,No,No,Yes,Female,No,19,No,6,6,13.333333333333334,6,5,12.8,1.0,0.833,13.07,8.9,1.4,3.51,Dropout
2516,Single,2nd phase - general contingent,Informatics Engineering,Daytime,Secondary Education,121.0,Yes,No,No,Yes,Male,No,20,Yes,5,4,14.25,5,1,10.0,0.8,0.2,12.12,8.9,1.4,3.51,Enrolled
2517,Single,2nd phase - general contingent,Communication Design,Daytime,Secondary Education,131.8,No,No,No,Yes,Female,Yes,22,No,6,6,12.166666666666666,6,4,12.0,1.0,0.667,12.08,9.4,-0.8,-3.12,Graduate
2518,Single,1st phase - general contingent,Nursing,Daytime,Secondary Education,135.0,Yes,No,No,Yes,Female,Yes,18,No,8,7,12.214285714285714,8,7,12.214285714285714,0.875,0.875,12.21,12.7,3.7,-1.7,Graduate
2519,Single,2nd phase - general contingent,Tourism,Daytime,Secondary Education,141.7,No,No,No,Yes,Female,Yes,18,No,6,6,12.666666666666666,6,6,13.0,1.0,1.0,12.83,13.9,-0.3,0.79,Graduate
2520,Single,1st phase - general contingent,Journalism and Communication,Daytime,Secondary Education,131.3,Yes,No,No,Yes,Female,Yes,18,No,6,6,12.285714285714286,6,6,13.5,1.0,1.0,12.89,8.9,1.4,3.51,Graduate
2521,Single,1st phase - general contingent,Tourism,Daytime,Secondary Education,123.9,Yes,No,No,Yes,Female,Yes,18,No,6,6,13.0,6,6,13.0,1.0,1.0,13.0,12.4,0.5,1.79,Graduate
2522,Single,1st phase - general contingent,Tourism,Daytime,Secondary Education,126.1,Yes,No,No,Yes,Female,No,18,No,6,6,12.142857142857142,6,6,11.166666666666666,1.0,1.0,11.65,8.9,1.4,3.51,Graduate
2523,Single,2nd phase - general contingent,Nursing,Daytime,Secondary Education,126.5,Yes,No,No,Yes,Female,Yes,19,No,7,7,13.875714285714285,8,7,13.085714285714284,1.0,0.875,13.48,11.1,0.6,2.02,Graduate
2524,Single,2nd phase - general contingent,Basic Education,Daytime,Secondary Education,107.3,No,No,No,Yes,Female,No,20,No,6,0,0.0,6,0,0.0,0.0,0.0,0.0,15.5,2.8,-4.06,Dropout
2525,Single,2nd phase - general contingent,Social Service,Daytime,Secondary Education,95.0,Yes,No,No,Yes,Female,Yes,19,No,6,6,11.666666666666666,6,0,0.0,1.0,0.0,5.83,15.5,2.8,-4.06,Dropout
2526,Single,1st phase - general contingent,Veterinary Nursing,Daytime,Secondary Education,116.1,Yes,No,No,Yes,Female,No,18,No,6,6,13.153846153846152,6,3,11.0,1.0,0.5,12.08,15.5,2.8,-4.06,Graduate
2527,Single,1st phase - general contingent,Communication Design,Daytime,Secondary Education,134.6,Yes,No,No,Yes,Female,Yes,18,No,6,6,14.5,6,6,12.833333333333334,1.0,1.0,13.67,12.4,0.5,1.79,Dropout
2528,Single,2nd phase - general contingent,Nursing,Daytime,Secondary Education,128.0,Yes,No,No,Yes,Female,Yes,18,No,7,7,14.44142857142857,8,8,13.65625,1.0,1.0,14.05,11.1,0.6,2.02,Graduate
2529,Single,2nd phase - general contingent,Journalism and Communication,Daytime,Secondary Education,144.2,Yes,No,No,Yes,Female,No,18,No,6,6,15.166666666666666,6,6,14.285714285714286,1.0,1.0,14.73,12.4,0.5,1.79,Graduate
2530,Single,2nd phase - general contingent,Management,Daytime,Secondary Education,129.5,No,No,No,Yes,Female,Yes,18,No,5,5,11.6,5,4,12.625,1.0,0.8,12.11,10.8,1.4,1.74,Graduate
2531,Single,2nd phase - general contingent,Journalism and Communication,Daytime,Secondary Education,116.8,Yes,No,Yes,Yes,Female,No,18,No,6,6,11.666666666666666,6,6,12.333333333333334,1.0,1.0,12.0,16.2,0.3,-0.92,Graduate
2532,Single,Technological specialization diploma holders,Agronomy,Daytime,Technological Specialization Course,160.0,No,No,No,Yes,Female,Yes,20,No,6,6,12.625,6,6,13.2,1.0,1.0,12.91,16.2,0.3,-0.92,Graduate
2533,Single,1st phase - special contingent (Madeira Island),Social Service,Daytime,Secondary Education,127.1,Yes,No,No,Yes,Female,Yes,19,No,6,3,12.666666666666666,6,6,11.0,0.5,1.0,11.83,9.4,-0.8,-3.12,Graduate
2534,Single,2nd phase - general contingent,Equinculture,Daytime,Secondary Education,126.3,Yes,No,No,Yes,Female,Yes,18,No,6,6,12.833333333333334,6,6,13.0,1.0,1.0,12.92,8.9,1.4,3.51,Enrolled
2535,Single,1st phase - general contingent,Social Service,Daytime,Secondary Education,112.9,Yes,No,No,Yes,Female,Yes,19,No,6,6,11.857142857142858,6,6,13.142857142857142,1.0,1.0,12.5,12.4,0.5,1.79,Graduate
2536,Single,2nd phase - general contingent,Basic Education,Daytime,Secondary Education,130.2,Yes,No,No,Yes,Female,No,19,No,6,5,11.4,6,4,10.75,0.833,0.667,11.08,12.7,3.7,-1.7,Enrolled
2537,Single,Change of course,Equinculture,Daytime,Secondary Education,100.0,No,No,No,Yes,Female,No,19,Yes,5,5,14.857142857142858,5,5,15.142857142857142,1.0,1.0,15.0,9.4,-0.8,-3.12,Enrolled
2538,Single,1st phase - general contingent,Advertising and Marketing Management,Daytime,Secondary Education,121.6,No,No,No,Yes,Female,No,19,No,6,6,14.714285714285714,6,6,15.833333333333334,1.0,1.0,15.27,12.4,0.5,1.79,Graduate
2539,Single,International student (bachelor),Advertising and Marketing Management,Daytime,Secondary Education,130.0,No,Yes,Yes,Yes,Female,No,20,Yes,6,6,13.5,6,5,13.0,1.0,0.833,13.25,8.9,1.4,3.51,Graduate
2540,Single,3rd phase - general contingent,Equinculture,Daytime,Secondary Education,121.7,Yes,No,No,Yes,Female,Yes,18,No,5,4,11.5,5,5,12.4,0.8,1.0,11.95,10.8,1.4,1.74,Graduate
2541,Single,Holders of other higher courses,Management,Daytime,Higher Education - Degree,120.0,No,No,No,Yes,Female,No,33,No,5,2,14.0,5,0,0.0,0.4,0.0,7.0,12.4,0.5,1.79,Dropout
2542,Single,1st phase - general contingent,Basic Education,Daytime,Secondary Education,143.5,No,No,No,Yes,Female,Yes,19,No,7,6,12.833333333333334,6,0,0.0,0.857,0.0,6.42,13.9,-0.3,0.79,Dropout
2543,Single,2nd phase - general contingent,Oral Hygiene,Daytime,Secondary Education,128.3,No,No,No,Yes,Female,Yes,18,No,7,7,13.428571428571429,8,8,14.75,1.0,1.0,14.09,15.5,2.8,-4.06,Graduate
2544,Single,2nd phase - general contingent,Communication Design,Daytime,Secondary Education,111.9,No,No,No,Yes,Female,No,19,No,6,0,0.0,6,0,0.0,0.0,0.0,0.0,8.9,1.4,3.51,Dropout
2545,Single,Technological specialization diploma holders,Agronomy,Daytime,Technological Specialization Course,140.0,No,No,No,Yes,Female,No,19,No,6,3,11.666666666666666,6,4,11.5,0.5,0.667,11.58,15.5,2.8,-4.06,Enrolled
2546,Single,1st phase - general contingent,Journalism and Communication,Daytime,Secondary Education,137.6,Yes,No,No,Yes,Female,No,18,No,6,6,16.0,6,6,14.333333333333334,1.0,1.0,15.17,12.4,0.5,1.79,Graduate
2547,Single,1st phase - general contingent,Social Service,Daytime,Secondary Education,135.0,Yes,No,No,Yes,Female,No,20,No,6,6,13.833333333333334,6,6,11.833333333333334,1.0,1.0,12.83,10.8,1.4,1.74,Graduate
2548,Single,1st phase - general contingent,Nursing,Daytime,Secondary Education,133.8,Yes,No,No,Yes,Female,No,19,No,8,8,13.2325,8,8,13.2325,1.0,1.0,13.23,9.4,-0.8,-3.12,Graduate
2549,Single,1st phase - general contingent,Journalism and Communication,Daytime,Secondary Education,126.9,Yes,No,No,Yes,Male,Yes,18,No,6,6,14.0,6,6,14.166666666666666,1.0,1.0,14.08,9.4,-0.8,-3.12,Graduate
2550,Single,2nd phase - general contingent,Tourism,Daytime,Secondary Education,106.7,Yes,No,Yes,Yes,Male,Yes,19,No,6,2,10.0,6,0,0.0,0.333,0.0,5.0,13.9,-0.3,0.79,Dropout
2551,Single,Change of course,Social Service (evening attendance),Evening,Secondary Education,145.7,Yes,No,No,Yes,Female,No,25,Yes,16,15,13.333333333333334,13,11,12.272727272727272,0.938,0.846,12.8,13.9,-0.3,0.79,Graduate
2552,Single,2nd phase - general contingent,Communication Design,Daytime,Secondary Education,153.1,Yes,No,No,Yes,Female,Yes,20,No,6,6,12.5,6,6,14.333333333333334,1.0,1.0,13.42,12.7,3.7,-1.7,Enrolled
2553,Single,1st phase - general contingent,Social Service (evening attendance),Evening,Secondary Education,118.7,No,No,No,Yes,Female,No,19,No,6,6,12.5,6,6,11.5,1.0,1.0,12.0,12.7,3.7,-1.7,Graduate
2554,Single,2nd phase - general contingent,Management (evening attendance),Evening,Secondary Education,161.8,Yes,No,Yes,Yes,Male,No,33,No,5,2,10.5,5,0,0.0,0.4,0.0,5.25,7.6,2.6,0.32,Dropout
2555,Single,3rd phase - general contingent,Informatics Engineering,Daytime,Secondary Education,124.9,Yes,No,Yes,Yes,Male,No,18,No,5,3,10.666666666666666,5,3,11.333333333333334,0.6,0.6,11.0,8.9,1.4,3.51,Enrolled
2556,Single,1st phase - general contingent,Informatics Engineering,Daytime,Secondary Education,150.8,Yes,No,No,Yes,Male,No,18,No,5,4,10.5,5,2,10.5,0.8,0.4,10.5,7.6,2.6,0.32,Enrolled
2557,Single,International student (bachelor),Management,Daytime,Secondary Education,130.0,No,No,No,Yes,Female,No,19,Yes,5,4,12.0,5,5,11.4,0.8,1.0,11.7,11.1,0.6,2.02,Graduate
2558,Single,1st phase - general contingent,Animation and Multimedia Design,Daytime,Secondary Education,163.6,Yes,No,No,Yes,Female,No,18,No,0,0,0.0,0,0,0.0,0,0,0.0,12.4,0.5,1.79,Enrolled
2559,Single,Change of course,Management,Daytime,Secondary Education,115.0,No,No,No,Yes,Female,No,19,No,5,5,11.5,5,2,10.666666666666666,1.0,0.4,11.08,13.9,-0.3,0.79,Enrolled
2560,Single,1st phase - general contingent,Journalism and Communication,Daytime,Secondary Education,136.8,Yes,No,No,Yes,Female,No,18,No,6,6,14.0,6,6,13.5,1.0,1.0,13.75,11.1,0.6,2.02,Dropout
2561,Single,2nd phase - general contingent,Basic Education,Daytime,Secondary Education,130.9,Yes,No,No,Yes,Female,No,18,No,6,6,13.5,6,5,12.6,1.0,0.833,13.05,7.6,2.6,0.32,Graduate
2562,Single,1st phase - general contingent,Nursing,Daytime,Secondary Education,127.0,Yes,No,No,Yes,Female,No,18,No,8,8,13.07375,8,8,13.07375,1.0,1.0,13.07,9.4,-0.8,-3.12,Graduate
2563,Married,Over 23 years old,Nursing,Daytime,Basic Education 3rd Cycle,120.0,No,No,No,Yes,Female,No,37,No,7,2,10.75,7,0,0.0,0.286,0.0,5.38,16.2,0.3,-0.92,Dropout
2564,Single,1st phase - general contingent,Social Service,Daytime,Secondary Education,126.0,No,No,No,Yes,Female,No,20,No,6,1,12.0,5,0,0.0,0.167,0.0,6.0,9.4,-0.8,-3.12,Enrolled
2565,Single,1st phase - general contingent,Tourism,Daytime,Secondary Education,153.8,Yes,No,No,Yes,Female,Yes,20,Yes,6,6,14.0,6,6,13.333333333333334,1.0,1.0,13.67,10.8,1.4,1.74,Graduate
2566,Single,International student (bachelor),Social Service,Daytime,Secondary Education,140.0,No,No,No,Yes,Male,No,21,Yes,6,6,12.333333333333334,6,6,13.428571428571429,1.0,1.0,12.88,11.1,0.6,2.02,Graduate
2567,Single,2nd phase - general contingent,Nursing,Daytime,Secondary Education,136.6,No,No,No,Yes,Female,Yes,18,No,7,7,13.464285714285714,8,8,14.788888888888888,1.0,1.0,14.13,12.4,0.5,1.79,Graduate
2568,Single,Over 23 years old,Social Service (evening attendance),Evening,Secondary Education,105.0,No,No,No,Yes,Female,No,26,No,6,3,10.666666666666666,6,5,11.2,0.5,0.833,10.93,15.5,2.8,-4.06,Enrolled
2569,Single,Over 23 years old,Management,Daytime,Other - 11th Year,139.4,No,No,Yes,Yes,Female,No,41,No,5,5,11.6,5,5,12.2,1.0,1.0,11.9,7.6,2.6,0.32,Enrolled
2570,Single,1st phase - general contingent,Journalism and Communication,Daytime,Secondary Education,140.0,Yes,No,No,Yes,Female,Yes,18,No,6,6,13.666666666666666,6,6,14.666666666666666,1.0,1.0,14.17,16.2,0.3,-0.92,Graduate
2571,Single,1st phase - general contingent,Nursing,Daytime,Secondary Education,130.8,No,No,Yes,Yes,Female,No,18,No,8,8,14.4025,8,8,14.4025,1.0,1.0,14.4,9.4,-0.8,-3.12,Graduate
2572,Single,1st phase - general contingent,Nursing,Daytime,Secondary Education,138.8,Yes,No,No,Yes,Female,No,31,No,7,7,15.46875,8,8,16.3875,1.0,1.0,15.93,11.1,0.6,2.02,Graduate
2573,Single,1st phase - general contingent,Social Service,Daytime,Secondary Education,110.0,No,No,Yes,Yes,Female,No,23,No,6,6,12.625,6,6,14.166666666666666,1.0,1.0,13.4,12.7,3.7,-1.7,Graduate
2574,Single,1st phase - general contingent,Nursing,Daytime,Secondary Education,127.8,Yes,No,No,Yes,Female,No,19,No,7,6,14.983333333333334,7,6,14.983333333333334,0.857,0.857,14.98,7.6,2.6,0.32,Graduate
2575,Single,1st phase - special contingent (Madeira Island),Journalism and Communication,Daytime,Secondary Education,134.2,Yes,No,No,Yes,Female,Yes,20,No,6,6,15.0,6,6,13.0,1.0,1.0,14.0,11.1,0.6,2.02,Graduate
2576,Married,Over 23 years old,Social Service (evening attendance),Evening,Secondary Education,143.0,No,No,No,Yes,Female,No,40,No,9,9,15.88888888888889,7,7,14.142857142857142,1.0,1.0,15.02,12.7,3.7,-1.7,Graduate
2577,Single,Technological specialization diploma holders,Veterinary Nursing,Daytime,Technological Specialization Course,120.0,Yes,No,Yes,Yes,Female,No,32,No,6,4,11.5,6,3,11.0,0.667,0.5,11.25,16.2,0.3,-0.92,Dropout
2578,Single,1st phase - general contingent,Tourism,Daytime,Secondary Education,113.2,Yes,No,No,Yes,Female,No,24,No,6,2,10.5,6,1,10.0,0.333,0.167,10.25,10.8,1.4,1.74,Dropout
2579,Single,2nd phase - general contingent,Nursing,Daytime,Secondary Education,135.8,Yes,No,No,Yes,Female,No,18,No,7,6,13.983333333333334,7,6,13.983333333333334,0.857,0.857,13.98,7.6,2.6,0.32,Graduate
2580,Single,1st phase - general contingent,Social Service,Daytime,Secondary Education,143.5,No,No,No,Yes,Female,No,18,No,6,6,13.0,6,6,12.833333333333334,1.0,1.0,12.92,10.8,1.4,1.74,Graduate
2581,Single,1st phase - general contingent,Social Service,Daytime,Secondary Education,148.9,Yes,No,No,Yes,Female,Yes,18,No,6,6,13.666666666666666,6,6,13.0,1.0,1.0,13.33,10.8,1.4,1.74,Graduate
2582,Single,Over 23 years old,Agronomy,Daytime,Secondary Education,115.6,Yes,No,No,No,Female,No,27,No,6,0,0.0,6,0,0.0,0.0,0.0,0.0,15.5,2.8,-4.06,Dropout
2583,Single,1st phase - general contingent,Management,Daytime,Secondary Education,159.3,No,No,No,Yes,Female,No,18,No,5,5,14.4,5,5,15.4,1.0,1.0,14.9,7.6,2.6,0.32,Graduate
2584,Single,Over 23 years old,Management (evening attendance),Evening,Secondary Education,138.5,No,No,No,Yes,Female,No,26,No,5,4,12.0,5,4,11.25,0.8,0.8,11.62,12.7,3.7,-1.7,Enrolled
2585,Single,1st phase - general contingent,Basic Education,Daytime,Secondary Education,133.2,Yes,No,No,Yes,Female,No,19,No,6,6,14.166666666666666,6,6,13.666666666666666,1.0,1.0,13.92,7.6,2.6,0.32,Graduate
2586,Single,2nd phase - general contingent,Social Service (evening attendance),Evening,Secondary Education,117.6,Yes,No,No,Yes,Female,No,19,No,6,5,12.2,6,6,12.0,0.833,1.0,12.1,7.6,2.6,0.32,Graduate
2587,Single,3rd phase - general contingent,Management,Daytime,Secondary Education,108.7,Yes,No,No,Yes,Female,No,21,No,5,3,12.0,5,3,12.666666666666666,0.6,0.6,12.33,9.4,-0.8,-3.12,Enrolled
2588,Single,1st phase - general contingent,Management,Daytime,Secondary Education,106.0,Yes,No,No,Yes,Female,No,24,No,5,2,10.5,5,1,11.0,0.4,0.2,10.75,12.7,3.7,-1.7,Enrolled
2589,Single,2nd phase - general contingent,Basic Education,Daytime,Secondary Education,122.6,No,No,No,Yes,Female,No,20,No,6,3,12.333333333333334,6,2,10.5,0.5,0.333,11.42,12.7,3.7,-1.7,Dropout
2590,Single,1st phase - general contingent,Basic Education,Daytime,Secondary Education,127.4,Yes,No,No,Yes,Female,No,18,No,6,5,12.2,6,5,12.2,0.833,0.833,12.2,10.8,1.4,1.74,Enrolled
2591,Single,Over 23 years old,Agronomy,Daytime,Secondary Education,100.0,No,No,No,Yes,Female,No,30,No,6,0,0.0,6,0,0.0,0.0,0.0,0.0,11.1,0.6,2.02,Dropout
2592,Single,1st phase - general contingent,Basic Education,Daytime,Secondary Education,95.0,Yes,No,Yes,No,Female,No,22,No,7,6,11.5,7,6,13.166666666666666,0.857,0.857,12.33,11.1,0.6,2.02,Enrolled
2593,Single,Holders of other higher courses,Management,Daytime,Higher Education - Degree,130.0,No,No,No,Yes,Female,No,21,No,9,9,10.88888888888889,10,10,11.615384615384617,1.0,1.0,11.25,10.8,1.4,1.74,Graduate
2594,Single,Over 23 years old,Oral Hygiene,Daytime,Secondary Education,122.8,No,No,No,Yes,Female,No,26,No,7,6,12.166666666666666,8,8,11.675,0.857,1.0,11.92,13.9,-0.3,0.79,Dropout
2595,Single,2nd phase - general contingent,Management,Daytime,Secondary Education,115.0,Yes,No,No,Yes,Female,No,23,No,5,2,10.0,5,1,12.0,0.4,0.2,11.0,9.4,-0.8,-3.12,Enrolled
2596,Single,2nd phase - general contingent,Communication Design,Daytime,Secondary Education,145.9,No,No,No,Yes,Female,Yes,18,No,6,6,12.666666666666666,6,6,12.166666666666666,1.0,1.0,12.42,16.2,0.3,-0.92,Graduate
2597,Single,1st phase - general contingent,Communication Design,Daytime,Secondary Education,143.0,Yes,No,Yes,Yes,Female,No,21,No,6,5,11.4,6,5,12.2,0.833,0.833,11.8,12.7,3.7,-1.7,Dropout
2598,Single,Change of course,Animation and Multimedia Design,Daytime,Secondary Education,100.0,No,No,No,Yes,Female,Yes,18,No,0,0,0.0,0,0,0.0,0,0,0.0,13.9,-0.3,0.79,Dropout
2599,Single,2nd phase - general contingent,Veterinary Nursing,Daytime,Secondary Education,121.3,Yes,No,No,Yes,Female,No,21,No,5,2,13.0,5,4,12.0,0.4,0.8,12.5,9.4,-0.8,-3.12,Enrolled
2600,Single,2nd phase - general contingent,Basic Education,Daytime,Secondary Education,121.2,Yes,No,No,Yes,Female,No,18,No,6,5,13.4,6,5,12.0,0.833,0.833,12.7,7.6,2.6,0.32,Enrolled
2601,Single,2nd phase - general contingent,Basic Education,Daytime,Secondary Education,125.1,Yes,Yes,No,Yes,Female,Yes,19,No,6,6,13.5,6,5,12.8,1.0,0.833,13.15,12.7,3.7,-1.7,Dropout
2602,Single,2nd phase - general contingent,Tourism,Daytime,Secondary Education,112.9,Yes,No,No,Yes,Female,No,22,No,6,4,12.25,6,3,11.333333333333334,0.667,0.5,11.79,7.6,2.6,0.32,Enrolled
2603,Single,1st phase - general contingent,Social Service,Daytime,Secondary Education,120.8,Yes,No,No,Yes,Female,No,19,No,6,6,12.285714285714286,6,6,12.833333333333334,1.0,1.0,12.56,12.4,0.5,1.79,Graduate
2604,Single,1st phase - general contingent,Veterinary Nursing,Daytime,Secondary Education,114.0,Yes,No,No,No,Female,No,19,No,5,0,0.0,5,0,0.0,0.0,0.0,0.0,9.4,-0.8,-3.12,Dropout
2605,Single,2nd phase - general contingent,Social Service,Daytime,Secondary Education,132.1,Yes,No,No,Yes,Female,No,19,No,6,2,10.5,6,1,13.0,0.333,0.167,11.75,9.4,-0.8,-3.12,Dropout
2606,Married,Technological specialization diploma holders,Veterinary Nursing,Daytime,Technological Specialization Course,160.0,No,No,No,Yes,Female,No,27,No,5,3,14.0,5,5,12.0,0.6,1.0,13.0,9.4,-0.8,-3.12,Graduate
2607,Single,Ordinance No. 854-B/99,Veterinary Nursing,Daytime,Secondary Education,134.0,Yes,No,No,Yes,Female,No,22,No,5,5,14.2,5,5,12.2,1.0,1.0,13.2,12.7,3.7,-1.7,Graduate
2608,Single,1st phase - general contingent,Journalism and Communication,Daytime,Secondary Education,124.2,Yes,No,No,Yes,Female,No,18,No,6,5,13.0,6,6,13.142857142857142,0.833,1.0,13.07,15.5,2.8,-4.06,Dropout
2609,Single,2nd phase - general contingent,Tourism,Daytime,Secondary Education,115.6,Yes,No,No,Yes,Female,No,20,No,6,6,11.0,6,4,12.75,1.0,0.667,11.88,9.4,-0.8,-3.12,Graduate
2610,Married,Change of course,Management (evening attendance),Evening,Secondary Education,128.2,No,No,No,Yes,Female,No,34,No,8,3,11.0,7,2,10.0,0.375,0.286,10.5,9.4,-0.8,-3.12,Dropout
2611,Single,2nd phase - general contingent,Nursing,Daytime,Secondary Education,132.8,Yes,No,No,Yes,Female,No,18,No,7,6,12.385714285714286,8,8,13.755555555555556,0.857,1.0,13.07,13.9,-0.3,0.79,Graduate
2612,Single,2nd phase - general contingent,Journalism and Communication,Daytime,Secondary Education,123.1,Yes,No,No,Yes,Male,No,20,No,6,4,14.75,6,4,12.25,0.667,0.667,13.5,9.4,-0.8,-3.12,Graduate
2613,Single,1st phase - general contingent,Equinculture,Daytime,Secondary Education,125.6,Yes,No,No,Yes,Female,No,20,Yes,5,5,16.166666666666668,5,5,15.833333333333334,1.0,1.0,16.0,12.7,3.7,-1.7,Graduate
2614,Single,Over 23 years old,Management (evening attendance),Evening,Secondary Education,115.0,No,No,No,Yes,Male,No,25,No,5,0,0.0,5,0,0.0,0.0,0.0,0.0,16.2,0.3,-0.92,Dropout
2615,Single,1st phase - general contingent,Informatics Engineering,Daytime,Secondary Education,123.6,Yes,No,No,Yes,Male,No,18,No,5,5,12.4,5,3,13.0,1.0,0.6,12.7,8.9,1.4,3.51,Dropout
2616,Single,1st phase - general contingent,Equinculture,Daytime,Secondary Education,141.7,No,No,No,No,Male,No,18,No,6,5,11.6,6,4,13.0,0.833,0.667,12.3,8.9,1.4,3.51,Dropout
2617,Single,2nd phase - general contingent,Basic Education,Daytime,Secondary Education,139.0,Yes,No,No,Yes,Female,Yes,18,No,6,5,12.2,6,0,0.0,0.833,0.0,6.1,9.4,-0.8,-3.12,Dropout
2618,Single,2nd phase - general contingent,Tourism,Daytime,Secondary Education,118.0,No,No,No,Yes,Female,Yes,19,No,6,5,11.0,6,5,12.8,0.833,0.833,11.9,12.4,0.5,1.79,Graduate
2619,Single,2nd phase - general contingent,Basic Education,Daytime,Secondary Education,142.0,Yes,No,No,Yes,Female,Yes,19,No,6,6,12.333333333333334,6,5,12.4,1.0,0.833,12.37,10.8,1.4,1.74,Dropout
2620,Single,Technological specialization diploma holders,Social Service,Daytime,Secondary Education,143.4,No,No,No,Yes,Female,Yes,21,No,6,6,14.833333333333334,6,6,12.571428571428571,1.0,1.0,13.7,13.9,-0.3,0.79,Graduate
2621,Single,Transfer,Communication Design,Daytime,Secondary Education,115.9,No,No,No,Yes,Female,No,29,No,10,9,11.555555555555555,11,10,11.9,0.9,0.909,11.73,9.4,-0.8,-3.12,Enrolled
2622,Single,1st phase - general contingent,Communication Design,Daytime,Secondary Education,105.1,Yes,No,No,Yes,Female,Yes,20,No,6,6,12.0,6,6,11.833333333333334,1.0,1.0,11.92,12.4,0.5,1.79,Graduate
2623,Single,Change of institution/course,Social Service (evening attendance),Evening,Professional Higher Technical Course,138.0,Yes,No,Yes,Yes,Female,Yes,21,No,13,11,12.727272727272728,11,10,12.6,0.846,0.909,12.66,8.9,1.4,3.51,Graduate
2624,Single,Change of course,Management (evening attendance),Evening,Secondary Education,114.7,No,No,No,Yes,Female,No,34,Yes,2,2,10.5,1,1,11.0,1.0,1.0,10.75,10.8,1.4,1.74,Dropout
2625,Single,1st phase - general contingent,Journalism and Communication,Daytime,Secondary Education,130.5,Yes,No,No,Yes,Female,No,20,Yes,6,6,12.333333333333334,6,6,12.0,1.0,1.0,12.17,12.7,3.7,-1.7,Graduate
2626,Single,Over 23 years old,Management (evening attendance),Evening,Secondary Education,134.3,No,No,No,Yes,Male,No,24,No,5,0,0.0,5,1,12.0,0.0,0.2,6.0,10.8,1.4,1.74,Dropout
2627,Single,1st phase - general contingent,Nursing,Daytime,Secondary Education,137.5,No,No,No,Yes,Male,No,18,No,7,7,14.842857142857143,8,8,14.38888888888889,1.0,1.0,14.62,16.2,0.3,-0.92,Graduate
2628,Single,1st phase - general contingent,Nursing,Daytime,Secondary Education,125.3,No,No,No,Yes,Male,No,19,No,7,7,12.2,7,7,12.2,1.0,1.0,12.2,7.6,2.6,0.32,Enrolled
2629,Single,1st phase - general contingent,Management,Daytime,Secondary Education,111.3,No,No,No,Yes,Male,Yes,18,No,5,4,10.8,5,4,11.75,0.8,0.8,11.28,15.5,2.8,-4.06,Enrolled
2630,Single,Over 23 years old,Management (evening attendance),Evening,Secondary Education,144.8,No,No,No,Yes,Male,No,28,No,5,4,12.75,5,5,14.333333333333334,0.8,1.0,13.54,10.8,1.4,1.74,Enrolled
2631,Single,Over 23 years old,Management (evening attendance),Evening,Secondary Education,152.1,No,No,No,Yes,Male,No,28,No,5,2,11.0,5,1,12.0,0.4,0.2,11.5,11.1,0.6,2.02,Dropout
2632,Single,2nd phase - general contingent,Tourism,Daytime,Secondary Education,126.1,No,No,No,Yes,Male,No,20,No,6,4,10.75,6,0,0.0,0.667,0.0,5.38,7.6,2.6,0.32,Dropout
2633,Single,Change of course,Nursing,Daytime,Secondary Education,136.0,Yes,No,No,Yes,Male,No,22,No,8,8,12.55375,8,8,12.55375,1.0,1.0,12.55,9.4,-0.8,-3.12,Graduate
2634,Single,1st phase - general contingent,Nursing,Daytime,Secondary Education,124.3,Yes,No,No,Yes,Male,No,19,No,8,7,12.665714285714284,8,7,12.665714285714284,0.875,0.875,12.67,10.8,1.4,1.74,Graduate
2635,Single,1st phase - general contingent,Advertising and Marketing Management,Daytime,Secondary Education,129.9,Yes,No,No,Yes,Male,No,20,No,6,6,12.714285714285714,6,4,13.0,1.0,0.667,12.86,12.4,0.5,1.79,Enrolled
2636,Single,Over 23 years old,Oral Hygiene,Daytime,Secondary Education,136.1,No,No,No,Yes,Male,No,26,No,7,2,11.75,5,0,0.0,0.286,0.0,5.88,12.4,0.5,1.79,Dropout
2637,Single,1st phase - general contingent,Tourism,Daytime,Secondary Education,115.1,Yes,No,No,No,Male,No,21,No,6,3,11.0,6,0,0.0,0.5,0.0,5.5,9.4,-0.8,-3.12,Dropout
2638,Single,1st phase - special contingent (Madeira Island),Animation and Multimedia Design,Daytime,Secondary Education,143.6,Yes,No,No,Yes,Male,No,18,No,0,0,0.0,0,0,0.0,0,0,0.0,12.4,0.5,1.79,Graduate
2639,Single,2nd phase - general contingent,Management,Daytime,Secondary Education,115.8,Yes,No,No,Yes,Male,No,18,No,5,5,13.4,5,5,12.2,1.0,1.0,12.8,11.1,0.6,2.02,Graduate
2640,Single,1st phase - general contingent,Animation and Multimedia Design,Daytime,Secondary Education,149.0,Yes,No,No,Yes,Male,No,22,No,17,17,12.578947368421051,17,17,12.117647058823527,1.0,1.0,12.35,11.1,0.6,2.02,Graduate
2641,Married,Over 23 years old,Informatics Engineering,Daytime,Basic Education 3rd Cycle,100.0,No,No,No,Yes,Male,No,36,No,5,0,0.0,5,0,0.0,0.0,0.0,0.0,16.2,0.3,-0.92,Dropout
2642,Single,1st phase - general contingent,Journalism and Communication,Daytime,Secondary Education,133.4,Yes,No,No,Yes,Male,Yes,20,No,6,6,12.0,6,6,11.5,1.0,1.0,11.75,13.9,-0.3,0.79,Graduate
2643,Single,2nd phase - general contingent,Advertising and Marketing Management,Daytime,Secondary Education,122.8,No,No,No,Yes,Male,No,20,No,6,3,12.333333333333334,6,0,0.0,0.5,0.0,6.17,10.8,1.4,1.74,Dropout
2644,Single,Over 23 years old,Management (evening attendance),Evening,Secondary Education,151.2,No,No,No,Yes,Male,No,25,No,5,4,11.5,5,3,13.5,0.8,0.6,12.5,12.4,0.5,1.79,Dropout
2645,Single,Over 23 years old,Agronomy,Daytime,Secondary Education,137.0,No,No,No,Yes,Male,No,35,No,6,5,12.8,6,5,13.833333333333334,0.833,0.833,13.32,15.5,2.8,-4.06,Graduate
2646,Single,1st phase - general contingent,Animation and Multimedia Design,Daytime,Secondary Education,118.0,No,No,No,Yes,Male,No,22,No,0,0,0.0,0,0,0.0,0,0,0.0,11.1,0.6,2.02,Dropout
2647,Single,Change of course,Communication Design,Daytime,Secondary Education,126.4,No,No,No,Yes,Male,No,26,No,7,7,13.285714285714286,8,7,12.142857142857142,1.0,0.875,12.71,12.4,0.5,1.79,Enrolled
2648,Single,Technological specialization diploma holders,Agronomy,Daytime,Technological Specialization Course,130.0,No,No,Yes,No,Male,No,20,No,6,4,11.8,6,2,12.0,0.667,0.333,11.9,16.2,0.3,-0.92,Dropout
2649,Single,Change of course,Social Service (evening attendance),Evening,Other - 11th Year,112.5,No,No,No,Yes,Male,No,50,No,13,6,11.333333333333334,11,2,13.5,0.462,0.182,12.42,16.2,0.3,-0.92,Dropout
2650,Single,1st phase - general contingent,Nursing,Daytime,Secondary Education,118.3,No,No,No,Yes,Male,No,20,No,8,5,12.002,8,5,12.002,0.625,0.625,12.0,10.8,1.4,1.74,Dropout
2651,Single,1st phase - general contingent,Nursing,Daytime,Secondary Education,121.4,No,No,No,Yes,Male,No,20,No,7,5,13.976666666666668,8,8,13.22222222222222,0.714,1.0,13.6,12.4,0.5,1.79,Enrolled
2652,Single,Holders of other higher courses,Agronomy,Daytime,Higher Education - Degree,140.0,No,No,No,No,Male,No,35,No,6,5,15.2,6,1,11.0,0.833,0.167,13.1,15.5,2.8,-4.06,Dropout
2653,Single,1st phase - general contingent,Advertising and Marketing Management,Daytime,Secondary Education,109.0,No,No,No,Yes,Male,Yes,19,No,6,6,13.142857142857142,6,6,14.166666666666666,1.0,1.0,13.65,15.5,2.8,-4.06,Graduate
2654,Married,Over 23 years old,Management,Daytime,Secondary Education,110.0,No,No,No,Yes,Male,No,43,No,5,0,0.0,5,0,0.0,0.0,0.0,0.0,9.4,-0.8,-3.12,Dropout
2655,Single,2nd phase - general contingent,Nursing,Daytime,Secondary Education,119.8,No,No,No,Yes,Male,No,19,No,8,7,13.867142857142856,8,7,13.867142857142856,0.875,0.875,13.87,10.8,1.4,1.74,Graduate
2656,Single,Over 23 years old,Nursing,Daytime,Secondary Education,130.0,No,No,No,Yes,Male,No,25,No,8,6,12.675,8,6,12.675,0.75,0.75,12.68,12.7,3.7,-1.7,Graduate
2657,Single,1st phase - special contingent (Madeira Island),Animation and Multimedia Design,Daytime,Secondary Education,167.3,Yes,No,No,Yes,Male,No,19,No,0,0,0.0,0,0,0.0,0,0,0.0,13.9,-0.3,0.79,Graduate
2658,Single,2nd phase - general contingent,Basic Education,Daytime,Secondary Education,111.9,Yes,No,No,Yes,Male,Yes,20,No,6,6,12.0,6,6,12.5,1.0,1.0,12.25,7.6,2.6,0.32,Enrolled
2659,Single,1st phase - general contingent,Animation and Multimedia Design,Daytime,Secondary Education,136.0,Yes,No,No,Yes,Male,No,22,No,0,0,0.0,0,0,0.0,0,0,0.0,12.7,3.7,-1.7,Dropout
2660,Single,1st phase - general contingent,Tourism,Daytime,Secondary Education,124.0,No,No,No,Yes,Male,Yes,19,No,6,6,11.0,6,5,12.2,1.0,0.833,11.6,11.1,0.6,2.02,Dropout
2661,Married,Over 23 years old,Management (evening attendance),Evening,Secondary Education,132.9,No,No,No,Yes,Male,No,32,No,5,4,10.75,5,4,11.333333333333334,0.8,0.8,11.04,13.9,-0.3,0.79,Dropout
2662,Married,Over 23 years old,Journalism and Communication,Daytime,Basic Education 2nd Cycle,154.0,Yes,No,No,Yes,Male,No,57,No,6,5,14.2,6,6,14.166666666666666,0.833,1.0,14.18,9.4,-0.8,-3.12,Graduate
2663,Single,1st phase - general contingent,Nursing,Daytime,Secondary Education,115.0,No,No,No,No,Male,No,20,No,7,4,12.6,7,4,11.575,0.571,0.571,12.09,16.2,0.3,-0.92,Dropout
2664,Single,Over 23 years old,Management (evening attendance),Evening,Secondary Education,96.0,Yes,No,No,No,Male,No,38,No,5,0,0.0,5,0,0.0,0.0,0.0,0.0,8.9,1.4,3.51,Dropout
2665,Married,Over 23 years old,Management (evening attendance),Evening,Secondary Education,168.2,No,No,No,Yes,Male,No,45,No,5,5,14.0,5,5,14.166666666666666,1.0,1.0,14.08,12.4,0.5,1.79,Graduate
2666,Married,Over 23 years old,Journalism and Communication,Daytime,Secondary Education,140.0,No,No,Yes,No,Male,No,43,No,6,2,10.0,6,4,12.25,0.333,0.667,11.12,10.8,1.4,1.74,Dropout
2667,Single,2nd phase - general contingent,Communication Design,Daytime,Secondary Education,137.4,Yes,No,No,Yes,Male,No,19,No,6,6,13.833333333333334,6,6,13.125,1.0,1.0,13.48,10.8,1.4,1.74,Graduate
2668,Married,Over 23 years old,Management (evening attendance),Evening,Basic Education 3rd Cycle,150.0,No,No,No,No,Male,No,49,No,5,2,11.0,5,1,11.0,0.4,0.2,11.0,15.5,2.8,-4.06,Dropout
2669,Married,Over 23 years old,Nursing,Daytime,Basic Education 3rd Cycle,100.5,Yes,No,No,Yes,Male,No,43,No,8,7,11.635714285714286,8,7,11.635714285714286,0.875,0.875,11.64,10.8,1.4,1.74,Enrolled
2670,Single,Over 23 years old,Social Service (evening attendance),Evening,Secondary Education,148.5,No,No,No,Yes,Male,No,34,No,6,4,12.25,5,0,0.0,0.667,0.0,6.12,11.1,0.6,2.02,Dropout
2671,Single,2nd phase - general contingent,Informatics Engineering,Daytime,Secondary Education,123.3,Yes,No,Yes,Yes,Male,No,18,No,5,4,12.5,5,5,11.285714285714286,0.8,1.0,11.89,12.4,0.5,1.79,Enrolled
2672,Married,Over 23 years old,Management (evening attendance),Evening,Secondary Education,138.7,No,No,No,Yes,Male,No,43,No,5,5,13.8,5,5,13.666666666666666,1.0,1.0,13.73,10.8,1.4,1.74,Graduate
2673,Single,1st phase - general contingent,Tourism,Daytime,Secondary Education,117.2,No,No,No,Yes,Male,No,21,No,6,3,12.0,6,1,11.0,0.5,0.167,11.5,15.5,2.8,-4.06,Dropout
2674,Married,Over 23 years old,Management (evening attendance),Evening,Secondary Education,114.3,No,No,No,Yes,Male,No,40,No,5,3,11.0,5,4,12.5,0.6,0.8,11.75,7.6,2.6,0.32,Enrolled
2675,Single,2nd phase - general contingent,Advertising and Marketing Management,Daytime,Secondary Education,125.3,Yes,No,No,Yes,Male,Yes,19,No,6,4,13.75,6,6,11.555555555555555,0.667,1.0,12.65,10.8,1.4,1.74,Graduate
2676,Single,1st phase - general contingent,Tourism,Daytime,Secondary Education,97.0,No,No,No,Yes,Male,No,27,No,6,6,10.666666666666666,6,4,11.25,1.0,0.667,10.96,10.8,1.4,1.74,Enrolled
2677,Married,Transfer,Oral Hygiene,Daytime,Secondary Education,140.0,No,No,No,Yes,Male,No,43,No,7,0,0.0,8,2,13.15,0.0,0.25,6.58,16.2,0.3,-0.92,Dropout
2678,Single,Change of course,Management (evening attendance),Evening,Secondary Education,124.0,No,No,No,Yes,Male,No,31,No,5,5,13.833333333333334,5,5,15.4,1.0,1.0,14.62,9.4,-0.8,-3.12,Graduate
2679,Single,Technological specialization diploma holders,Agronomy,Daytime,Technological Specialization Course,140.0,Yes,No,Yes,Yes,Male,No,26,No,6,0,0.0,6,0,0.0,0.0,0.0,0.0,8.9,1.4,3.51,Enrolled
2680,Single,Over 23 years old,Management (evening attendance),Evening,Secondary Education,127.0,No,No,No,Yes,Male,No,34,No,5,5,15.8,5,5,16.8,1.0,1.0,16.3,8.9,1.4,3.51,Graduate
2681,Divorced,Change of course,Nursing,Daytime,Basic Education 3rd Cycle,110.0,No,No,No,Yes,Male,No,30,No,14,12,12.52608695652174,14,12,12.52608695652174,0.857,0.857,12.53,7.6,2.6,0.32,Graduate
2682,Married,Over 23 years old,Nursing,Daytime,Basic Education 3rd Cycle,170.0,No,No,No,Yes,Male,No,36,No,7,6,12.783333333333331,8,0,0.0,0.857,0.0,6.39,16.2,0.3,-0.92,Dropout
2683,Single,Holders of other higher courses,Management (evening attendance),Evening,Higher Education - Degree,120.0,No,No,Yes,No,Male,No,46,No,5,0,0.0,5,1,10.0,0.0,0.2,5.0,11.1,0.6,2.02,Dropout
2684,Single,2nd phase - general contingent,Veterinary Nursing,Daytime,Secondary Education,130.0,No,No,No,Yes,Male,No,22,No,5,3,13.0,5,3,10.666666666666666,0.6,0.6,11.83,7.6,2.6,0.32,Graduate
2685,Single,Holders of other higher courses,Agronomy,Daytime,Higher Education - Degree,130.0,No,No,No,Yes,Male,No,27,No,6,0,0.0,6,0,0.0,0.0,0.0,0.0,16.2,0.3,-0.92,Dropout
2686,Single,1st phase - general contingent,Informatics Engineering,Daytime,Secondary Education,122.5,Yes,No,No,Yes,Male,No,20,No,5,5,10.8,5,3,12.0,1.0,0.6,11.4,8.9,1.4,3.51,Enrolled
2687,Single,Change of institution/course,Management,Daytime,Secondary Education,115.7,No,No,No,Yes,Male,No,20,No,5,5,11.0,5,3,10.0,1.0,0.6,10.5,8.9,1.4,3.51,Enrolled
2688,Single,Transfer,Informatics Engineering,Daytime,Secondary Education,120.0,No,No,Yes,No,Male,No,31,No,4,0,0.0,5,0,0.0,0.0,0.0,0.0,12.7,3.7,-1.7,Dropout
2689,Single,1st phase - general contingent,Informatics Engineering,Daytime,Secondary Education,166.0,Yes,No,Yes,Yes,Male,No,20,No,5,0,0.0,5,0,0.0,0.0,0.0,0.0,9.4,-0.8,-3.12,Enrolled
2690,Single,2nd phase - general contingent,Journalism and Communication,Daytime,Secondary Education,132.8,Yes,No,No,No,Male,No,21,No,6,2,12.0,6,0,0.0,0.333,0.0,6.0,10.8,1.4,1.74,Dropout
2691,Single,2nd phase - general contingent,Management,Daytime,Secondary Education,100.0,No,No,No,Yes,Male,No,21,No,5,4,10.75,5,2,11.0,0.8,0.4,10.88,16.2,0.3,-0.92,Dropout
2692,Single,1st phase - general contingent,Management,Daytime,Secondary Education,121.8,No,No,No,Yes,Male,No,19,No,5,5,11.6,5,4,13.5,1.0,0.8,12.55,16.2,0.3,-0.92,Graduate
2693,Single,2nd phase - general contingent,Management,Daytime,Secondary Education,109.5,Yes,No,No,Yes,Male,Yes,20,No,5,5,11.8,5,4,11.6,1.0,0.8,11.7,8.9,1.4,3.51,Graduate
2694,Single,1st phase - general contingent,Agronomy,Daytime,Secondary Education,138.3,No,No,No,Yes,Male,No,18,No,6,6,16.0,6,6,15.166666666666666,1.0,1.0,15.58,12.4,0.5,1.79,Graduate
2695,Single,1st phase - general contingent,Journalism and Communication,Daytime,Secondary Education,131.6,No,No,No,Yes,Male,Yes,18,No,6,6,12.666666666666666,6,6,11.5,1.0,1.0,12.08,16.2,0.3,-0.92,Graduate
2696,Single,Over 23 years old,Nursing,Daytime,Secondary Education,125.3,No,No,Yes,Yes,Male,No,30,No,7,4,14.4,7,6,13.5,0.571,0.857,13.95,12.4,0.5,1.79,Enrolled
2697,Single,Over 23 years old,Tourism,Daytime,Basic Education 3rd Cycle,101.5,No,No,Yes,No,Male,No,34,No,6,0,0.0,6,0,0.0,0.0,0.0,0.0,15.5,2.8,-4.06,Dropout
2698,Single,2nd phase - general contingent,Advertising and Marketing Management,Daytime,Secondary Education,109.1,No,No,Yes,No,Male,No,21,No,6,4,12.25,6,4,13.4,0.667,0.667,12.82,11.1,0.6,2.02,Enrolled
2699,Single,Technological specialization diploma holders,Communication Design,Daytime,Technological Specialization Course,123.9,No,No,No,Yes,Male,No,20,No,7,5,12.6,9,8,12.75,0.714,0.889,12.68,16.2,0.3,-0.92,Dropout
2700,Single,1st phase - general contingent,Nursing,Daytime,Secondary Education,143.0,No,No,No,Yes,Male,No,18,No,8,7,13.4,8,7,13.4,0.875,0.875,13.4,12.7,3.7,-1.7,Graduate
2701,Single,1st phase - general contingent,Animation and Multimedia Design,Daytime,Secondary Education,126.3,Yes,No,Yes,Yes,Male,No,21,No,0,0,0.0,0,0,0.0,0,0,0.0,16.2,0.3,-0.92,Dropout
2702,Married,Transfer,Agronomy,Daytime,Secondary Education,113.3,No,No,No,Yes,Male,No,26,No,6,1,10.0,6,0,0.0,0.167,0.0,5.0,12.4,0.5,1.79,Dropout
2703,Single,2nd phase - general contingent,Informatics Engineering,Daytime,Secondary Education,119.9,Yes,No,Yes,Yes,Male,No,20,No,5,0,0.0,5,0,0.0,0.0,0.0,0.0,9.4,-0.8,-3.12,Dropout
2704,Single,Technological specialization diploma holders,Agronomy,Daytime,Technological Specialization Course,140.0,No,No,No,Yes,Male,No,25,No,6,3,11.25,6,4,11.2,0.5,0.667,11.22,15.5,2.8,-4.06,Dropout
2705,Single,2nd phase - general contingent,Advertising and Marketing Management,Daytime,Secondary Education,108.0,No,No,No,Yes,Male,No,19,No,5,0,0.0,5,0,0.0,0.0,0.0,0.0,7.6,2.6,0.32,Enrolled
2706,Single,Over 23 years old,Management,Daytime,Secondary Education,100.0,Yes,No,No,Yes,Male,No,24,No,5,3,10.666666666666666,5,1,14.0,0.6,0.2,12.33,9.4,-0.8,-3.12,Dropout
2707,Single,1st phase - general contingent,Equinculture,Daytime,Secondary Education,132.4,No,No,No,Yes,Male,No,20,No,5,4,11.75,5,5,13.4,0.8,1.0,12.58,7.6,2.6,0.32,Graduate
2708,Single,1st phase - general contingent,Management,Daytime,Secondary Education,137.1,No,No,No,Yes,Male,No,20,No,5,0,0.0,5,0,0.0,0.0,0.0,0.0,12.7,3.7,-1.7,Dropout
2709,Single,1st phase - special contingent (Azores Island),Communication Design,Daytime,Secondary Education,138.1,Yes,No,No,Yes,Female,No,18,No,6,6,12.666666666666666,6,6,14.125,1.0,1.0,13.4,10.8,1.4,1.74,Graduate
2710,Divorced,Over 23 years old,Oral Hygiene,Daytime,Secondary Education,130.0,No,No,No,Yes,Female,No,25,No,7,7,11.95,8,7,12.042857142857144,1.0,0.875,12.0,12.7,3.7,-1.7,Enrolled
2711,Single,2nd phase - general contingent,Tourism,Daytime,Secondary Education,109.7,Yes,No,No,Yes,Female,No,22,No,6,5,14.0,6,6,15.666666666666666,0.833,1.0,14.83,11.1,0.6,2.02,Graduate
2712,Single,Change of course,Social Service (evening attendance),Evening,Secondary Education,128.2,No,No,No,No,Female,No,41,No,6,0,0.0,6,0,0.0,0.0,0.0,0.0,9.4,-0.8,-3.12,Dropout
2713,Single,1st phase - general contingent,Management,Daytime,Secondary Education,117.8,No,No,Yes,Yes,Female,Yes,19,No,5,2,11.5,5,0,0.0,0.4,0.0,5.75,12.7,3.7,-1.7,Dropout
2714,Single,Change of course,Equinculture,Daytime,Secondary Education,150.0,Yes,No,No,Yes,Female,No,21,No,6,6,12.0,6,5,12.8,1.0,0.833,12.4,13.9,-0.3,0.79,Graduate
2715,Single,Over 23 years old,Veterinary Nursing,Daytime,Secondary Education,160.0,Yes,No,Yes,Yes,Female,No,30,No,6,6,16.428571428571427,6,6,16.666666666666668,1.0,1.0,16.55,13.9,-0.3,0.79,Dropout
2716,Single,1st phase - general contingent,Nursing,Daytime,Secondary Education,104.5,Yes,No,No,Yes,Female,Yes,21,No,7,5,13.336000000000002,8,7,13.207142857142856,0.714,0.875,13.27,11.1,0.6,2.02,Graduate
2717,Married,Over 23 years old,Oral Hygiene,Daytime,Secondary Education,112.8,No,No,No,Yes,Female,Yes,26,No,7,0,0.0,8,0,0.0,0.0,0.0,0.0,10.8,1.4,1.74,Enrolled
2718,Single,International student (bachelor),Advertising and Marketing Management,Daytime,Secondary Education,100.0,No,No,No,Yes,Female,No,21,Yes,7,7,14.666666666666666,6,6,14.0,1.0,1.0,14.33,11.1,0.6,2.02,Graduate
2719,Single,1st phase - general contingent,Nursing,Daytime,Secondary Education,132.5,Yes,No,No,Yes,Female,No,18,No,8,7,14.115714285714288,8,7,14.115714285714288,0.875,0.875,14.12,10.8,1.4,1.74,Graduate
2720,Single,1st phase - general contingent,Veterinary Nursing,Daytime,Secondary Education,123.3,Yes,No,No,Yes,Female,Yes,19,No,6,6,14.857142857142858,6,6,13.11111111111111,1.0,1.0,13.98,12.4,0.5,1.79,Graduate
2721,Single,1st phase - general contingent,Veterinary Nursing,Daytime,Secondary Education,128.9,Yes,No,No,Yes,Female,Yes,18,No,6,6,13.833333333333334,6,6,13.714285714285714,1.0,1.0,13.77,8.9,1.4,3.51,Graduate
2722,Single,2nd phase - general contingent,Management,Daytime,Secondary Education,128.3,Yes,No,No,Yes,Female,No,19,No,5,3,11.0,5,4,11.75,0.6,0.8,11.38,12.7,3.7,-1.7,Enrolled
2723,Single,Change of course,Veterinary Nursing,Daytime,Secondary Education,100.0,No,No,No,Yes,Female,No,21,No,6,4,11.75,6,3,13.666666666666666,0.667,0.5,12.71,13.9,-0.3,0.79,Enrolled
2724,Single,2nd phase - general contingent,Management,Daytime,Secondary Education,120.1,Yes,No,No,Yes,Female,Yes,18,No,5,2,10.0,5,2,12.0,0.4,0.4,11.0,13.9,-0.3,0.79,Dropout
2725,Single,Over 23 years old,Nursing,Daytime,Secondary Education,160.0,Yes,No,No,Yes,Female,Yes,24,No,8,6,12.415,8,6,12.415,0.75,0.75,12.42,10.8,1.4,1.74,Graduate
2726,Single,1st phase - general contingent,Equinculture,Daytime,Secondary Education,123.0,Yes,No,No,Yes,Female,No,21,No,5,1,11.0,5,2,10.5,0.2,0.4,10.75,12.7,3.7,-1.7,Enrolled
2727,Single,Technological specialization diploma holders,Veterinary Nursing,Daytime,Technological Specialization Course,150.0,Yes,No,No,Yes,Female,No,23,No,6,5,14.428571428571429,6,6,13.428571428571429,0.833,1.0,13.93,16.2,0.3,-0.92,Graduate
2728,Single,2nd phase - general contingent,Nursing,Daytime,Secondary Education,124.0,Yes,No,No,Yes,Female,Yes,18,No,8,7,14.312857142857142,8,7,14.312857142857142,0.875,0.875,14.31,10.8,1.4,1.74,Graduate
2729,Single,Over 23 years old,Veterinary Nursing,Daytime,Secondary Education,120.0,No,No,No,No,Female,No,26,No,6,6,15.428571428571429,6,5,14.5,1.0,0.833,14.96,11.1,0.6,2.02,Enrolled
2730,Single,1st phase - general contingent,Equinculture,Daytime,Secondary Education,120.4,Yes,No,No,Yes,Female,No,20,No,5,4,12.0,5,5,13.4,0.8,1.0,12.7,9.4,-0.8,-3.12,Graduate
2731,Single,1st phase - general contingent,Social Service,Daytime,Secondary Education,131.6,No,No,No,Yes,Female,No,18,No,6,6,13.833333333333334,6,6,13.714285714285714,1.0,1.0,13.77,11.1,0.6,2.02,Graduate
2732,Single,1st phase - general contingent,Social Service,Daytime,Secondary Education,104.2,Yes,No,No,Yes,Female,No,20,No,6,6,12.166666666666666,6,6,12.142857142857142,1.0,1.0,12.15,11.1,0.6,2.02,Graduate
2733,Single,1st phase - general contingent,Nursing,Daytime,Secondary Education,122.0,Yes,No,No,Yes,Female,No,20,No,8,7,14.014285714285714,8,7,14.014285714285714,0.875,0.875,14.01,12.7,3.7,-1.7,Enrolled
2734,Single,2nd phase - general contingent,Social Service,Daytime,Secondary Education,110.7,Yes,Yes,No,Yes,Female,No,18,No,6,2,10.333333333333334,6,3,13.333333333333334,0.333,0.5,11.83,12.7,3.7,-1.7,Enrolled
2735,Single,1st phase - general contingent,Journalism and Communication,Daytime,Secondary Education,121.7,Yes,No,No,Yes,Female,Yes,22,No,6,5,13.2,6,5,13.6,0.833,0.833,13.4,12.4,0.5,1.79,Graduate
2736,Single,1st phase - general contingent,Nursing,Daytime,Secondary Education,126.0,Yes,No,Yes,Yes,Female,No,20,No,7,6,15.4,7,6,15.4,0.857,0.857,15.4,7.6,2.6,0.32,Graduate
2737,Single,2nd phase - general contingent,Nursing,Daytime,Secondary Education,128.4,Yes,No,No,Yes,Female,Yes,19,No,7,7,13.385714285714286,8,8,15.925,1.0,1.0,14.66,13.9,-0.3,0.79,Graduate
2738,Single,1st phase - general contingent,Equinculture,Daytime,Secondary Education,134.9,Yes,No,Yes,Yes,Female,No,18,No,6,6,10.857142857142858,6,4,11.0,1.0,0.667,10.93,15.5,2.8,-4.06,Dropout
2739,Single,2nd phase - general contingent,Management,Daytime,Secondary Education,143.9,No,No,No,Yes,Female,No,18,No,5,5,11.333333333333334,5,5,12.0,1.0,1.0,11.67,13.9,-0.3,0.79,Graduate
2740,Single,1st phase - general contingent,Veterinary Nursing,Daytime,Secondary Education,145.0,Yes,No,No,Yes,Female,Yes,19,No,5,4,14.5,5,5,13.6,0.8,1.0,14.05,10.8,1.4,1.74,Graduate
2741,Single,1st phase - general contingent,Communication Design,Daytime,Secondary Education,132.0,Yes,No,No,Yes,Female,Yes,19,No,6,6,14.166666666666666,6,6,12.375,1.0,1.0,13.27,10.8,1.4,1.74,Graduate
2742,Single,2nd phase - general contingent,Social Service (evening attendance),Evening,Secondary Education,136.1,No,No,No,Yes,Female,No,24,No,6,6,12.833333333333334,6,6,12.0,1.0,1.0,12.42,7.6,2.6,0.32,Graduate
2743,Single,1st phase - general contingent,Social Service,Daytime,Secondary Education,138.9,No,No,No,Yes,Female,No,21,No,6,6,13.333333333333334,6,6,14.5,1.0,1.0,13.92,10.8,1.4,1.74,Graduate
2744,Single,1st phase - general contingent,Social Service,Daytime,Secondary Education,102.0,Yes,No,No,Yes,Female,Yes,20,No,6,6,13.666666666666666,6,6,14.571428571428571,1.0,1.0,14.12,11.1,0.6,2.02,Graduate
2745,Single,Over 23 years old,Tourism,Daytime,Secondary Education,123.0,No,No,Yes,No,Female,Yes,28,No,6,6,10.833333333333334,6,5,11.0,1.0,0.833,10.92,13.9,-0.3,0.79,Dropout
2746,Single,1st phase - general contingent,Basic Education,Daytime,Secondary Education,137.5,Yes,No,No,Yes,Female,No,21,No,6,6,13.428571428571429,6,6,13.142857142857142,1.0,1.0,13.29,7.6,2.6,0.32,Graduate
2747,Single,1st phase - general contingent,Nursing,Daytime,Secondary Education,102.2,Yes,No,Yes,Yes,Male,No,20,No,7,7,12.401428571428571,8,6,11.808333333333332,1.0,0.75,12.1,11.1,0.6,2.02,Enrolled
2748,Single,Transfer,Agronomy,Daytime,Secondary Education,105.3,No,No,No,No,Male,No,36,No,6,0,0.0,6,0,0.0,0.0,0.0,0.0,16.2,0.3,-0.92,Dropout
2749,Married,Over 23 years old,Management (evening attendance),Evening,Secondary Education,130.0,No,No,No,No,Male,No,42,No,4,0,0.0,5,0,0.0,0.0,0.0,0.0,12.7,3.7,-1.7,Dropout
2750,Married,Over 23 years old,Management (evening attendance),Evening,Secondary Education,122.5,No,No,No,Yes,Male,No,47,No,5,4,11.5,5,5,11.6,0.8,1.0,11.55,7.6,2.6,0.32,Dropout
2751,Single,Over 23 years old,Informatics Engineering,Daytime,Secondary Education,112.0,No,No,No,No,Male,No,25,No,5,0,0.0,5,0,0.0,0.0,0.0,0.0,9.4,-0.8,-3.12,Dropout
2752,Single,Over 23 years old,Advertising and Marketing Management,Daytime,Other - 11th Year,110.0,No,No,No,Yes,Male,Yes,25,No,6,6,14.142857142857142,6,6,13.5,1.0,1.0,13.82,15.5,2.8,-4.06,Graduate
2753,Married,Over 23 years old,Social Service (evening attendance),Evening,Basic Education 3rd Cycle,149.5,No,No,No,Yes,Male,No,48,No,6,0,0.0,5,0,0.0,0.0,0.0,0.0,12.4,0.5,1.79,Dropout
2754,Single,Change of course,Management (evening attendance),Evening,Secondary Education,141.0,No,No,No,Yes,Male,Yes,32,No,10,10,13.8,10,10,12.8,1.0,1.0,13.3,10.8,1.4,1.74,Graduate
2755,Single,Holders of other higher courses,Management (evening attendance),Evening,Higher Education - Degree (1st cycle),130.0,No,No,No,Yes,Male,No,38,No,10,10,13.6,10,5,13.6,1.0,0.5,13.6,8.9,1.4,3.51,Dropout
2756,Single,Holders of other higher courses,Social Service,Daytime,Higher Education - Degree (1st cycle),130.0,No,No,No,Yes,Male,No,37,No,16,15,11.733333333333333,11,9,11.88888888888889,0.938,0.818,11.81,15.5,2.8,-4.06,Graduate
2757,Single,Over 23 years old,Management,Daytime,Secondary Education,104.0,No,No,No,No,Male,No,26,No,5,1,10.0,5,1,10.0,0.2,0.2,10.0,10.8,1.4,1.74,Dropout
2758,Single,Technological specialization diploma holders,Veterinary Nursing,Daytime,Technological Specialization Course,110.0,No,No,No,Yes,Male,No,23,No,6,0,0.0,6,0,0.0,0.0,0.0,0.0,13.9,-0.3,0.79,Dropout
2759,Single,Technological specialization diploma holders,Agronomy,Daytime,Technological Specialization Course,120.0,No,No,No,Yes,Male,No,23,No,6,0,0.0,6,0,0.0,0.0,0.0,0.0,15.5,2.8,-4.06,Enrolled
2760,Single,Technological specialization diploma holders,Agronomy,Daytime,Technological Specialization Course,130.0,No,No,No,Yes,Male,No,20,No,6,4,10.8,6,4,12.0,0.667,0.667,11.4,12.4,0.5,1.79,Enrolled
2761,Single,Over 23 years old,Nursing,Daytime,Higher Education - Master's,127.0,Yes,No,No,Yes,Male,No,26,No,7,6,13.046666666666669,8,7,13.30625,0.857,0.875,13.18,11.1,0.6,2.02,Dropout
2762,Single,Change of course,Social Service (evening attendance),Evening,Secondary Education,100.0,No,No,No,Yes,Female,No,45,No,9,8,11.0,7,6,10.833333333333334,0.889,0.857,10.92,12.7,3.7,-1.7,Enrolled
2763,Single,Over 23 years old,Social Service (evening attendance),Evening,Basic Education 3rd Cycle,111.0,Yes,No,No,Yes,Female,Yes,26,No,6,3,12.333333333333334,6,3,11.666666666666666,0.5,0.5,12.0,7.6,2.6,0.32,Enrolled
2764,Single,Change of course,Social Service (evening attendance),Evening,Higher Education - Degree,130.0,No,No,No,Yes,Female,No,26,No,11,10,11.8,7,7,13.285714285714286,0.909,1.0,12.54,7.6,2.6,0.32,Graduate
2765,Single,Over 23 years old,Management (evening attendance),Evening,Secondary Education,130.1,No,No,No,Yes,Female,No,25,No,5,3,11.0,5,3,11.25,0.6,0.6,11.12,10.8,1.4,1.74,Enrolled
2766,Single,1st phase - special contingent (Madeira Island),Nursing,Daytime,Secondary Education,127.5,Yes,No,No,Yes,Female,No,18,No,8,8,13.11,8,8,13.11,1.0,1.0,13.11,9.4,-0.8,-3.12,Graduate
2767,Single,Holders of other higher courses,Nursing,Daytime,Higher Education - Degree,130.0,Yes,No,No,Yes,Female,No,27,No,8,7,14.414285714285716,8,7,14.414285714285716,0.875,0.875,14.41,12.7,3.7,-1.7,Graduate
2768,Legally Separated,2nd phase - general contingent,Social Service (evening attendance),Evening,Secondary Education,115.0,No,No,No,No,Female,No,24,No,5,0,0.0,5,0,0.0,0.0,0.0,0.0,10.8,1.4,1.74,Dropout
2769,Single,2nd phase - general contingent,Management,Daytime,Secondary Education,126.8,Yes,No,No,Yes,Female,No,20,No,5,5,12.333333333333334,5,5,12.2,1.0,1.0,12.27,15.5,2.8,-4.06,Graduate
2770,Single,1st phase - general contingent,Nursing,Daytime,Secondary Education,116.7,Yes,No,No,Yes,Female,Yes,18,No,7,0,0.0,7,1,10.0,0.0,0.143,5.0,15.5,2.8,-4.06,Dropout
2771,Single,2nd phase - general contingent,Oral Hygiene,Daytime,Secondary Education,128.5,Yes,No,No,Yes,Female,Yes,18,No,7,7,14.1,8,8,13.3125,1.0,1.0,13.71,12.7,3.7,-1.7,Graduate
2772,Single,1st phase - general contingent,Nursing,Daytime,Secondary Education,127.5,Yes,No,No,Yes,Female,No,18,No,8,8,13.045,8,8,13.045,1.0,1.0,13.04,9.4,-0.8,-3.12,Graduate
2773,Single,1st phase - general contingent,Nursing,Daytime,Secondary Education,117.5,Yes,No,No,Yes,Male,No,19,No,8,5,12.858,8,5,12.858,0.625,0.625,12.86,9.4,-0.8,-3.12,Enrolled
2774,Single,Transfer,Nursing,Daytime,Secondary Education,148.8,Yes,No,No,Yes,Female,Yes,19,No,8,8,14.2525,8,8,14.2525,1.0,1.0,14.25,9.4,-0.8,-3.12,Graduate
2775,Single,1st phase - general contingent,Nursing,Daytime,Secondary Education,120.2,No,No,No,Yes,Female,Yes,19,No,7,5,14.06,7,7,11.242857142857142,0.714,1.0,12.65,12.4,0.5,1.79,Enrolled
2776,Single,1st phase - general contingent,Nursing,Daytime,Secondary Education,127.3,Yes,No,No,Yes,Female,No,18,No,8,7,15.075714285714286,8,7,15.075714285714286,0.875,0.875,15.08,10.8,1.4,1.74,Graduate
2777,Single,2nd phase - general contingent,Animation and Multimedia Design,Daytime,Secondary Education,136.1,Yes,No,No,Yes,Female,Yes,18,No,0,0,0.0,0,0,0.0,0,0,0.0,12.7,3.7,-1.7,Enrolled
2778,Single,Change of course,Advertising and Marketing Management,Daytime,Secondary Education,122.4,Yes,No,No,Yes,Female,No,19,No,5,4,13.75,6,5,12.6,0.8,0.833,13.18,12.7,3.7,-1.7,Enrolled
2779,Single,Holders of other higher courses,Agronomy,Daytime,Higher Education - Degree,130.0,Yes,No,No,Yes,Female,No,23,No,17,17,13.15,12,12,13.214285714285714,1.0,1.0,13.18,15.5,2.8,-4.06,Graduate
2780,Single,1st phase - general contingent,Social Service,Daytime,Secondary Education,121.7,Yes,No,No,Yes,Female,Yes,21,No,6,5,12.333333333333334,6,5,11.8,0.833,0.833,12.07,13.9,-0.3,0.79,Graduate
2781,Single,1st phase - general contingent,Nursing,Daytime,Secondary Education,122.7,Yes,No,No,Yes,Female,Yes,18,No,7,7,13.778571428571428,8,8,13.122222222222222,1.0,1.0,13.45,16.2,0.3,-0.92,Graduate
2782,Single,1st phase - general contingent,Basic Education,Daytime,Secondary Education,129.2,Yes,No,Yes,No,Female,No,20,No,6,3,10.333333333333334,6,1,11.0,0.5,0.167,10.67,10.8,1.4,1.74,Dropout
2783,Single,Change of course,Journalism and Communication,Daytime,Secondary Education,105.0,Yes,No,No,Yes,Female,No,23,No,6,3,11.333333333333334,6,2,11.0,0.5,0.333,11.17,16.2,0.3,-0.92,Enrolled
2784,Single,1st phase - general contingent,Social Service,Daytime,Secondary Education,129.9,Yes,No,No,Yes,Female,No,20,No,6,5,13.2,6,6,12.666666666666666,0.833,1.0,12.93,10.8,1.4,1.74,Enrolled
2785,Single,1st phase - general contingent,Communication Design,Daytime,Secondary Education,136.3,No,No,No,Yes,Female,Yes,18,No,6,6,13.571428571428571,6,6,12.375,1.0,1.0,12.97,13.9,-0.3,0.79,Graduate
2786,Single,1st phase - general contingent,Social Service (evening attendance),Evening,Secondary Education,114.9,No,No,No,Yes,Female,No,29,No,11,11,12.75,7,7,13.428571428571429,1.0,1.0,13.09,9.4,-0.8,-3.12,Graduate
2787,Single,Over 23 years old,Journalism and Communication,Daytime,12th Year - Not Completed,102.0,Yes,No,No,Yes,Male,No,28,No,6,3,13.0,6,1,12.0,0.5,0.167,12.5,7.6,2.6,0.32,Dropout
2788,Single,1st phase - general contingent,Advertising and Marketing Management,Daytime,Secondary Education,111.3,Yes,No,No,Yes,Male,No,19,No,5,3,11.333333333333334,5,4,11.0,0.6,0.8,11.17,9.4,-0.8,-3.12,Enrolled
2789,Single,Over 23 years old,Advertising and Marketing Management,Daytime,Secondary Education,130.9,No,No,Yes,No,Male,No,24,No,6,0,0.0,6,0,0.0,0.0,0.0,0.0,10.8,1.4,1.74,Dropout
2790,Single,Over 23 years old,Animation and Multimedia Design,Daytime,Secondary Education,100.0,No,No,Yes,Yes,Male,Yes,33,No,0,0,0.0,0,0,0.0,0,0,0.0,15.5,2.8,-4.06,Dropout
2791,Single,2nd phase - general contingent,Management,Daytime,Secondary Education,112.9,Yes,No,No,No,Male,No,19,No,5,2,12.5,5,1,11.0,0.4,0.2,11.75,9.4,-0.8,-3.12,Dropout
2792,Single,1st phase - general contingent,Veterinary Nursing,Daytime,Secondary Education,112.7,No,No,No,Yes,Male,No,19,No,6,6,14.857142857142858,6,6,14.142857142857142,1.0,1.0,14.5,11.1,0.6,2.02,Graduate
2793,Divorced,Over 23 years old,Social Service (evening attendance),Evening,Secondary Education,143.0,No,No,No,Yes,Male,No,37,No,9,8,12.0,7,7,11.571428571428571,0.889,1.0,11.79,12.7,3.7,-1.7,Graduate
2794,Single,1st phase - general contingent,Animation and Multimedia Design,Daytime,Secondary Education,155.1,Yes,No,Yes,No,Male,Yes,18,No,0,0,0.0,0,0,0.0,0,0,0.0,12.7,3.7,-1.7,Graduate
2795,Divorced,Over 23 years old,Management (evening attendance),Evening,Secondary Education,127.6,No,No,No,Yes,Male,No,29,No,5,0,0.0,5,0,0.0,0.0,0.0,0.0,7.6,2.6,0.32,Enrolled
2796,Married,Over 23 years old,Nursing,Daytime,Basic Education 2nd Cycle,146.6,No,No,No,Yes,Male,No,37,No,7,7,12.828571428571427,8,8,12.6875,1.0,1.0,12.76,13.9,-0.3,0.79,Graduate
2797,Single,Over 23 years old,Nursing,Daytime,Secondary Education,141.0,No,No,No,Yes,Male,No,36,No,7,0,0.0,8,0,0.0,0.0,0.0,0.0,12.4,0.5,1.79,Dropout
2798,Single,1st phase - general contingent,Advertising and Marketing Management,Daytime,Secondary Education,120.6,Yes,No,No,Yes,Male,No,19,No,6,6,13.333333333333334,6,5,14.0,1.0,0.833,13.67,8.9,1.4,3.51,Graduate
2799,Single,Transfer,Nursing,Daytime,Secondary Education,110.0,Yes,No,No,Yes,Male,Yes,33,No,14,14,13.072857142857144,14,14,13.072857142857144,1.0,1.0,13.07,9.4,-0.8,-3.12,Graduate
2800,Single,Transfer,Informatics Engineering,Daytime,Secondary Education,108.6,No,No,No,No,Male,No,34,No,7,5,12.0,7,3,11.0,0.714,0.429,11.5,15.5,2.8,-4.06,Dropout
2801,Single,1st phase - general contingent,Tourism,Daytime,Secondary Education,134.9,Yes,No,No,Yes,Female,No,18,No,6,6,15.5,6,6,16.0,1.0,1.0,15.75,12.4,0.5,1.79,Graduate
2802,Single,Technological specialization diploma holders,Equinculture,Daytime,Technological Specialization Course,120.0,Yes,No,No,Yes,Female,No,20,No,6,0,0.0,6,0,0.0,0.0,0.0,0.0,12.4,0.5,1.79,Dropout
2803,Single,1st phase - general contingent,Journalism and Communication,Daytime,Secondary Education,141.3,No,No,No,Yes,Female,Yes,19,No,6,6,14.714285714285714,6,6,15.166666666666666,1.0,1.0,14.94,13.9,-0.3,0.79,Graduate
2804,Single,1st phase - general contingent,Veterinary Nursing,Daytime,Secondary Education,135.6,Yes,No,No,Yes,Female,No,20,No,6,6,16.714285714285715,6,6,15.333333333333334,1.0,1.0,16.02,13.9,-0.3,0.79,Graduate
2805,Single,1st phase - general contingent,Social Service,Daytime,Secondary Education,121.5,Yes,No,No,Yes,Female,Yes,19,No,6,6,10.857142857142858,6,6,11.666666666666666,1.0,1.0,11.26,12.4,0.5,1.79,Graduate
2806,Single,1st phase - general contingent,Nursing,Daytime,Secondary Education,125.0,Yes,No,No,Yes,Female,No,19,No,7,6,11.658333333333331,8,6,12.416666666666666,0.857,0.75,12.04,12.4,0.5,1.79,Graduate
2807,Single,3rd phase - general contingent,Journalism and Communication,Daytime,Secondary Education,119.1,Yes,No,No,Yes,Female,Yes,22,Yes,6,5,11.6,6,6,12.0,0.833,1.0,11.8,9.4,-0.8,-3.12,Graduate
2808,Single,1st phase - general contingent,Advertising and Marketing Management,Daytime,Secondary Education,126.6,Yes,No,No,Yes,Female,No,18,No,6,6,14.625,6,6,14.142857142857142,1.0,1.0,14.38,11.1,0.6,2.02,Enrolled
2809,Single,1st phase - general contingent,Journalism and Communication,Daytime,Secondary Education,116.7,No,No,No,Yes,Female,Yes,18,No,6,6,12.166666666666666,6,6,12.666666666666666,1.0,1.0,12.42,12.4,0.5,1.79,Graduate
2810,Single,1st phase - general contingent,Nursing,Daytime,Secondary Education,120.1,Yes,No,No,Yes,Female,No,19,No,7,4,13.375,7,6,12.116666666666667,0.571,0.857,12.75,12.4,0.5,1.79,Enrolled
2811,Single,1st phase - general contingent,Basic Education,Daytime,Secondary Education,124.9,No,No,No,Yes,Female,Yes,19,No,6,6,12.5,6,6,12.833333333333334,1.0,1.0,12.67,12.7,3.7,-1.7,Graduate
2812,Single,Over 23 years old,Nursing,Daytime,Secondary Education,114.0,Yes,No,Yes,No,Female,No,31,No,7,5,12.56,7,5,12.56,0.714,0.714,12.56,7.6,2.6,0.32,Dropout
2813,Single,2nd phase - general contingent,Nursing,Daytime,Secondary Education,131.1,Yes,No,No,Yes,Female,No,18,No,7,7,13.19,8,8,14.23125,1.0,1.0,13.71,11.1,0.6,2.02,Graduate
2814,Single,1st phase - general contingent,Social Service,Daytime,Secondary Education,129.3,No,No,Yes,Yes,Female,Yes,19,No,6,3,11.0,6,4,11.25,0.5,0.667,11.12,10.8,1.4,1.74,Graduate
2815,Single,1st phase - general contingent,Animation and Multimedia Design,Daytime,Secondary Education,129.7,Yes,No,No,Yes,Female,No,18,No,0,0,0.0,0,0,0.0,0,0,0.0,13.9,-0.3,0.79,Graduate
2816,Single,2nd phase - general contingent,Social Service,Daytime,Secondary Education,120.8,No,No,No,Yes,Female,Yes,19,No,6,5,11.6,6,6,11.714285714285714,0.833,1.0,11.66,15.5,2.8,-4.06,Graduate
2817,Single,1st phase - general contingent,Nursing,Daytime,Secondary Education,135.0,No,No,No,Yes,Female,No,19,No,7,6,14.266666666666666,7,6,14.266666666666666,0.857,0.857,14.27,7.6,2.6,0.32,Graduate
2818,Single,1st phase - general contingent,Management,Daytime,Secondary Education,117.8,No,No,No,Yes,Female,Yes,19,No,5,4,11.0,5,4,13.857142857142858,0.8,0.8,12.43,10.8,1.4,1.74,Enrolled
2819,Married,Holders of other higher courses,Social Service (evening attendance),Evening,Higher Education - Degree,130.0,No,No,No,Yes,Female,No,30,No,10,9,12.666666666666666,7,7,12.428571428571429,0.9,1.0,12.55,7.6,2.6,0.32,Graduate
2820,Single,Change of course,Journalism and Communication,Daytime,Secondary Education,117.6,Yes,No,No,Yes,Female,No,18,No,6,0,0.0,6,3,11.0,0.0,0.5,5.5,16.2,0.3,-0.92,Enrolled
2821,Single,3rd phase - general contingent,Nursing,Daytime,Secondary Education,130.8,Yes,No,No,Yes,Female,No,18,No,8,7,12.771428571428572,8,7,12.771428571428572,0.875,0.875,12.77,12.7,3.7,-1.7,Graduate
2822,Single,3rd phase - general contingent,Veterinary Nursing,Daytime,Secondary Education,111.9,Yes,No,No,Yes,Female,No,21,No,5,0,0.0,5,0,0.0,0.0,0.0,0.0,12.7,3.7,-1.7,Dropout
2823,Single,Technological specialization diploma holders,Social Service,Daytime,Secondary Education,145.9,No,No,No,Yes,Female,Yes,19,No,6,6,15.5,6,6,13.571428571428571,1.0,1.0,14.54,13.9,-0.3,0.79,Graduate
2824,Single,2nd phase - general contingent,Advertising and Marketing Management,Daytime,Secondary Education,109.1,Yes,No,No,Yes,Female,Yes,19,No,6,6,13.285714285714286,6,5,14.6,1.0,0.833,13.94,12.4,0.5,1.79,Enrolled
2825,Single,1st phase - general contingent,Nursing,Daytime,Secondary Education,120.3,Yes,No,No,Yes,Female,No,19,No,7,5,11.716666666666669,7,5,13.7,0.714,0.714,12.71,13.9,-0.3,0.79,Enrolled
2826,Single,2nd phase - general contingent,Equinculture,Daytime,Secondary Education,113.5,Yes,No,No,Yes,Female,No,19,No,6,6,11.333333333333334,6,4,13.75,1.0,0.667,12.54,8.9,1.4,3.51,Dropout
2827,Single,1st phase - general contingent,Advertising and Marketing Management,Daytime,Secondary Education,135.4,Yes,No,No,Yes,Female,Yes,19,No,6,6,13.333333333333334,6,5,13.4,1.0,0.833,13.37,8.9,1.4,3.51,Graduate
2828,Married,Over 23 years old,Management (evening attendance),Evening,Secondary Education,130.2,No,No,No,Yes,Female,Yes,39,No,5,4,12.333333333333334,5,2,10.0,0.8,0.4,11.17,16.2,0.3,-0.92,Graduate
2829,Single,1st phase - general contingent,Communication Design,Daytime,Secondary Education,136.4,Yes,No,No,Yes,Female,No,18,No,6,6,12.333333333333334,6,6,12.833333333333334,1.0,1.0,12.58,7.6,2.6,0.32,Enrolled
2830,Single,2nd phase - general contingent,Animation and Multimedia Design,Daytime,Secondary Education,126.9,Yes,No,No,Yes,Female,No,20,No,0,0,0.0,0,0,0.0,0,0,0.0,12.7,3.7,-1.7,Dropout
2831,Single,2nd phase - general contingent,Management,Daytime,Secondary Education,119.8,Yes,No,No,Yes,Female,No,19,No,5,5,12.6,5,4,11.6,1.0,0.8,12.1,8.9,1.4,3.51,Graduate
2832,Single,2nd phase - general contingent,Management,Daytime,Secondary Education,124.4,Yes,No,No,Yes,Female,No,18,No,5,5,12.6,5,4,11.0,1.0,0.8,11.8,11.1,0.6,2.02,Enrolled
2833,Married,Over 23 years old,Agronomy,Daytime,Secondary Education,120.0,No,No,Yes,No,Female,No,34,No,6,6,14.333333333333334,6,6,12.833333333333334,1.0,1.0,13.58,11.1,0.6,2.02,Enrolled
2834,Single,1st phase - general contingent,Advertising and Marketing Management,Daytime,Secondary Education,111.8,No,No,No,Yes,Female,No,22,No,5,3,12.0,5,2,11.0,0.6,0.4,11.5,7.6,2.6,0.32,Enrolled
2835,Single,Over 23 years old,Veterinary Nursing,Daytime,Secondary Education,130.0,Yes,No,No,Yes,Female,No,24,No,6,6,14.857142857142858,6,5,13.6,1.0,0.833,14.23,13.9,-0.3,0.79,Graduate
2836,Married,Change of course,Management,Daytime,Secondary Education,138.0,No,No,No,Yes,Female,No,34,No,15,12,11.916666666666666,13,11,13.181818181818182,0.8,0.846,12.55,7.6,2.6,0.32,Graduate
2837,Married,Over 23 years old,Management (evening attendance),Evening,Secondary Education,114.6,Yes,No,No,Yes,Female,No,46,No,5,0,0.0,5,0,0.0,0.0,0.0,0.0,7.6,2.6,0.32,Dropout
2838,Married,Over 23 years old,Management,Daytime,Secondary Education,108.0,No,No,No,Yes,Female,No,50,No,5,3,13.333333333333334,5,5,12.2,0.6,1.0,12.77,9.4,-0.8,-3.12,Enrolled
2839,Single,Over 23 years old,Management (evening attendance),Evening,Secondary Education,140.0,No,No,No,No,Female,No,37,No,5,0,0.0,5,0,0.0,0.0,0.0,0.0,15.5,2.8,-4.06,Dropout
2840,Single,1st phase - general contingent,Veterinary Nursing,Daytime,Secondary Education,134.7,Yes,No,No,Yes,Female,No,18,No,6,6,17.0,6,6,15.5,1.0,1.0,16.25,8.9,1.4,3.51,Graduate
2841,Single,Over 23 years old,Veterinary Nursing,Daytime,Secondary Education,110.0,No,No,No,Yes,Female,Yes,25,No,6,3,11.666666666666666,6,2,11.333333333333334,0.5,0.333,11.5,11.1,0.6,2.02,Enrolled
2842,Married,Over 23 years old,Agronomy,Daytime,Secondary Education,104.8,No,No,No,Yes,Female,No,46,No,19,19,12.210526315789474,13,13,11.384615384615383,1.0,1.0,11.8,15.5,2.8,-4.06,Graduate
2843,Married,Over 23 years old,Communication Design,Daytime,Secondary Education,126.5,No,No,No,Yes,Female,Yes,30,No,6,6,13.0,6,5,12.857142857142858,1.0,0.833,12.93,13.9,-0.3,0.79,Graduate
2844,Divorced,1st phase - general contingent,Management (evening attendance),Evening,Secondary Education,118.1,No,No,Yes,No,Female,No,37,No,5,0,0.0,5,0,0.0,0.0,0.0,0.0,12.7,3.7,-1.7,Dropout
2845,Married,Over 23 years old,Management (evening attendance),Evening,Secondary Education,119.9,No,No,No,Yes,Female,No,50,No,5,2,10.5,5,3,11.0,0.4,0.6,10.75,12.7,3.7,-1.7,Enrolled
2846,Single,Technological specialization diploma holders,Agronomy,Daytime,Technological Specialization Course,160.0,Yes,No,No,Yes,Female,No,20,No,6,6,13.571428571428571,6,6,12.714285714285714,1.0,1.0,13.14,12.4,0.5,1.79,Graduate
2847,Married,Over 23 years old,Oral Hygiene,Daytime,Other - 11th Year,100.5,No,No,No,Yes,Female,No,39,No,3,1,14.0,2,0,0.0,0.333,0.0,7.0,11.1,0.6,2.02,Dropout
2848,Married,Over 23 years old,Journalism and Communication,Daytime,Basic Education 3rd Cycle,110.0,No,No,No,No,Female,No,53,No,5,0,0.0,4,0,0.0,0.0,0.0,0.0,15.5,2.8,-4.06,Dropout
2849,Married,Transfer,Management,Daytime,Secondary Education,100.0,Yes,No,No,Yes,Female,No,54,No,15,13,12.461538461538462,13,10,11.1,0.867,0.769,11.78,15.5,2.8,-4.06,Dropout
2850,Single,Technological specialization diploma holders,Veterinary Nursing,Daytime,Technological Specialization Course,140.0,Yes,No,No,Yes,Female,No,19,No,6,4,14.4,6,5,13.0,0.667,0.833,13.7,13.9,-0.3,0.79,Graduate
2851,Single,3rd phase - general contingent,Journalism and Communication,Daytime,Secondary Education,109.0,Yes,No,No,No,Female,No,20,No,6,0,0.0,6,0,0.0,0.0,0.0,0.0,8.9,1.4,3.51,Dropout
2852,Single,1st phase - general contingent,Journalism and Communication,Daytime,Secondary Education,120.9,Yes,No,Yes,Yes,Female,No,18,No,6,6,14.333333333333334,6,6,14.166666666666666,1.0,1.0,14.25,8.9,1.4,3.51,Graduate
2853,Single,Short cycle diploma holders,Agronomy,Daytime,Professional Higher Technical Course,125.8,No,No,Yes,Yes,Female,No,21,No,13,11,11.909090909090908,11,11,10.727272727272728,0.846,1.0,11.32,8.9,1.4,3.51,Graduate
2854,Single,3rd phase - general contingent,Communication Design,Daytime,Secondary Education,161.2,Yes,No,No,Yes,Female,No,18,No,6,6,13.714285714285714,6,6,14.375,1.0,1.0,14.04,13.9,-0.3,0.79,Graduate
2855,Single,1st phase - general contingent,Nursing,Daytime,Secondary Education,122.0,Yes,No,Yes,Yes,Female,No,19,No,7,0,0.0,8,0,0.0,0.0,0.0,0.0,11.1,0.6,2.02,Dropout
2856,Single,2nd phase - general contingent,Nursing,Daytime,Secondary Education,127.9,Yes,No,No,Yes,Female,Yes,18,No,7,5,13.46,7,7,12.2375,0.714,1.0,12.85,11.1,0.6,2.02,Dropout
2857,Single,1st phase - general contingent,Journalism and Communication,Daytime,Secondary Education,135.8,Yes,No,No,Yes,Female,No,19,No,6,6,15.0,6,6,13.333333333333334,1.0,1.0,14.17,11.1,0.6,2.02,Graduate
2858,Single,1st phase - general contingent,Animation and Multimedia Design,Daytime,Secondary Education,149.7,Yes,No,No,Yes,Female,Yes,18,No,0,0,0.0,0,0,0.0,0,0,0.0,13.9,-0.3,0.79,Dropout
2859,Single,1st phase - general contingent,Advertising and Marketing Management,Daytime,Secondary Education,137.3,Yes,No,No,Yes,Female,No,19,No,6,5,13.4,6,5,12.8,0.833,0.833,13.1,12.7,3.7,-1.7,Graduate
2860,Divorced,Change of course,Social Service (evening attendance),Evening,Other - 11th Year,106.0,Yes,No,No,Yes,Female,No,48,No,6,5,13.0,6,4,12.5,0.833,0.667,12.75,7.6,2.6,0.32,Enrolled
2861,Divorced,Change of course,Social Service,Daytime,Secondary Education,110.0,No,No,Yes,Yes,Female,No,34,No,6,4,11.25,6,4,13.75,0.667,0.667,12.5,13.9,-0.3,0.79,Graduate
2862,Single,1st phase - general contingent,Veterinary Nursing,Daytime,Secondary Education,146.4,No,No,No,Yes,Female,No,18,No,5,5,12.6,5,5,11.6,1.0,1.0,12.1,7.6,2.6,0.32,Graduate
2863,Married,Over 23 years old,Social Service (evening attendance),Evening,Secondary Education,121.0,No,No,No,Yes,Female,No,50,No,6,6,12.666666666666666,6,6,11.833333333333334,1.0,1.0,12.25,10.8,1.4,1.74,Graduate
2864,Single,Change of course,Basic Education,Daytime,Secondary Education,125.2,No,No,Yes,Yes,Female,No,41,No,21,21,12.333333333333334,19,19,12.105263157894736,1.0,1.0,12.22,12.4,0.5,1.79,Graduate
2865,Single,2nd phase - general contingent,Journalism and Communication,Daytime,Secondary Education,119.6,Yes,No,No,Yes,Female,Yes,22,No,6,5,12.0,6,5,11.0,0.833,0.833,11.5,7.6,2.6,0.32,Dropout
2866,Divorced,Over 23 years old,Management,Daytime,Secondary Education,142.8,No,No,No,Yes,Female,No,43,No,5,5,16.4,5,5,16.6,1.0,1.0,16.5,7.6,2.6,0.32,Graduate
2867,Married,Over 23 years old,Social Service (evening attendance),Evening,Basic Education 3rd Cycle,123.5,No,No,No,Yes,Female,No,50,No,1,0,0.0,6,0,0.0,0.0,0.0,0.0,10.8,1.4,1.74,Dropout
2868,Single,Over 23 years old,Agronomy,Daytime,Basic Education 3rd Cycle,100.0,No,No,No,Yes,Female,No,60,No,6,6,12.75,6,4,14.75,1.0,0.667,13.75,13.9,-0.3,0.79,Graduate
2869,Married,Over 23 years old,Management,Daytime,Secondary Education,140.0,No,No,No,Yes,Female,No,41,No,5,4,14.5,5,5,13.0,0.8,1.0,13.75,9.4,-0.8,-3.12,Enrolled
2870,Married,Over 23 years old,Management (evening attendance),Evening,Basic Education 3rd Cycle,150.3,No,No,No,Yes,Female,No,47,No,5,5,14.8,5,5,14.4,1.0,1.0,14.6,7.6,2.6,0.32,Graduate
2871,Single,1st phase - general contingent,Animation and Multimedia Design,Daytime,Higher Education - Degree,128.2,No,No,No,Yes,Female,No,22,No,17,17,10.36842105263158,17,17,11.5,1.0,1.0,10.93,11.1,0.6,2.02,Graduate
2872,Married,Over 23 years old,Nursing,Daytime,Secondary Education,114.3,No,No,No,Yes,Female,No,41,No,7,0,0.0,8,0,0.0,0.0,0.0,0.0,10.8,1.4,1.74,Dropout
2873,Married,Change of course,Management (evening attendance),Evening,Secondary Education,117.3,No,No,No,Yes,Female,No,28,No,10,6,10.666666666666666,10,9,11.333333333333334,0.6,0.9,11.0,7.6,2.6,0.32,Enrolled
2874,Facto Union,Transfer,Tourism,Daytime,Higher Education - Bachelor's,120.0,No,No,No,Yes,Female,No,32,No,15,13,12.692307692307692,15,13,12.384615384615383,0.867,0.867,12.54,10.8,1.4,1.74,Graduate
2875,Married,Over 23 years old,Management (evening attendance),Evening,Other - 11th Year,110.7,Yes,No,No,Yes,Female,No,50,No,5,0,0.0,5,0,0.0,0.0,0.0,0.0,7.6,2.6,0.32,Dropout
2876,Single,Change of institution/course,Management,Daytime,Secondary Education,118.0,No,No,No,Yes,Female,No,53,No,15,15,11.8,13,12,11.666666666666666,1.0,0.923,11.73,8.9,1.4,3.51,Enrolled
2877,Single,Over 23 years old,Oral Hygiene,Daytime,Secondary Education,169.2,No,No,Yes,No,Female,No,54,Yes,7,0,0.0,5,0,0.0,0.0,0.0,0.0,12.4,0.5,1.79,Dropout
2878,Single,Over 23 years old,Social Service (evening attendance),Evening,Secondary Education,106.8,No,No,No,Yes,Female,No,49,No,6,5,12.333333333333334,6,4,11.5,0.833,0.667,11.92,13.9,-0.3,0.79,Enrolled
2879,Married,Transfer,Basic Education,Daytime,Secondary Education,100.0,No,No,No,Yes,Female,No,34,No,12,11,13.0,13,8,11.875,0.917,0.615,12.44,12.7,3.7,-1.7,Dropout
2880,Divorced,Over 23 years old,Social Service (evening attendance),Evening,Secondary Education,144.5,No,No,No,Yes,Female,No,45,No,6,4,12.5,6,3,11.666666666666666,0.667,0.5,12.08,16.2,0.3,-0.92,Dropout
2881,Divorced,Over 23 years old,Social Service (evening attendance),Evening,Basic Education 3rd Cycle,134.5,No,No,No,Yes,Female,Yes,47,No,6,5,12.2,6,4,11.25,0.833,0.667,11.72,12.4,0.5,1.79,Graduate
2882,Single,Change of course,Social Service,Daytime,Secondary Education,114.3,Yes,No,No,Yes,Female,No,22,No,10,8,11.0,7,5,11.2,0.8,0.714,11.1,9.4,-0.8,-3.12,Enrolled
2883,Married,Over 23 years old,Management (evening attendance),Evening,Secondary Education,113.4,No,No,No,Yes,Female,No,33,No,5,1,10.0,5,2,12.0,0.2,0.4,11.0,12.4,0.5,1.79,Dropout
2884,Married,Over 23 years old,Social Service (evening attendance),Evening,Secondary Education,128.0,No,No,No,Yes,Female,Yes,43,No,6,6,12.333333333333334,6,6,11.5,1.0,1.0,11.92,8.9,1.4,3.51,Graduate
2885,Single,Holders of other higher courses,Agronomy,Daytime,Higher Education - Degree,120.0,No,No,No,Yes,Female,No,54,No,13,13,14.307692307692308,12,12,15.23076923076923,1.0,1.0,14.77,15.5,2.8,-4.06,Graduate
2886,Single,Over 23 years old,Social Service (evening attendance),Evening,Higher Education - Bachelor's,147.5,No,No,No,Yes,Female,No,39,No,11,11,14.454545454545457,8,8,13.5,1.0,1.0,13.98,12.7,3.7,-1.7,Graduate
2887,Married,Over 23 years old,Management (evening attendance),Evening,Secondary Education,120.7,No,No,No,Yes,Female,No,39,No,5,5,11.0,5,5,13.2,1.0,1.0,12.1,7.6,2.6,0.32,Graduate
2888,Single,1st phase - general contingent,Basic Education,Daytime,Secondary Education,153.7,No,No,No,Yes,Female,Yes,18,No,6,6,13.142857142857142,6,6,12.833333333333334,1.0,1.0,12.99,15.5,2.8,-4.06,Graduate
2889,Single,2nd phase - general contingent,Social Service,Daytime,Secondary Education,121.9,No,No,No,Yes,Female,Yes,19,No,6,6,13.75,6,6,11.857142857142858,1.0,1.0,12.8,16.2,0.3,-0.92,Graduate
2890,Single,2nd phase - general contingent,Advertising and Marketing Management,Daytime,Secondary Education,119.4,Yes,No,No,Yes,Female,Yes,18,No,6,6,14.0,6,5,13.8,1.0,0.833,13.9,8.9,1.4,3.51,Graduate
2891,Married,Over 23 years old,Social Service (evening attendance),Evening,Other - 11th Year,157.8,No,No,No,Yes,Female,No,44,No,8,8,13.75,6,6,12.5,1.0,1.0,13.12,7.6,2.6,0.32,Graduate
2892,Single,Over 23 years old,Management (evening attendance),Evening,Secondary Education,154.0,No,No,No,Yes,Female,No,27,No,5,0,0.0,5,0,0.0,0.0,0.0,0.0,12.4,0.5,1.79,Dropout
2893,Single,1st phase - general contingent,Advertising and Marketing Management,Daytime,Secondary Education,135.9,Yes,No,No,Yes,Female,Yes,18,No,6,6,13.166666666666666,6,6,12.428571428571429,1.0,1.0,12.8,8.9,1.4,3.51,Graduate
2894,Married,Change of course,Social Service (evening attendance),Evening,Secondary Education,130.0,No,No,No,Yes,Female,No,45,No,12,9,12.444444444444445,7,6,12.0,0.75,0.857,12.22,9.4,-0.8,-3.12,Dropout
2895,Single,2nd phase - general contingent,Basic Education,Daytime,Secondary Education,118.9,Yes,No,No,Yes,Female,No,20,No,6,6,12.666666666666666,6,5,13.0,1.0,0.833,12.83,7.6,2.6,0.32,Graduate
2896,Married,1st phase - general contingent,Social Service (evening attendance),Evening,Secondary Education,152.4,No,No,No,Yes,Female,No,40,No,6,6,11.333333333333334,6,6,10.5,1.0,1.0,10.92,10.8,1.4,1.74,Graduate
2897,Single,Over 23 years old,Management (evening attendance),Evening,Secondary Education,147.8,No,No,No,Yes,Female,No,40,No,5,4,11.25,5,5,12.0,0.8,1.0,11.62,13.9,-0.3,0.79,Enrolled
2898,Single,Change of course,Nursing,Daytime,Secondary Education,100.0,No,No,No,Yes,Female,No,18,No,7,7,13.6125,8,8,14.575,1.0,1.0,14.09,13.9,-0.3,0.79,Graduate
2899,Single,3rd phase - general contingent,Nursing,Daytime,Secondary Education,129.0,Yes,No,No,Yes,Female,No,21,No,8,7,12.414285714285716,8,7,12.414285714285716,0.875,0.875,12.41,12.7,3.7,-1.7,Graduate
2900,Single,2nd phase - general contingent,Animation and Multimedia Design,Daytime,Secondary Education,148.9,Yes,No,No,Yes,Female,No,20,No,0,0,0.0,0,0,0.0,0,0,0.0,9.4,-0.8,-3.12,Graduate
2901,Married,Change of course,Management (evening attendance),Evening,Higher Education - Bachelor's,120.0,No,No,No,Yes,Female,No,36,No,12,11,11.5,12,12,11.4375,0.917,1.0,11.47,9.4,-0.8,-3.12,Enrolled
2902,Married,Holders of other higher courses,Social Service (evening attendance),Evening,Higher Education - Degree,170.0,No,No,No,Yes,Female,No,27,No,5,0,0.0,6,0,0.0,0.0,0.0,0.0,9.4,-0.8,-3.12,Dropout
2903,Married,Over 23 years old,Oral Hygiene,Daytime,Secondary Education,130.0,No,No,No,Yes,Female,No,32,Yes,7,7,11.0,8,8,13.125,1.0,1.0,12.06,12.7,3.7,-1.7,Graduate
2904,Single,2nd phase - general contingent,Social Service,Daytime,Secondary Education,119.2,Yes,No,No,Yes,Female,Yes,18,No,6,6,14.0,6,6,13.5,1.0,1.0,13.75,8.9,1.4,3.51,Graduate
2905,Single,Over 23 years old,Social Service (evening attendance),Evening,Secondary Education,129.0,No,No,No,Yes,Female,No,37,No,6,4,12.0,6,3,12.0,0.667,0.5,12.0,16.2,0.3,-0.92,Dropout
2906,Single,2nd phase - general contingent,Journalism and Communication,Daytime,Secondary Education,132.5,Yes,No,No,Yes,Female,No,19,No,6,6,12.5,6,6,12.5,1.0,1.0,12.5,10.8,1.4,1.74,Graduate
2907,Divorced,Over 23 years old,Social Service (evening attendance),Evening,Secondary Education,115.0,No,No,No,Yes,Female,Yes,41,No,6,6,11.333333333333334,6,6,11.333333333333334,1.0,1.0,11.33,10.8,1.4,1.74,Graduate
2908,Married,1st phase - general contingent,Nursing,Daytime,Secondary Education,128.0,No,No,No,Yes,Female,Yes,18,No,7,6,14.066666666666668,7,6,14.066666666666668,0.857,0.857,14.07,7.6,2.6,0.32,Graduate
2909,Single,Change of course,Veterinary Nursing,Daytime,Secondary Education,125.1,No,No,No,Yes,Female,No,21,No,9,8,13.555555555555555,7,7,13.571428571428571,0.889,1.0,13.56,7.6,2.6,0.32,Graduate
2910,Single,Technological specialization diploma holders,Agronomy,Daytime,Secondary Education,140.0,Yes,No,Yes,No,Female,No,23,No,6,5,11.6,6,4,12.25,0.833,0.667,11.92,12.4,0.5,1.79,Dropout
2911,Single,2nd phase - general contingent,Journalism and Communication,Daytime,Secondary Education,120.9,Yes,No,No,Yes,Female,No,18,No,6,0,0.0,6,0,0.0,0.0,0.0,0.0,13.9,-0.3,0.79,Dropout
2912,Single,1st phase - general contingent,Nursing,Daytime,Secondary Education,135.3,Yes,No,No,Yes,Female,No,18,No,8,8,13.27625,8,8,13.27625,1.0,1.0,13.28,9.4,-0.8,-3.12,Graduate
2913,Single,Change of course,Veterinary Nursing,Daytime,Secondary Education,125.2,No,No,No,Yes,Female,No,21,No,6,0,0.0,6,0,0.0,0.0,0.0,0.0,7.6,2.6,0.32,Dropout
2914,Single,1st phase - general contingent,Social Service,Daytime,Secondary Education,135.7,Yes,No,No,Yes,Female,No,19,No,6,6,14.375,6,6,14.75,1.0,1.0,14.56,7.6,2.6,0.32,Graduate
2915,Legally Separated,Over 23 years old,Management,Daytime,Secondary Education,110.0,No,No,No,Yes,Female,No,47,No,5,0,0.0,5,0,0.0,0.0,0.0,0.0,9.4,-0.8,-3.12,Dropout
2916,Legally Separated,Over 23 years old,Social Service (evening attendance),Evening,Secondary Education,119.0,No,No,No,Yes,Female,Yes,48,No,6,6,10.666666666666666,6,5,11.8,1.0,0.833,11.23,10.8,1.4,1.74,Enrolled
2917,Married,Holders of other higher courses,Social Service (evening attendance),Evening,Higher Education - Degree,110.0,No,No,No,Yes,Female,No,39,No,13,12,13.416666666666666,10,10,14.5,0.923,1.0,13.96,16.2,0.3,-0.92,Graduate
2918,Single,1st phase - general contingent,Nursing,Daytime,Secondary Education,115.2,Yes,No,No,Yes,Female,No,19,No,7,6,12.97166666666667,8,7,12.321428571428571,0.857,0.875,12.65,11.1,0.6,2.02,Graduate
2919,Single,Change of course,Management (evening attendance),Evening,Higher Education - Bachelor's,112.9,No,No,No,Yes,Female,No,38,No,15,14,10.928571428571429,14,12,11.833333333333334,0.933,0.857,11.38,9.4,-0.8,-3.12,Dropout
2920,Facto Union,Over 23 years old,Agronomy,Daytime,Basic Education 3rd Cycle,119.4,No,No,Yes,No,Female,No,27,No,6,0,0.0,6,0,0.0,0.0,0.0,0.0,8.9,1.4,3.51,Dropout
2921,Single,1st phase - general contingent,Animation and Multimedia Design,Daytime,Secondary Education,152.9,Yes,No,No,Yes,Female,Yes,18,No,0,0,0.0,0,0,0.0,0,0,0.0,12.4,0.5,1.79,Graduate
2922,Single,Over 23 years old,Social Service (evening attendance),Evening,Secondary Education,117.5,No,No,No,Yes,Female,No,34,No,6,4,13.25,6,0,0.0,0.667,0.0,6.62,12.7,3.7,-1.7,Enrolled
2923,Married,Over 23 years old,Social Service,Daytime,Basic Education 3rd Cycle,98.5,No,No,No,Yes,Female,No,48,No,6,6,11.333333333333334,6,5,12.4,1.0,0.833,11.87,15.5,2.8,-4.06,Dropout
2924,Single,Over 23 years old,Advertising and Marketing Management,Daytime,Secondary Education,108.0,No,No,No,Yes,Female,No,25,No,5,1,11.0,5,0,0.0,0.2,0.0,5.5,7.6,2.6,0.32,Dropout
2925,Married,Over 23 years old,Nursing,Daytime,Secondary Education,120.0,No,No,No,Yes,Female,Yes,32,No,8,7,12.757142857142856,8,7,12.757142857142856,0.875,0.875,12.76,12.7,3.7,-1.7,Graduate
2926,Single,1st phase - general contingent,Journalism and Communication,Daytime,Secondary Education,150.2,No,No,No,Yes,Female,Yes,18,No,6,6,14.5,6,6,14.666666666666666,1.0,1.0,14.58,16.2,0.3,-0.92,Graduate
2927,Single,Technological specialization diploma holders,Social Service (evening attendance),Evening,Technological Specialization Course,139.2,No,No,Yes,Yes,Female,No,20,No,6,6,13.833333333333334,6,6,14.571428571428571,1.0,1.0,14.2,12.4,0.5,1.79,Graduate
2928,Single,1st phase - general contingent,Management,Daytime,Secondary Education,130.0,Yes,No,No,Yes,Female,No,20,No,5,4,11.25,5,5,10.4,0.8,1.0,10.82,7.6,2.6,0.32,Graduate
2929,Single,1st phase - general contingent,Animation and Multimedia Design,Daytime,Secondary Education,115.7,Yes,No,No,Yes,Female,No,20,No,0,0,0.0,0,0,0.0,0,0,0.0,9.4,-0.8,-3.12,Dropout
2930,Single,1st phase - general contingent,Nursing,Daytime,Secondary Education,127.0,Yes,No,No,Yes,Female,No,19,No,8,1,13.67,8,1,13.67,0.125,0.125,13.67,9.4,-0.8,-3.12,Enrolled
2931,Single,Over 23 years old,Management (evening attendance),Evening,12th Year - Not Completed,118.1,Yes,No,No,Yes,Female,No,39,No,5,0,0.0,5,2,12.5,0.0,0.4,6.25,7.6,2.6,0.32,Dropout
2932,Single,1st phase - general contingent,Equinculture,Daytime,Secondary Education,119.1,Yes,No,Yes,Yes,Female,No,29,No,5,1,13.0,5,0,0.0,0.2,0.0,6.5,10.8,1.4,1.74,Dropout
2933,Single,Over 23 years old,Management (evening attendance),Evening,Secondary Education,111.9,No,No,Yes,Yes,Female,No,36,No,5,0,0.0,5,0,0.0,0.0,0.0,0.0,12.7,3.7,-1.7,Dropout
2934,Single,1st phase - general contingent,Nursing,Daytime,Secondary Education,130.5,Yes,No,No,Yes,Female,No,18,No,8,7,11.971428571428572,8,7,11.971428571428572,0.875,0.875,11.97,12.7,3.7,-1.7,Graduate
2935,Married,Over 23 years old,Social Service (evening attendance),Evening,Other - 11th Year,135.0,No,No,No,Yes,Female,No,51,No,6,0,0.0,6,0,0.0,0.0,0.0,0.0,7.6,2.6,0.32,Dropout
2936,Single,Change of course,Journalism and Communication,Daytime,Secondary Education,130.0,No,No,Yes,Yes,Female,No,23,Yes,6,1,16.0,6,4,12.25,0.167,0.667,14.12,7.6,2.6,0.32,Dropout
2937,Single,Technological specialization diploma holders,Veterinary Nursing,Daytime,Secondary Education,150.0,Yes,No,No,Yes,Female,No,21,No,6,0,0.0,6,0,0.0,0.0,0.0,0.0,10.8,1.4,1.74,Dropout
2938,Single,Change of course,Basic Education,Daytime,Secondary Education,150.2,Yes,No,No,No,Female,No,28,No,6,4,12.75,5,0,0.0,0.667,0.0,6.38,9.4,-0.8,-3.12,Dropout
2939,Married,Over 23 years old,Management (evening attendance),Evening,Secondary Education,127.1,No,No,No,Yes,Female,No,34,No,5,4,11.0,5,4,10.75,0.8,0.8,10.88,7.6,2.6,0.32,Enrolled
2940,Single,Over 23 years old,Social Service (evening attendance),Evening,Secondary Education,107.5,No,No,No,Yes,Female,No,41,No,2,0,0.0,6,0,0.0,0.0,0.0,0.0,12.7,3.7,-1.7,Dropout
2941,Divorced,Over 23 years old,Social Service (evening attendance),Evening,Higher Education - Degree,130.0,No,No,No,Yes,Female,Yes,43,No,6,5,12.2,6,6,12.333333333333334,0.833,1.0,12.27,9.4,-0.8,-3.12,Graduate
2942,Married,Over 23 years old,Oral Hygiene,Daytime,Secondary Education,152.8,Yes,No,No,Yes,Female,No,28,Yes,7,7,12.428571428571429,8,8,12.3,1.0,1.0,12.36,12.4,0.5,1.79,Enrolled
2943,Single,1st phase - general contingent,Animation and Multimedia Design,Daytime,Secondary Education,160.1,No,No,No,Yes,Female,Yes,19,No,12,12,14.5,11,11,13.583333333333334,1.0,1.0,14.04,8.9,1.4,3.51,Graduate
2944,Single,Over 23 years old,Agronomy,Daytime,Secondary Education,140.0,No,No,No,Yes,Female,No,26,No,12,6,13.0,12,11,13.833333333333334,0.5,0.917,13.42,15.5,2.8,-4.06,Graduate
2945,Single,1st phase - general contingent,Nursing,Daytime,Secondary Education,110.7,Yes,No,No,Yes,Female,No,18,No,7,7,11.714285714285714,8,8,12.75,1.0,1.0,12.23,12.4,0.5,1.79,Graduate
2946,Married,Over 23 years old,Basic Education,Daytime,Secondary Education,138.3,No,No,No,Yes,Female,No,45,No,7,4,10.25,7,3,13.0,0.571,0.429,11.62,11.1,0.6,2.02,Dropout
2947,Single,Technological specialization diploma holders,Basic Education,Daytime,Technological Specialization Course,150.0,No,No,No,Yes,Female,No,19,No,6,0,0.0,6,0,0.0,0.0,0.0,0.0,12.4,0.5,1.79,Dropout
2948,Single,2nd phase - general contingent,Advertising and Marketing Management,Daytime,Secondary Education,112.3,No,No,No,Yes,Female,No,20,No,6,6,12.375,6,6,13.142857142857142,1.0,1.0,12.76,11.1,0.6,2.02,Graduate
2949,Single,1st phase - general contingent,Basic Education,Daytime,Secondary Education,122.0,No,No,No,Yes,Female,No,18,No,6,6,12.666666666666666,6,6,12.0,1.0,1.0,12.33,7.6,2.6,0.32,Graduate
2950,Single,Over 23 years old,Veterinary Nursing,Daytime,Secondary Education,141.7,Yes,No,No,Yes,Female,No,27,No,6,3,10.5,6,1,12.0,0.5,0.167,11.25,12.4,0.5,1.79,Dropout
2951,Married,1st phase - general contingent,Agronomy,Daytime,Secondary Education,118.4,No,No,No,Yes,Female,No,20,No,6,6,14.125,6,5,12.6,1.0,0.833,13.36,13.9,-0.3,0.79,Graduate
2952,Single,1st phase - general contingent,Veterinary Nursing,Daytime,Secondary Education,128.7,Yes,No,No,Yes,Female,No,18,No,6,6,14.666666666666666,6,6,13.833333333333334,1.0,1.0,14.25,8.9,1.4,3.51,Graduate
2953,Married,Over 23 years old,Advertising and Marketing Management,Daytime,Secondary Education,100.0,No,No,No,Yes,Female,No,35,No,5,5,11.4,5,3,12.333333333333334,1.0,0.6,11.87,9.4,-0.8,-3.12,Enrolled
2954,Single,Over 23 years old,Animation and Multimedia Design,Daytime,Secondary Education,100.8,No,Yes,No,Yes,Female,No,26,No,0,0,0.0,0,0,0.0,0,0,0.0,16.2,0.3,-0.92,Dropout
2955,Divorced,Over 23 years old,Social Service,Daytime,Secondary Education,125.5,Yes,No,No,Yes,Female,Yes,39,No,6,6,14.0,6,5,14.8,1.0,0.833,14.4,12.7,3.7,-1.7,Graduate
2956,Single,1st phase - general contingent,Animation and Multimedia Design,Daytime,Secondary Education,124.0,Yes,No,No,Yes,Female,No,18,No,0,0,0.0,0,0,0.0,0,0,0.0,7.6,2.6,0.32,Graduate
2957,Single,Holders of other higher courses,Nursing,Daytime,Higher Education - Degree,130.0,No,No,No,Yes,Female,No,36,No,7,0,0.0,7,0,0.0,0.0,0.0,0.0,16.2,0.3,-0.92,Dropout
2958,Married,Over 23 years old,Social Service (evening attendance),Evening,Higher Education - Degree,160.5,No,No,No,Yes,Female,No,38,No,11,11,12.636363636363637,8,8,11.0,1.0,1.0,11.82,13.9,-0.3,0.79,Graduate
2959,Married,Over 23 years old,Basic Education,Daytime,Basic Education 3rd Cycle,100.0,No,No,No,Yes,Female,No,45,No,6,3,12.333333333333334,6,2,11.0,0.5,0.333,11.67,7.6,2.6,0.32,Dropout
2960,Facto Union,Over 23 years old,Tourism,Daytime,Secondary Education,103.0,No,No,No,Yes,Female,No,62,No,6,6,15.0,6,6,12.833333333333334,1.0,1.0,13.92,10.8,1.4,1.74,Graduate
2961,Single,1st phase - general contingent,Advertising and Marketing Management,Daytime,Secondary Education,103.0,Yes,No,No,Yes,Female,Yes,20,No,6,4,11.75,6,6,12.666666666666666,0.667,1.0,12.21,10.8,1.4,1.74,Graduate
2962,Single,1st phase - general contingent,Nursing,Daytime,Secondary Education,131.5,Yes,No,No,Yes,Female,No,18,No,8,7,14.13714285714286,8,7,14.13714285714286,0.875,0.875,14.14,10.8,1.4,1.74,Graduate
2963,Single,3rd phase - general contingent,Communication Design,Daytime,Secondary Education,121.4,No,No,No,Yes,Female,No,18,No,6,2,12.0,6,1,11.0,0.333,0.167,11.5,9.4,-0.8,-3.12,Dropout
2964,Married,1st phase - general contingent,Management (evening attendance),Evening,Higher Education - Degree,137.3,No,No,No,Yes,Female,No,23,No,5,5,10.8,5,4,11.5,1.0,0.8,11.15,9.4,-0.8,-3.12,Graduate
2965,Single,1st phase - general contingent,Communication Design,Daytime,Secondary Education,138.4,Yes,No,Yes,Yes,Female,Yes,19,No,6,6,13.285714285714286,6,6,12.5,1.0,1.0,12.89,13.9,-0.3,0.79,Dropout
2966,Single,2nd phase - general contingent,Management,Daytime,Secondary Education,131.1,Yes,No,Yes,Yes,Female,Yes,19,No,5,5,13.6,5,5,12.6,1.0,1.0,13.1,8.9,1.4,3.51,Graduate
2967,Single,Transfer,Nursing,Daytime,Secondary Education,100.0,No,No,No,Yes,Female,No,18,No,7,7,13.55,8,8,14.1875,1.0,1.0,13.87,13.9,-0.3,0.79,Graduate
2968,Single,2nd phase - general contingent,Nursing,Daytime,Secondary Education,133.0,Yes,No,No,Yes,Female,No,18,No,8,0,0.0,8,0,0.0,0.0,0.0,0.0,9.4,-0.8,-3.12,Enrolled
2969,Single,Over 23 years old,Social Service (evening attendance),Evening,Secondary Education,100.0,No,No,No,Yes,Female,No,41,No,6,4,13.5,6,6,11.166666666666666,0.667,1.0,12.33,7.6,2.6,0.32,Graduate
2970,Single,Over 23 years old,Advertising and Marketing Management,Daytime,Secondary Education,159.0,No,No,No,Yes,Female,Yes,51,No,6,5,11.6,6,5,14.2,0.833,0.833,12.9,12.4,0.5,1.79,Graduate
2971,Single,Change of course,Social Service,Daytime,Secondary Education,120.6,Yes,No,No,Yes,Female,No,24,No,10,10,12.5,7,4,12.6,1.0,0.571,12.55,16.2,0.3,-0.92,Graduate
2972,Single,Over 23 years old,Management (evening attendance),Evening,Higher Education - Degree,134.0,No,No,No,Yes,Female,No,25,No,5,1,11.0,5,2,12.666666666666666,0.2,0.4,11.83,16.2,0.3,-0.92,Dropout
2973,Single,1st phase - special contingent (Azores Island),Veterinary Nursing,Daytime,Secondary Education,139.4,No,No,No,Yes,Female,No,18,No,5,3,12.0,5,4,13.0,0.6,0.8,12.5,7.6,2.6,0.32,Enrolled
2974,Single,1st phase - special contingent (Madeira Island),Management,Daytime,Secondary Education,116.5,Yes,No,No,Yes,Female,No,20,No,5,4,11.6,5,3,12.333333333333334,0.8,0.6,11.97,7.6,2.6,0.32,Graduate
2975,Single,1st phase - general contingent,Animation and Multimedia Design,Daytime,Secondary Education,113.9,Yes,Yes,No,Yes,Female,No,19,No,0,0,0.0,0,0,0.0,0,0,0.0,13.9,-0.3,0.79,Dropout
2976,Facto Union,Change of course,Management (evening attendance),Evening,Higher Education - Degree,130.0,No,No,No,Yes,Female,No,41,No,10,10,14.636363636363637,10,10,14.6,1.0,1.0,14.62,16.2,0.3,-0.92,Graduate
2977,Single,1st phase - general contingent,Tourism,Daytime,Secondary Education,129.9,Yes,No,No,Yes,Female,Yes,19,No,6,6,13.0,6,6,12.166666666666666,1.0,1.0,12.58,8.9,1.4,3.51,Graduate
2978,Single,Transfer,Basic Education,Daytime,Other - 11th Year,133.7,No,No,No,Yes,Female,No,28,No,18,14,12.785714285714286,17,16,13.875,0.778,0.941,13.33,16.2,0.3,-0.92,Dropout
2979,Single,1st phase - general contingent,Communication Design,Daytime,Secondary Education,124.8,Yes,No,No,Yes,Female,No,21,No,6,6,14.5,6,5,12.0,1.0,0.833,13.25,12.4,0.5,1.79,Graduate
2980,Single,1st phase - general contingent,Veterinary Nursing,Daytime,Secondary Education,133.6,Yes,No,No,No,Female,No,22,No,5,4,14.6,5,4,12.75,0.8,0.8,13.68,9.4,-0.8,-3.12,Dropout
2981,Single,2nd phase - general contingent,Journalism and Communication,Daytime,Secondary Education,133.5,Yes,No,No,No,Female,No,18,No,6,6,12.5,6,6,12.166666666666666,1.0,1.0,12.33,10.8,1.4,1.74,Graduate
2982,Single,1st phase - general contingent,Communication Design,Daytime,Secondary Education,128.0,Yes,No,No,Yes,Female,Yes,19,No,6,6,14.0,6,6,13.125,1.0,1.0,13.56,10.8,1.4,1.74,Graduate
2983,Single,2nd phase - general contingent,Nursing,Daytime,Secondary Education,127.2,Yes,No,No,Yes,Female,Yes,19,No,7,7,13.801428571428572,8,8,14.575,1.0,1.0,14.19,11.1,0.6,2.02,Graduate
2984,Single,Holders of other higher courses,Basic Education,Daytime,Higher Education - Degree,150.0,No,No,Yes,No,Female,No,25,No,6,6,14.428571428571429,6,6,13.666666666666666,1.0,1.0,14.05,10.8,1.4,1.74,Graduate
2985,Single,Transfer,Nursing,Daytime,Frequency of Higher Education,127.8,Yes,No,No,Yes,Female,Yes,18,No,7,6,14.35,7,6,14.35,0.857,0.857,14.35,7.6,2.6,0.32,Graduate
2986,Single,2nd phase - general contingent,Communication Design,Daytime,Secondary Education,125.2,Yes,No,No,Yes,Female,No,19,No,6,6,14.333333333333334,6,6,13.5,1.0,1.0,13.92,12.7,3.7,-1.7,Graduate
2987,Single,Change of course,Basic Education,Daytime,Secondary Education,110.0,Yes,No,No,Yes,Female,No,20,No,6,4,12.25,6,4,11.5,0.667,0.667,11.88,10.8,1.4,1.74,Enrolled
2988,Married,Over 23 years old,Social Service (evening attendance),Evening,Basic Education 3rd Cycle,100.0,No,No,No,Yes,Female,No,46,No,6,6,13.333333333333334,6,6,11.833333333333334,1.0,1.0,12.58,7.6,2.6,0.32,Graduate
2989,Single,2nd phase - general contingent,Animation and Multimedia Design,Daytime,Secondary Education,151.4,Yes,No,No,No,Female,No,19,No,12,12,13.0,11,11,13.25,1.0,1.0,13.12,8.9,1.4,3.51,Graduate
2990,Single,1st phase - general contingent,Tourism,Daytime,Secondary Education,125.1,Yes,No,No,Yes,Female,No,18,No,6,4,11.75,6,5,11.2,0.667,0.833,11.48,7.6,2.6,0.32,Enrolled
2991,Single,1st phase - general contingent,Equinculture,Daytime,Secondary Education,163.3,Yes,No,No,Yes,Female,Yes,18,No,6,6,14.5,6,4,13.0,1.0,0.667,13.75,13.9,-0.3,0.79,Graduate
2992,Single,3rd phase - general contingent,Nursing,Daytime,Secondary Education,118.0,Yes,No,No,Yes,Female,Yes,19,No,8,7,11.82,8,7,11.82,0.875,0.875,11.82,10.8,1.4,1.74,Graduate
2993,Single,1st phase - general contingent,Journalism and Communication,Daytime,Secondary Education,140.2,Yes,No,No,Yes,Female,No,20,No,6,0,0.0,6,0,0.0,0.0,0.0,0.0,16.2,0.3,-0.92,Dropout
2994,Married,Over 23 years old,Social Service (evening attendance),Evening,Secondary Education,128.5,No,No,No,Yes,Female,Yes,38,No,6,5,12.4,6,6,12.666666666666666,0.833,1.0,12.53,9.4,-0.8,-3.12,Graduate
2995,Single,2nd phase - general contingent,Journalism and Communication,Daytime,Secondary Education,131.5,Yes,No,No,Yes,Female,No,18,No,6,6,12.571428571428571,6,6,11.857142857142858,1.0,1.0,12.21,13.9,-0.3,0.79,Graduate
2996,Single,2nd phase - general contingent,Nursing,Daytime,Secondary Education,132.6,Yes,No,No,Yes,Female,Yes,18,No,7,7,13.857142857142858,8,8,14.9,1.0,1.0,14.38,13.9,-0.3,0.79,Graduate
2997,Single,2nd phase - general contingent,Social Service,Daytime,Secondary Education,122.1,Yes,No,No,Yes,Female,No,18,No,6,5,11.833333333333334,6,5,13.8,0.833,0.833,12.82,13.9,-0.3,0.79,Graduate
2998,Single,2nd phase - general contingent,Management,Daytime,Secondary Education,112.0,No,No,No,Yes,Female,No,20,No,5,4,11.0,5,4,11.5,0.8,0.8,11.25,15.5,2.8,-4.06,Enrolled
2999,Single,1st phase - general contingent,Equinculture,Daytime,Secondary Education,133.0,Yes,No,No,Yes,Female,No,19,No,6,6,14.666666666666666,6,6,13.666666666666666,1.0,1.0,14.17,12.4,0.5,1.79,Graduate
3000,Divorced,Over 23 years old,Social Service (evening attendance),Evening,Secondary Education,127.0,No,No,No,No,Female,No,37,No,4,0,0.0,5,0,0.0,0.0,0.0,0.0,10.8,1.4,1.74,Dropout
3001,Single,Over 23 years old,Nursing,Daytime,Secondary Education,130.0,No,No,No,Yes,Female,No,24,No,8,7,12.714285714285714,8,7,12.714285714285714,0.875,0.875,12.71,12.7,3.7,-1.7,Enrolled
3002,Single,1st phase - general contingent,Nursing,Daytime,Secondary Education,136.4,Yes,No,No,Yes,Female,No,19,No,7,7,13.422222222222224,8,7,12.18888888888889,1.0,0.875,12.81,15.5,2.8,-4.06,Graduate
3003,Single,1st phase - general contingent,Journalism and Communication,Daytime,Secondary Education,129.0,Yes,No,No,Yes,Female,Yes,19,No,6,6,14.0,6,5,12.2,1.0,0.833,13.1,13.9,-0.3,0.79,Dropout
3004,Single,2nd phase - general contingent,Oral Hygiene,Daytime,Secondary Education,119.0,Yes,No,No,Yes,Female,Yes,19,No,7,7,12.142857142857142,8,8,13.375,1.0,1.0,12.76,16.2,0.3,-0.92,Dropout
3005,Single,2nd phase - general contingent,Management,Daytime,Secondary Education,128.0,Yes,No,Yes,Yes,Female,Yes,18,No,5,5,12.8,5,5,13.0,1.0,1.0,12.9,11.1,0.6,2.02,Graduate
3006,Single,1st phase - general contingent,Nursing,Daytime,Secondary Education,117.1,Yes,No,No,Yes,Female,Yes,18,No,7,7,14.572857142857142,8,8,14.955555555555556,1.0,1.0,14.76,12.4,0.5,1.79,Graduate
3007,Single,1st phase - general contingent,Management,Daytime,Secondary Education,136.3,No,No,No,Yes,Female,No,18,No,5,4,11.25,5,4,11.0,0.8,0.8,11.12,8.9,1.4,3.51,Graduate
3008,Single,2nd phase - general contingent,Management,Daytime,Secondary Education,124.6,Yes,No,No,Yes,Female,Yes,19,No,5,2,10.0,5,4,11.75,0.4,0.8,10.88,11.1,0.6,2.02,Enrolled
3009,Single,1st phase - general contingent,Equinculture,Daytime,Secondary Education,130.7,Yes,No,No,Yes,Female,No,18,No,6,5,14.4,6,4,14.6,0.833,0.667,14.5,8.9,1.4,3.51,Dropout
3010,Single,1st phase - general contingent,Nursing,Daytime,Secondary Education,115.2,Yes,No,No,Yes,Female,No,20,No,7,7,12.982857142857142,8,8,14.4625,1.0,1.0,13.72,12.4,0.5,1.79,Graduate
3011,Single,2nd phase - general contingent,Veterinary Nursing,Daytime,Secondary Education,130.2,Yes,No,No,Yes,Female,No,20,No,6,6,15.75,6,6,13.0,1.0,1.0,14.38,15.5,2.8,-4.06,Graduate
3012,Single,1st phase - general contingent,Veterinary Nursing,Daytime,Secondary Education,128.5,No,No,No,Yes,Female,No,18,No,6,5,12.285714285714286,6,3,14.0,0.833,0.5,13.14,12.4,0.5,1.79,Dropout
3013,Single,1st phase - special contingent (Madeira Island),Nursing,Daytime,Secondary Education,95.0,Yes,No,No,Yes,Female,No,20,No,7,6,13.755,8,7,13.571428571428571,0.857,0.875,13.66,12.4,0.5,1.79,Graduate
3014,Single,2nd phase - general contingent,Advertising and Marketing Management,Daytime,Secondary Education,119.4,Yes,No,No,Yes,Female,Yes,18,No,6,6,13.833333333333334,6,6,13.5,1.0,1.0,13.67,8.9,1.4,3.51,Graduate
3015,Single,1st phase - general contingent,Nursing,Daytime,Secondary Education,123.5,Yes,No,No,Yes,Female,No,19,No,7,0,0.0,8,0,0.0,0.0,0.0,0.0,12.7,3.7,-1.7,Dropout
3016,Single,1st phase - general contingent,Nursing,Daytime,Secondary Education,133.9,Yes,No,No,Yes,Female,No,18,No,7,7,14.711111111111112,8,8,14.627777777777778,1.0,1.0,14.67,15.5,2.8,-4.06,Graduate
3017,Single,Short cycle diploma holders,Veterinary Nursing,Daytime,Professional Higher Technical Course,145.2,Yes,No,No,Yes,Female,No,20,No,11,11,14.615384615384617,9,9,13.7,1.0,1.0,14.16,8.9,1.4,3.51,Graduate
3018,Single,1st phase - general contingent,Nursing,Daytime,Secondary Education,118.8,No,No,No,Yes,Female,No,18,No,7,7,13.677142857142858,8,8,14.533333333333331,1.0,1.0,14.11,11.1,0.6,2.02,Graduate
3019,Single,1st phase - special contingent (Madeira Island),Veterinary Nursing,Daytime,Secondary Education,123.4,Yes,No,No,Yes,Female,Yes,19,No,5,5,13.166666666666666,5,5,12.8,1.0,1.0,12.98,9.4,-0.8,-3.12,Graduate
3020,Single,2nd phase - general contingent,Social Service,Daytime,Secondary Education,123.0,Yes,No,No,Yes,Female,No,19,No,6,5,10.8,6,5,11.333333333333334,0.833,0.833,11.07,15.5,2.8,-4.06,Graduate
3021,Single,2nd phase - general contingent,Equinculture,Daytime,Secondary Education,118.4,No,No,No,Yes,Female,No,19,No,5,3,12.0,5,5,12.833333333333334,0.6,1.0,12.42,7.6,2.6,0.32,Graduate
3022,Single,1st phase - general contingent,Nursing,Daytime,Secondary Education,131.6,No,No,No,Yes,Female,No,18,No,7,6,13.958333333333334,8,8,14.71875,0.857,1.0,14.34,11.1,0.6,2.02,Graduate
3023,Single,2nd phase - general contingent,Basic Education,Daytime,Secondary Education,122.3,Yes,No,No,Yes,Female,No,19,No,6,4,13.0,6,4,12.25,0.667,0.667,12.62,12.7,3.7,-1.7,Dropout
3024,Single,1st phase - general contingent,Animation and Multimedia Design,Daytime,Secondary Education,151.7,Yes,No,No,Yes,Female,Yes,24,No,0,0,0.0,0,0,0.0,0,0,0.0,11.1,0.6,2.02,Graduate
3025,Single,1st phase - general contingent,Animation and Multimedia Design,Daytime,Secondary Education,176.0,Yes,No,No,Yes,Female,Yes,18,No,0,0,0.0,0,0,0.0,0,0,0.0,12.4,0.5,1.79,Graduate
3026,Single,1st phase - general contingent,Nursing,Daytime,Secondary Education,133.0,Yes,No,No,Yes,Female,Yes,18,No,8,7,14.0,8,7,14.0,0.875,0.875,14.0,12.7,3.7,-1.7,Graduate
3027,Single,1st phase - general contingent,Journalism and Communication,Daytime,Secondary Education,139.8,Yes,Yes,No,Yes,Female,No,18,No,6,6,12.571428571428571,6,6,12.571428571428571,1.0,1.0,12.57,10.8,1.4,1.74,Enrolled
3028,Single,1st phase - general contingent,Journalism and Communication,Daytime,Secondary Education,119.6,Yes,No,No,Yes,Female,No,19,No,6,4,12.0,6,3,11.333333333333334,0.667,0.5,11.67,11.1,0.6,2.02,Dropout
3029,Single,Over 23 years old,Social Service (evening attendance),Evening,Secondary Education,134.0,No,No,No,Yes,Female,Yes,35,No,8,8,13.625,7,7,14.0,1.0,1.0,13.81,8.9,1.4,3.51,Graduate
3030,Single,2nd phase - general contingent,Management,Daytime,Secondary Education,132.0,Yes,No,No,Yes,Female,No,19,No,5,4,12.5,5,4,10.0,0.8,0.8,11.25,7.6,2.6,0.32,Graduate
3031,Single,Holders of other higher courses,Basic Education,Daytime,Higher Education - Degree,130.0,No,No,No,Yes,Female,No,28,No,15,14,12.428571428571429,14,11,11.909090909090908,0.933,0.786,12.17,7.6,2.6,0.32,Dropout
3032,Single,Change of course,Nursing,Daytime,Secondary Education,141.4,No,No,No,Yes,Female,No,21,No,7,7,13.3875,8,8,15.9,1.0,1.0,14.64,13.9,-0.3,0.79,Graduate
3033,Single,3rd phase - general contingent,Nursing,Daytime,Secondary Education,128.9,Yes,No,No,Yes,Female,Yes,19,No,7,6,12.648333333333332,8,8,12.205555555555556,0.857,1.0,12.43,11.1,0.6,2.02,Graduate
3034,Single,1st phase - special contingent (Azores Island),Social Service,Daytime,Secondary Education,118.1,Yes,No,No,Yes,Female,No,19,No,6,6,14.0,6,6,13.333333333333334,1.0,1.0,13.67,8.9,1.4,3.51,Graduate
3035,Single,1st phase - general contingent,Veterinary Nursing,Daytime,Secondary Education,130.6,No,No,No,Yes,Female,No,18,No,5,5,12.8,5,5,11.857142857142858,1.0,1.0,12.33,9.4,-0.8,-3.12,Graduate
3036,Single,1st phase - general contingent,Tourism,Daytime,Secondary Education,122.0,Yes,No,No,Yes,Female,No,18,No,6,6,11.333333333333334,6,6,10.833333333333334,1.0,1.0,11.08,7.6,2.6,0.32,Graduate
3037,Single,1st phase - general contingent,Nursing,Daytime,Secondary Education,123.0,Yes,No,No,No,Female,No,19,No,7,0,0.0,8,0,0.0,0.0,0.0,0.0,12.7,3.7,-1.7,Dropout
3038,Single,1st phase - general contingent,Advertising and Marketing Management,Daytime,Secondary Education,126.7,Yes,No,No,Yes,Female,Yes,20,No,6,6,14.166666666666666,6,6,13.0,1.0,1.0,13.58,8.9,1.4,3.51,Graduate
3039,Single,1st phase - general contingent,Journalism and Communication,Daytime,Secondary Education,126.6,Yes,No,No,Yes,Female,No,18,No,6,6,12.833333333333334,6,6,13.833333333333334,1.0,1.0,13.33,8.9,1.4,3.51,Graduate
3040,Single,1st phase - general contingent,Basic Education,Daytime,Secondary Education,125.4,No,No,Yes,No,Female,No,19,No,7,4,12.0,7,6,11.833333333333334,0.571,0.857,11.92,16.2,0.3,-0.92,Dropout
3041,Single,1st phase - general contingent,Journalism and Communication,Daytime,Secondary Education,136.1,Yes,No,No,Yes,Female,Yes,20,No,6,6,13.0,6,6,13.142857142857142,1.0,1.0,13.07,12.4,0.5,1.79,Dropout
3042,Single,2nd phase - general contingent,Nursing,Daytime,Secondary Education,128.8,Yes,No,No,Yes,Female,No,18,No,7,6,13.39,8,7,12.757142857142856,0.857,0.875,13.07,11.1,0.6,2.02,Enrolled
3043,Single,2nd phase - general contingent,Advertising and Marketing Management,Daytime,Secondary Education,111.1,Yes,No,No,No,Female,No,18,No,6,6,12.333333333333334,6,5,13.6,1.0,0.833,12.97,8.9,1.4,3.51,Graduate
3044,Single,1st phase - general contingent,Communication Design,Daytime,Secondary Education,135.9,No,No,No,Yes,Female,Yes,21,No,6,6,12.571428571428571,6,6,11.625,1.0,1.0,12.1,13.9,-0.3,0.79,Graduate
3045,Single,1st phase - special contingent (Azores Island),Tourism,Daytime,Secondary Education,119.6,Yes,No,No,Yes,Female,Yes,19,No,6,6,12.333333333333334,6,6,12.833333333333334,1.0,1.0,12.58,12.4,0.5,1.79,Graduate
3046,Single,2nd phase - general contingent,Basic Education,Daytime,Secondary Education,116.7,Yes,No,No,Yes,Female,No,19,No,6,5,13.0,6,4,10.75,0.833,0.667,11.88,9.4,-0.8,-3.12,Graduate
3047,Single,1st phase - general contingent,Veterinary Nursing,Daytime,Secondary Education,126.0,No,No,No,Yes,Female,No,19,No,5,3,12.333333333333334,5,4,10.25,0.6,0.8,11.29,7.6,2.6,0.32,Enrolled
3048,Single,1st phase - general contingent,Journalism and Communication,Daytime,Secondary Education,134.2,Yes,No,No,Yes,Female,No,18,No,6,6,13.166666666666666,6,5,14.2,1.0,0.833,13.68,10.8,1.4,1.74,Dropout
3049,Single,1st phase - general contingent,Management,Daytime,Secondary Education,123.0,No,No,No,Yes,Female,Yes,18,No,5,5,13.333333333333334,5,5,13.6,1.0,1.0,13.47,12.7,3.7,-1.7,Graduate
3050,Single,1st phase - general contingent,Veterinary Nursing,Daytime,Secondary Education,123.9,Yes,No,No,Yes,Female,No,18,No,5,4,13.0,5,5,13.142857142857142,0.8,1.0,13.07,10.8,1.4,1.74,Graduate
3051,Married,Over 23 years old,Oral Hygiene,Daytime,Secondary Education,120.0,No,No,No,Yes,Female,No,31,No,7,5,10.9,8,3,11.7,0.714,0.375,11.3,12.7,3.7,-1.7,Dropout
3052,Single,Transfer,Management,Daytime,Secondary Education,112.3,Yes,No,No,Yes,Female,No,19,No,5,2,11.5,5,3,10.857142857142858,0.4,0.6,11.18,10.8,1.4,1.74,Enrolled
3053,Single,1st phase - special contingent (Madeira Island),Veterinary Nursing,Daytime,Secondary Education,123.0,Yes,No,No,Yes,Female,Yes,20,No,6,6,15.857142857142858,6,6,16.0,1.0,1.0,15.93,13.9,-0.3,0.79,Graduate
3054,Single,2nd phase - general contingent,Veterinary Nursing,Daytime,Secondary Education,122.3,No,No,No,Yes,Female,Yes,19,No,5,5,12.6,5,3,13.0,1.0,0.6,12.8,7.6,2.6,0.32,Dropout
3055,Single,2nd phase - general contingent,Social Service,Daytime,Secondary Education,122.8,No,No,No,Yes,Female,Yes,19,No,6,6,14.0,6,6,14.571428571428571,1.0,1.0,14.29,16.2,0.3,-0.92,Graduate
3056,Facto Union,Holders of other higher courses,Equinculture,Daytime,Higher Education - Degree,160.0,No,No,No,No,Female,No,27,No,5,3,14.666666666666666,5,2,13.0,0.6,0.4,13.83,10.8,1.4,1.74,Dropout
3057,Single,2nd phase - general contingent,Journalism and Communication,Daytime,Secondary Education,120.1,Yes,No,No,Yes,Female,Yes,18,No,6,6,13.666666666666666,6,6,14.0,1.0,1.0,13.83,8.9,1.4,3.51,Graduate
3058,Single,1st phase - general contingent,Social Service (evening attendance),Evening,Secondary Education,142.4,No,No,No,Yes,Female,No,32,No,6,0,0.0,6,0,0.0,0.0,0.0,0.0,7.6,2.6,0.32,Dropout
3059,Single,1st phase - general contingent,Nursing,Daytime,Secondary Education,127.3,Yes,No,No,Yes,Female,No,18,No,8,7,12.628571428571428,8,7,12.628571428571428,0.875,0.875,12.63,12.7,3.7,-1.7,Graduate
3060,Single,1st phase - general contingent,Nursing,Daytime,Secondary Education,125.5,Yes,No,No,Yes,Female,Yes,19,No,8,7,14.232857142857142,8,7,14.232857142857142,0.875,0.875,14.23,10.8,1.4,1.74,Graduate
3061,Single,1st phase - general contingent,Journalism and Communication,Daytime,Secondary Education,137.4,No,No,No,Yes,Female,No,19,No,6,6,15.0,6,6,14.0,1.0,1.0,14.5,15.5,2.8,-4.06,Enrolled
3062,Single,2nd phase - general contingent,Tourism,Daytime,Secondary Education,122.0,Yes,No,No,Yes,Female,No,18,No,6,2,10.0,6,0,0.0,0.333,0.0,5.0,10.8,1.4,1.74,Dropout
3063,Single,2nd phase - general contingent,Advertising and Marketing Management,Daytime,Secondary Education,107.5,Yes,No,No,Yes,Female,Yes,18,No,6,4,12.25,6,4,11.0,0.667,0.667,11.62,12.7,3.7,-1.7,Dropout
3064,Single,Over 23 years old,Journalism and Communication,Daytime,Basic Education 3rd Cycle,104.0,No,No,Yes,No,Female,Yes,24,No,6,6,13.5,6,6,13.0,1.0,1.0,13.25,11.1,0.6,2.02,Graduate
3065,Single,2nd phase - general contingent,Social Service,Daytime,Secondary Education,133.1,Yes,No,No,Yes,Female,Yes,19,No,6,5,12.2,6,6,11.5,0.833,1.0,11.85,9.4,-0.8,-3.12,Graduate
3066,Single,2nd phase - general contingent,Tourism,Daytime,Secondary Education,113.3,Yes,No,Yes,Yes,Female,No,21,No,6,0,0.0,6,0,0.0,0.0,0.0,0.0,11.1,0.6,2.02,Dropout
3067,Single,Technological specialization diploma holders,Communication Design,Daytime,Technological Specialization Course,130.0,Yes,No,No,Yes,Female,No,19,No,7,6,12.0,9,8,12.75,0.857,0.889,12.38,16.2,0.3,-0.92,Graduate
3068,Single,1st phase - general contingent,Nursing,Daytime,Secondary Education,124.3,Yes,No,No,Yes,Female,No,19,Yes,7,5,12.32,7,5,11.9,0.714,0.714,12.11,12.4,0.5,1.79,Enrolled
3069,Single,Over 23 years old,Oral Hygiene,Daytime,Secondary Education,105.0,Yes,No,No,Yes,Female,Yes,36,No,7,6,12.35,7,5,12.5,0.857,0.714,12.42,8.9,1.4,3.51,Graduate
3070,Single,Over 23 years old,Veterinary Nursing,Daytime,Other - 11th Year,144.0,No,No,No,Yes,Male,No,51,No,6,0,0.0,6,0,0.0,0.0,0.0,0.0,12.4,0.5,1.79,Dropout
3071,Single,1st phase - general contingent,Advertising and Marketing Management,Daytime,Secondary Education,111.9,Yes,No,No,Yes,Male,Yes,20,No,6,6,11.333333333333334,6,4,10.571428571428571,1.0,0.667,10.95,10.8,1.4,1.74,Enrolled
3072,Single,Over 23 years old,Social Service (evening attendance),Evening,Basic Education 2nd Cycle,107.5,No,No,Yes,No,Male,No,29,No,6,0,0.0,5,0,0.0,0.0,0.0,0.0,8.9,1.4,3.51,Dropout
3073,Single,Technological specialization diploma holders,Social Service,Daytime,Technological Specialization Course,127.4,No,No,Yes,No,Male,No,27,No,6,5,11.6,6,5,12.0,0.833,0.833,11.8,13.9,-0.3,0.79,Dropout
3074,Single,Over 23 years old,Informatics Engineering,Daytime,Secondary Education,149.0,Yes,No,No,Yes,Male,No,33,No,5,4,12.0,5,3,13.666666666666666,0.8,0.6,12.83,7.6,2.6,0.32,Enrolled
3075,Married,Ordinance No. 612/93,Management,Daytime,Higher Education - Bachelor's,120.0,No,No,No,No,Male,No,57,No,15,12,11.75,14,9,12.22222222222222,0.8,0.643,11.99,9.4,-0.8,-3.12,Dropout
3076,Single,1st phase - general contingent,Advertising and Marketing Management,Daytime,Secondary Education,143.6,Yes,No,No,Yes,Male,No,20,No,6,5,12.8,6,5,11.6,0.833,0.833,12.2,13.9,-0.3,0.79,Enrolled
3077,Single,Over 23 years old,Advertising and Marketing Management,Daytime,Secondary Education,120.0,No,No,No,Yes,Male,No,26,No,5,3,11.333333333333334,5,3,13.666666666666666,0.6,0.6,12.5,9.4,-0.8,-3.12,Dropout
3078,Single,Change of course,Informatics Engineering,Daytime,Secondary Education,128.0,No,No,Yes,No,Male,No,27,No,5,0,0.0,5,0,0.0,0.0,0.0,0.0,13.9,-0.3,0.79,Enrolled
3079,Single,1st phase - general contingent,Advertising and Marketing Management,Daytime,Secondary Education,118.2,No,No,No,Yes,Male,No,19,No,5,5,10.8,5,4,12.25,1.0,0.8,11.52,9.4,-0.8,-3.12,Graduate
3080,Single,Technological specialization diploma holders,Veterinary Nursing,Daytime,Technological Specialization Course,160.0,Yes,No,No,Yes,Male,No,23,No,6,5,12.5,6,2,13.5,0.833,0.333,13.0,12.4,0.5,1.79,Dropout
3081,Single,Over 23 years old,Management (evening attendance),Evening,Secondary Education,152.4,No,No,No,Yes,Male,No,27,No,5,5,15.2,5,5,14.166666666666666,1.0,1.0,14.68,10.8,1.4,1.74,Graduate
3082,Single,1st phase - general contingent,Nursing,Daytime,Secondary Education,116.6,Yes,No,Yes,Yes,Male,Yes,20,No,7,7,13.314285714285717,8,8,12.575,1.0,1.0,12.94,12.4,0.5,1.79,Graduate
3083,Single,3rd phase - general contingent,Communication Design,Daytime,Secondary Education,141.6,No,No,No,Yes,Female,Yes,19,No,12,11,13.090909090909092,11,11,12.083333333333334,0.917,1.0,12.59,10.8,1.4,1.74,Graduate
3084,Single,1st phase - general contingent,Equinculture,Daytime,Secondary Education,105.5,Yes,No,Yes,No,Female,No,19,No,6,0,0.0,6,0,0.0,0.0,0.0,0.0,11.1,0.6,2.02,Dropout
3085,Single,1st phase - general contingent,Communication Design,Daytime,Secondary Education,116.3,Yes,No,No,Yes,Female,No,20,No,6,5,12.2,6,6,11.5,0.833,1.0,11.85,16.2,0.3,-0.92,Graduate
3086,Married,Holders of other higher courses,Management,Daytime,Higher Education - Degree,110.0,No,No,No,Yes,Female,No,33,No,8,6,12.833333333333334,5,4,12.0,0.75,0.8,12.42,11.1,0.6,2.02,Enrolled
3087,Single,Change of course,Management (evening attendance),Evening,Secondary Education,119.5,Yes,No,No,Yes,Female,No,22,No,15,15,11.2,14,14,12.428571428571429,1.0,1.0,11.81,7.6,2.6,0.32,Graduate
3088,Single,1st phase - general contingent,Management,Daytime,Secondary Education,125.0,Yes,No,No,Yes,Female,No,18,No,5,3,12.333333333333334,5,4,12.0,0.6,0.8,12.17,7.6,2.6,0.32,Graduate
3089,Facto Union,Over 23 years old,Nursing,Daytime,Higher Education - Degree,160.0,No,No,No,Yes,Female,No,27,No,8,7,15.94285714285714,8,7,15.94285714285714,0.875,0.875,15.94,12.7,3.7,-1.7,Graduate
3090,Single,Over 23 years old,Management (evening attendance),Evening,Secondary Education,150.0,No,No,No,Yes,Female,No,27,No,5,0,0.0,5,0,0.0,0.0,0.0,0.0,15.5,2.8,-4.06,Dropout
3091,Single,1st phase - general contingent,Social Service,Daytime,Secondary Education,115.0,Yes,No,No,Yes,Female,No,19,No,6,4,10.25,6,6,10.714285714285714,0.667,1.0,10.48,11.1,0.6,2.02,Graduate
3092,Single,2nd phase - general contingent,Basic Education,Daytime,Secondary Education,128.4,Yes,No,No,Yes,Female,Yes,20,No,6,5,13.2,6,5,12.833333333333334,0.833,0.833,13.02,9.4,-0.8,-3.12,Enrolled
3093,Single,1st phase - general contingent,Social Service (evening attendance),Evening,Secondary Education,112.8,No,No,No,Yes,Female,Yes,23,No,6,6,14.166666666666666,6,6,12.5,1.0,1.0,13.33,12.7,3.7,-1.7,Graduate
3094,Single,Change of course,Nursing,Daytime,Secondary Education,131.0,Yes,No,No,Yes,Female,Yes,22,No,23,20,14.575,23,20,14.575,0.87,0.87,14.58,7.6,2.6,0.32,Graduate
3095,Single,2nd phase - general contingent,Tourism,Daytime,Secondary Education,121.6,Yes,No,No,Yes,Female,Yes,18,No,6,1,10.0,6,0,0.0,0.167,0.0,5.0,12.7,3.7,-1.7,Dropout
3096,Single,1st phase - general contingent,Social Service,Daytime,Secondary Education,110.0,No,No,No,Yes,Female,Yes,18,No,6,6,12.285714285714286,6,6,11.428571428571429,1.0,1.0,11.86,12.4,0.5,1.79,Graduate
3097,Single,Over 23 years old,Social Service (evening attendance),Evening,Secondary Education,148.5,No,No,No,Yes,Female,Yes,31,No,6,6,14.0,6,6,12.333333333333334,1.0,1.0,13.17,10.8,1.4,1.74,Graduate
3098,Single,2nd phase - general contingent,Journalism and Communication,Daytime,Secondary Education,118.3,No,No,No,Yes,Female,No,19,No,6,4,11.25,6,0,0.0,0.667,0.0,5.62,15.5,2.8,-4.06,Dropout
3099,Single,1st phase - general contingent,Social Service,Daytime,Secondary Education,135.9,Yes,No,No,Yes,Female,No,19,No,6,5,11.6,6,6,11.666666666666666,0.833,1.0,11.63,7.6,2.6,0.32,Enrolled
3100,Single,2nd phase - general contingent,Social Service (evening attendance),Evening,Secondary Education,115.8,No,No,No,Yes,Female,No,24,No,6,1,12.0,6,0,0.0,0.167,0.0,6.0,10.8,1.4,1.74,Dropout
3101,Single,1st phase - general contingent,Nursing,Daytime,Secondary Education,121.2,No,No,No,Yes,Female,No,19,No,7,7,13.47,8,8,13.32625,1.0,1.0,13.4,15.5,2.8,-4.06,Graduate
3102,Single,2nd phase - general contingent,Management,Daytime,Secondary Education,136.2,Yes,No,No,Yes,Female,No,19,No,5,5,12.4,5,5,12.8,1.0,1.0,12.6,7.6,2.6,0.32,Graduate
3103,Single,Over 23 years old,Advertising and Marketing Management,Daytime,Secondary Education,100.2,Yes,No,No,No,Female,No,26,No,6,3,11.75,6,4,11.5,0.5,0.667,11.62,16.2,0.3,-0.92,Dropout
3104,Single,1st phase - general contingent,Animation and Multimedia Design,Daytime,Secondary Education,152.7,Yes,No,Yes,No,Male,No,27,Yes,0,0,0.0,0,0,0.0,0,0,0.0,7.6,2.6,0.32,Dropout
3105,Single,2nd phase - general contingent,Social Service,Daytime,Secondary Education,123.1,Yes,No,No,Yes,Female,No,19,No,6,6,12.0,6,6,12.428571428571429,1.0,1.0,12.21,11.1,0.6,2.02,Graduate
3106,Married,Over 23 years old,Veterinary Nursing,Daytime,Secondary Education,130.0,No,No,No,Yes,Female,No,29,No,5,5,15.333333333333334,5,5,15.4,1.0,1.0,15.37,9.4,-0.8,-3.12,Dropout
3107,Single,1st phase - general contingent,Nursing,Daytime,Secondary Education,125.0,Yes,No,No,Yes,Female,Yes,18,No,8,8,12.32,8,8,12.32,1.0,1.0,12.32,9.4,-0.8,-3.12,Graduate
3108,Single,1st phase - general contingent,Nursing,Daytime,Secondary Education,113.1,Yes,No,No,Yes,Female,No,19,No,7,7,13.79857142857143,8,8,14.75625,1.0,1.0,14.28,11.1,0.6,2.02,Graduate
3109,Single,1st phase - general contingent,Journalism and Communication,Daytime,Secondary Education,121.1,Yes,No,No,Yes,Female,No,18,No,6,6,13.166666666666666,6,6,12.5,1.0,1.0,12.83,15.5,2.8,-4.06,Enrolled
3110,Single,1st phase - general contingent,Management,Daytime,Secondary Education,162.3,No,No,No,Yes,Female,Yes,18,No,5,5,16.333333333333332,5,5,15.4,1.0,1.0,15.87,15.5,2.8,-4.06,Graduate
3111,Single,Transfer,Animation and Multimedia Design,Daytime,Secondary Education,132.0,Yes,No,No,Yes,Female,No,19,No,0,0,0.0,0,0,0.0,0,0,0.0,12.7,3.7,-1.7,Dropout
3112,Single,2nd phase - general contingent,Nursing,Daytime,Secondary Education,130.7,Yes,No,No,Yes,Female,No,19,No,7,7,14.757142857142856,8,8,15.366666666666667,1.0,1.0,15.06,12.4,0.5,1.79,Graduate
3113,Single,2nd phase - general contingent,Tourism,Daytime,Secondary Education,122.3,Yes,No,No,Yes,Female,No,19,No,6,6,11.666666666666666,6,6,12.333333333333334,1.0,1.0,12.0,13.9,-0.3,0.79,Dropout
3114,Single,1st phase - general contingent,Advertising and Marketing Management,Daytime,Secondary Education,144.1,Yes,No,No,Yes,Female,No,19,No,6,5,12.6,6,5,12.375,0.833,0.833,12.49,10.8,1.4,1.74,Enrolled
3115,Single,1st phase - general contingent,Journalism and Communication,Daytime,Secondary Education,118.2,No,No,No,Yes,Female,No,19,No,6,6,11.666666666666666,6,6,11.5,1.0,1.0,11.58,12.7,3.7,-1.7,Graduate
3116,Single,1st phase - general contingent,Social Service,Daytime,Secondary Education,133.5,No,No,No,Yes,Female,Yes,19,No,6,6,15.0,6,6,13.333333333333334,1.0,1.0,14.17,8.9,1.4,3.51,Graduate
3117,Single,1st phase - general contingent,Nursing,Daytime,Secondary Education,126.8,Yes,No,Yes,No,Female,No,18,No,7,0,0.0,8,0,0.0,0.0,0.0,0.0,9.4,-0.8,-3.12,Dropout
3118,Single,1st phase - general contingent,Journalism and Communication,Daytime,Secondary Education,121.0,Yes,No,No,Yes,Female,No,20,No,6,6,13.571428571428571,6,6,13.333333333333334,1.0,1.0,13.45,13.9,-0.3,0.79,Graduate
3119,Single,2nd phase - general contingent,Tourism,Daytime,Secondary Education,117.7,No,No,No,Yes,Female,No,20,No,6,5,10.8,6,4,11.5,0.833,0.667,11.15,9.4,-0.8,-3.12,Graduate
3120,Single,1st phase - general contingent,Veterinary Nursing,Daytime,Secondary Education,115.0,Yes,No,No,Yes,Female,No,21,No,5,3,11.333333333333334,5,3,13.333333333333334,0.6,0.6,12.33,12.7,3.7,-1.7,Enrolled
3121,Married,1st phase - general contingent,Management (evening attendance),Evening,Higher Education - Bachelor's,129.2,No,No,No,Yes,Female,No,31,No,10,5,11.4,10,6,12.833333333333334,0.5,0.6,12.12,9.4,-0.8,-3.12,Dropout
3122,Single,1st phase - general contingent,Oral Hygiene,Daytime,Secondary Education,125.8,No,No,No,Yes,Female,Yes,20,No,7,7,10.642857142857142,8,8,11.55,1.0,1.0,11.1,12.7,3.7,-1.7,Graduate
3123,Single,2nd phase - general contingent,Advertising and Marketing Management,Daytime,Secondary Education,118.4,Yes,No,No,Yes,Female,Yes,19,No,5,3,10.5,5,4,11.75,0.6,0.8,11.12,7.6,2.6,0.32,Enrolled
3124,Single,1st phase - general contingent,Nursing,Daytime,Secondary Education,142.0,Yes,No,No,Yes,Female,No,18,No,7,6,14.65,7,6,14.65,0.857,0.857,14.65,7.6,2.6,0.32,Graduate
3125,Single,2nd phase - general contingent,Nursing,Daytime,Secondary Education,126.7,Yes,No,No,Yes,Female,Yes,19,No,7,7,13.714285714285714,8,8,14.863636363636363,1.0,1.0,14.29,16.2,0.3,-0.92,Graduate
3126,Single,Change of course,Social Service,Daytime,Secondary Education,109.3,No,No,No,Yes,Female,No,30,No,16,15,12.266666666666667,13,13,12.071428571428571,0.938,1.0,12.17,9.4,-0.8,-3.12,Graduate
3127,Single,2nd phase - general contingent,Social Service,Daytime,Secondary Education,116.9,Yes,No,No,Yes,Female,No,21,No,6,6,10.375,6,3,11.666666666666666,1.0,0.5,11.02,12.7,3.7,-1.7,Enrolled
3128,Single,3rd phase - general contingent,Management,Daytime,Secondary Education,121.7,Yes,No,No,Yes,Female,No,19,No,5,5,11.0,5,5,15.4,1.0,1.0,13.2,12.4,0.5,1.79,Graduate
3129,Single,1st phase - general contingent,Management,Daytime,Secondary Education,117.1,Yes,No,Yes,Yes,Female,No,22,No,5,5,13.8,5,5,13.0,1.0,1.0,13.4,7.6,2.6,0.32,Graduate
3130,Single,1st phase - general contingent,Journalism and Communication,Daytime,Secondary Education,114.4,No,No,No,Yes,Female,Yes,18,No,6,6,12.666666666666666,6,6,12.833333333333334,1.0,1.0,12.75,11.1,0.6,2.02,Graduate
3131,Single,2nd phase - general contingent,Social Service,Daytime,Secondary Education,133.0,Yes,No,No,Yes,Female,No,18,No,6,6,11.75,6,5,12.0,1.0,0.833,11.88,12.7,3.7,-1.7,Graduate
3132,Single,1st phase - general contingent,Nursing,Daytime,Secondary Education,118.8,Yes,No,No,Yes,Female,Yes,19,No,8,7,12.785714285714286,8,7,12.785714285714286,0.875,0.875,12.79,12.7,3.7,-1.7,Graduate
3133,Single,1st phase - general contingent,Equinculture,Daytime,Secondary Education,151.0,Yes,No,No,Yes,Female,No,18,No,6,6,14.444444444444445,6,6,13.333333333333334,1.0,1.0,13.89,16.2,0.3,-0.92,Graduate
3134,Single,1st phase - general contingent,Nursing,Daytime,Secondary Education,119.6,Yes,No,No,Yes,Female,No,21,No,7,6,13.25,8,8,13.8375,0.857,1.0,13.54,13.9,-0.3,0.79,Enrolled
3135,Single,2nd phase - general contingent,Nursing,Daytime,Secondary Education,135.4,Yes,No,No,Yes,Female,No,18,No,7,7,12.50625,8,5,13.2,1.0,0.625,12.85,13.9,-0.3,0.79,Enrolled
3136,Single,1st phase - general contingent,Animation and Multimedia Design,Daytime,Secondary Education,149.9,Yes,No,No,Yes,Female,No,20,No,0,0,0.0,0,0,0.0,0,0,0.0,11.1,0.6,2.02,Graduate
3137,Single,1st phase - general contingent,Veterinary Nursing,Daytime,Secondary Education,120.1,Yes,No,No,Yes,Female,No,18,No,5,4,12.75,5,4,11.75,0.8,0.8,12.25,12.7,3.7,-1.7,Graduate
3138,Single,Over 23 years old,Veterinary Nursing,Daytime,Higher Education - Degree,173.3,Yes,No,No,Yes,Female,No,25,No,6,6,16.857142857142858,6,6,16.5,1.0,1.0,16.68,13.9,-0.3,0.79,Graduate
3139,Single,1st phase - general contingent,Journalism and Communication,Daytime,Secondary Education,126.2,No,No,No,Yes,Female,No,19,No,6,6,13.166666666666666,6,6,15.0,1.0,1.0,14.08,16.2,0.3,-0.92,Graduate
3140,Single,1st phase - general contingent,Basic Education,Daytime,Secondary Education,126.9,Yes,No,No,Yes,Female,Yes,19,No,6,5,12.2,6,4,11.5,0.833,0.667,11.85,7.6,2.6,0.32,Enrolled
3141,Single,Over 23 years old,Veterinary Nursing,Daytime,Secondary Education,157.4,Yes,No,No,Yes,Female,No,26,No,6,6,16.5,6,6,14.285714285714286,1.0,1.0,15.39,8.9,1.4,3.51,Graduate
3142,Single,2nd phase - general contingent,Management,Daytime,Secondary Education,120.2,Yes,No,No,Yes,Female,No,21,No,5,4,11.75,5,5,11.6,0.8,1.0,11.68,12.4,0.5,1.79,Graduate
3143,Single,1st phase - general contingent,Management,Daytime,Secondary Education,124.8,No,No,No,Yes,Female,No,19,No,5,1,11.0,5,0,0.0,0.2,0.0,5.5,13.9,-0.3,0.79,Dropout
3144,Single,2nd phase - general contingent,Nursing,Daytime,Secondary Education,130.3,No,No,No,Yes,Female,Yes,19,No,8,7,15.114285714285714,8,7,15.114285714285714,0.875,0.875,15.11,12.7,3.7,-1.7,Graduate
3145,Single,1st phase - general contingent,Social Service,Daytime,Secondary Education,152.4,Yes,No,No,Yes,Female,Yes,18,No,6,6,15.5,6,6,14.285714285714286,1.0,1.0,14.89,16.2,0.3,-0.92,Graduate
3146,Married,Change of course,Management (evening attendance),Evening,Secondary Education,113.5,No,No,No,Yes,Female,Yes,32,No,10,7,11.142857142857142,10,8,12.0,0.7,0.8,11.57,10.8,1.4,1.74,Graduate
3147,Single,1st phase - general contingent,Social Service,Daytime,Secondary Education,125.7,No,No,No,Yes,Female,Yes,18,No,6,6,11.333333333333334,6,6,11.333333333333334,1.0,1.0,11.33,15.5,2.8,-4.06,Graduate
3148,Single,1st phase - general contingent,Nursing,Daytime,Secondary Education,102.4,No,No,No,Yes,Female,No,20,No,7,5,12.04,7,6,11.77142857142857,0.714,0.857,11.91,12.4,0.5,1.79,Enrolled
3149,Single,2nd phase - general contingent,Management,Daytime,Secondary Education,125.7,No,No,No,Yes,Female,No,20,No,5,5,11.166666666666666,5,4,10.75,1.0,0.8,10.96,15.5,2.8,-4.06,Enrolled
3150,Divorced,Over 23 years old,Advertising and Marketing Management,Daytime,Secondary Education,120.0,No,No,Yes,Yes,Female,Yes,39,No,5,5,10.6,5,4,10.75,1.0,0.8,10.68,9.4,-0.8,-3.12,Graduate
3151,Single,1st phase - general contingent,Equinculture,Daytime,Secondary Education,109.3,Yes,No,No,Yes,Female,No,20,No,5,4,12.5,5,2,13.0,0.8,0.4,12.75,12.7,3.7,-1.7,Enrolled
3152,Single,1st phase - general contingent,Animation and Multimedia Design,Daytime,Secondary Education,162.2,Yes,No,Yes,No,Female,No,18,No,0,0,0.0,0,0,0.0,0,0,0.0,12.4,0.5,1.79,Dropout
3153,Single,2nd phase - general contingent,Journalism and Communication,Daytime,Secondary Education,155.7,No,No,Yes,Yes,Female,Yes,18,No,6,6,15.666666666666666,6,6,13.833333333333334,1.0,1.0,14.75,8.9,1.4,3.51,Graduate
3154,Single,1st phase - general contingent,Animation and Multimedia Design,Daytime,Secondary Education,147.7,Yes,No,No,Yes,Female,No,21,No,12,12,15.333333333333334,11,11,15.0,1.0,1.0,15.17,8.9,1.4,3.51,Graduate
3155,Single,1st phase - general contingent,Nursing,Daytime,Secondary Education,115.6,Yes,No,No,Yes,Female,No,18,No,7,6,12.183333333333332,7,6,11.783333333333331,0.857,0.857,11.98,16.2,0.3,-0.92,Enrolled
3156,Single,1st phase - general contingent,Management,Daytime,Secondary Education,117.8,No,No,No,Yes,Female,No,18,No,5,2,10.0,5,3,11.333333333333334,0.4,0.6,10.67,7.6,2.6,0.32,Enrolled
3157,Single,Change of course,Agronomy,Daytime,Secondary Education,125.0,Yes,No,No,Yes,Female,No,21,No,14,9,12.0,12,8,11.25,0.643,0.667,11.62,15.5,2.8,-4.06,Graduate
3158,Single,1st phase - general contingent,Management,Daytime,Secondary Education,129.8,Yes,No,No,Yes,Female,No,22,No,5,3,10.333333333333334,5,2,10.0,0.6,0.4,10.17,7.6,2.6,0.32,Dropout
3159,Single,2nd phase - general contingent,Tourism,Daytime,Secondary Education,123.1,Yes,No,No,Yes,Male,No,21,No,6,6,11.166666666666666,6,3,14.666666666666666,1.0,0.5,12.92,7.6,2.6,0.32,Enrolled
3160,Single,Change of course,Communication Design,Daytime,Secondary Education,122.8,Yes,No,No,Yes,Male,Yes,20,No,6,3,11.0,6,2,11.333333333333334,0.5,0.333,11.17,10.8,1.4,1.74,Enrolled
3161,Single,1st phase - general contingent,Animation and Multimedia Design,Daytime,Secondary Education,117.3,Yes,No,No,Yes,Male,Yes,21,No,0,0,0.0,0,0,0.0,0,0,0.0,10.8,1.4,1.74,Graduate
3162,Single,1st phase - general contingent,Tourism,Daytime,Secondary Education,126.5,Yes,No,No,Yes,Female,Yes,20,Yes,6,6,12.857142857142858,6,5,11.8,1.0,0.833,12.33,8.9,1.4,3.51,Graduate
3163,Single,1st phase - general contingent,Nursing,Daytime,Secondary Education,123.0,Yes,No,No,Yes,Female,No,19,No,8,7,14.328571428571427,8,7,14.328571428571427,0.875,0.875,14.33,10.8,1.4,1.74,Graduate
3164,Single,1st phase - general contingent,Social Service,Daytime,Secondary Education,127.7,No,No,No,Yes,Female,Yes,20,No,6,6,15.0,6,6,16.333333333333332,1.0,1.0,15.67,13.9,-0.3,0.79,Graduate
3165,Single,1st phase - general contingent,Veterinary Nursing,Daytime,Secondary Education,117.5,Yes,No,No,Yes,Female,No,19,No,5,5,13.6,5,5,12.4,1.0,1.0,13.0,12.7,3.7,-1.7,Graduate
3166,Single,1st phase - general contingent,Veterinary Nursing,Daytime,Secondary Education,128.4,Yes,No,No,Yes,Female,Yes,18,No,5,5,12.857142857142858,5,4,13.25,1.0,0.8,13.05,9.4,-0.8,-3.12,Graduate
3167,Single,2nd phase - general contingent,Basic Education,Daytime,Secondary Education,124.1,Yes,No,No,Yes,Female,No,18,No,6,2,14.5,6,1,10.0,0.333,0.167,12.25,15.5,2.8,-4.06,Dropout
3168,Single,Over 23 years old,Management (evening attendance),Evening,Secondary Education,140.9,No,Yes,No,Yes,Female,No,24,No,5,3,10.666666666666666,5,3,10.5,0.6,0.6,10.58,10.8,1.4,1.74,Dropout
3169,Single,1st phase - general contingent,Tourism,Daytime,Secondary Education,126.2,No,No,Yes,No,Female,Yes,21,No,6,6,13.428571428571429,6,6,11.333333333333334,1.0,1.0,12.38,8.9,1.4,3.51,Dropout
3170,Single,1st phase - general contingent,Nursing,Daytime,Secondary Education,120.5,Yes,No,No,Yes,Male,Yes,18,No,7,7,11.716666666666663,8,4,10.868,1.0,0.5,11.29,15.5,2.8,-4.06,Graduate
3171,Single,2nd phase - general contingent,Management,Daytime,Secondary Education,121.1,Yes,No,No,Yes,Male,Yes,20,No,5,4,12.0,5,5,12.8,0.8,1.0,12.4,11.1,0.6,2.02,Graduate
3172,Single,3rd phase - general contingent,Basic Education,Daytime,Secondary Education,123.7,Yes,No,Yes,No,Female,No,20,No,6,5,13.2,6,4,10.75,0.833,0.667,11.98,10.8,1.4,1.74,Dropout
3173,Single,2nd phase - general contingent,Tourism,Daytime,Secondary Education,116.9,Yes,No,Yes,Yes,Female,No,18,No,6,5,12.2,6,4,12.25,0.833,0.667,12.22,12.4,0.5,1.79,Dropout
3174,Single,Over 23 years old,Oral Hygiene,Daytime,Secondary Education,100.0,Yes,No,No,Yes,Female,Yes,25,No,7,5,12.58,7,6,12.157142857142857,0.714,0.857,12.37,8.9,1.4,3.51,Graduate
3175,Single,2nd phase - general contingent,Social Service,Daytime,Secondary Education,120.2,Yes,No,No,Yes,Female,Yes,19,No,6,5,11.333333333333334,6,6,10.833333333333334,0.833,1.0,11.08,13.9,-0.3,0.79,Enrolled
3176,Married,Over 23 years old,Biofuel Production Technologies,Daytime,Secondary Education,153.8,No,No,Yes,Yes,Male,No,35,No,7,0,0.0,7,0,0.0,0.0,0.0,0.0,11.1,0.6,2.02,Dropout
3177,Single,1st phase - general contingent,Nursing,Daytime,Secondary Education,120.1,Yes,No,No,Yes,Female,Yes,19,No,7,6,12.428571428571429,8,8,14.0,0.857,1.0,13.21,13.9,-0.3,0.79,Graduate
3178,Single,1st phase - general contingent,Advertising and Marketing Management,Daytime,Secondary Education,128.1,Yes,No,No,Yes,Male,Yes,18,No,6,6,13.0,6,6,13.0,1.0,1.0,13.0,13.9,-0.3,0.79,Dropout
3179,Single,1st phase - general contingent,Nursing,Daytime,Secondary Education,126.8,No,No,No,Yes,Male,No,19,No,8,7,14.535714285714286,8,7,14.535714285714286,0.875,0.875,14.54,10.8,1.4,1.74,Graduate
3180,Single,Change of course,Nursing,Daytime,Secondary Education,125.7,Yes,No,No,Yes,Male,Yes,19,No,7,5,11.2,7,5,11.2,0.714,0.714,11.2,7.6,2.6,0.32,Enrolled
3181,Single,2nd phase - general contingent,Communication Design,Daytime,Secondary Education,146.2,No,No,No,Yes,Male,No,18,No,6,6,16.0,6,6,13.666666666666666,1.0,1.0,14.83,12.4,0.5,1.79,Graduate
3182,Single,Over 23 years old,Equinculture,Daytime,Basic Education 3rd Cycle,140.0,Yes,No,Yes,Yes,Male,No,24,No,6,5,13.142857142857142,6,3,12.666666666666666,0.833,0.5,12.9,16.2,0.3,-0.92,Dropout
3183,Single,Change of course,Social Service (evening attendance),Evening,Secondary Education,134.5,Yes,No,No,Yes,Male,No,25,Yes,14,11,11.6875,10,8,11.142857142857142,0.786,0.8,11.42,9.4,-0.8,-3.12,Graduate
3184,Single,Over 23 years old,Informatics Engineering,Daytime,Secondary Education,137.0,Yes,No,No,Yes,Male,No,28,No,5,4,10.5,5,4,11.0,0.8,0.8,10.75,7.6,2.6,0.32,Enrolled
3185,Single,1st phase - general contingent,Veterinary Nursing,Daytime,Secondary Education,107.5,No,No,No,Yes,Male,Yes,19,No,6,6,13.833333333333334,6,5,13.666666666666666,1.0,0.833,13.75,11.1,0.6,2.02,Graduate
3186,Single,2nd phase - general contingent,Informatics Engineering,Daytime,Secondary Education,112.2,No,No,No,Yes,Male,No,19,No,5,0,0.0,5,0,0.0,0.0,0.0,0.0,16.2,0.3,-0.92,Dropout
3187,Single,Over 23 years old,Equinculture,Daytime,11th Year - Not Completed,128.2,No,No,No,No,Male,Yes,30,No,5,0,0.0,5,0,0.0,0.0,0.0,0.0,9.4,-0.8,-3.12,Dropout
3188,Single,1st phase - general contingent,Nursing,Daytime,Secondary Education,126.8,Yes,No,No,Yes,Male,No,19,No,7,0,0.0,7,0,0.0,0.0,0.0,0.0,15.5,2.8,-4.06,Dropout
3189,Single,2nd phase - general contingent,Management,Daytime,Secondary Education,132.1,Yes,No,No,Yes,Male,No,21,No,5,1,10.0,5,0,0.0,0.2,0.0,5.0,11.1,0.6,2.02,Dropout
3190,Single,1st phase - general contingent,Animation and Multimedia Design,Daytime,Secondary Education,110.0,No,No,No,Yes,Male,No,19,No,0,0,0.0,0,0,0.0,0,0,0.0,13.9,-0.3,0.79,Dropout
3191,Single,Over 23 years old,Agronomy,Daytime,Secondary Education,100.0,No,No,No,No,Male,No,29,No,6,0,0.0,6,0,0.0,0.0,0.0,0.0,13.9,-0.3,0.79,Dropout
3192,Single,1st phase - general contingent,Advertising and Marketing Management,Daytime,Secondary Education,114.3,No,No,No,Yes,Male,No,18,No,6,4,12.6,6,4,13.0,0.667,0.667,12.8,12.4,0.5,1.79,Dropout
3193,Single,1st phase - general contingent,Management,Daytime,Secondary Education,116.4,No,No,No,Yes,Male,No,21,No,5,3,11.25,5,3,11.0,0.6,0.6,11.12,15.5,2.8,-4.06,Enrolled
3194,Single,Transfer,Communication Design,Daytime,Secondary Education,116.9,No,No,No,Yes,Male,No,20,No,7,7,12.375,7,4,11.25,1.0,0.571,11.81,13.9,-0.3,0.79,Dropout
3195,Single,Change of institution/course,Management (evening attendance),Evening,Secondary Education,128.2,No,No,Yes,Yes,Male,No,24,No,10,7,10.714285714285714,10,9,12.555555555555555,0.7,0.9,11.63,12.4,0.5,1.79,Enrolled
3196,Single,2nd phase - general contingent,Journalism and Communication,Daytime,Secondary Education,127.0,Yes,No,No,No,Male,No,18,No,6,0,0.0,6,0,0.0,0.0,0.0,0.0,8.9,1.4,3.51,Dropout
3197,Single,Transfer,Agronomy,Daytime,Secondary Education,140.0,Yes,No,No,Yes,Male,No,23,No,6,5,12.0,6,5,12.142857142857142,0.833,0.833,12.07,15.5,2.8,-4.06,Enrolled
3198,Single,1st phase - general contingent,Management,Daytime,Secondary Education,120.0,Yes,No,No,Yes,Male,No,19,No,5,5,12.6,5,3,12.666666666666666,1.0,0.6,12.63,8.9,1.4,3.51,Graduate
3199,Single,Holders of other higher courses,Tourism,Daytime,Higher Education - Degree,110.0,No,No,No,Yes,Male,No,35,No,6,0,0.0,6,0,0.0,0.0,0.0,0.0,16.2,0.3,-0.92,Dropout
3200,Single,1st phase - general contingent,Nursing,Daytime,Secondary Education,127.0,Yes,No,No,Yes,Male,No,20,No,8,7,12.84142857142857,8,7,12.84142857142857,0.875,0.875,12.84,10.8,1.4,1.74,Graduate
3201,Married,Over 23 years old,Social Service,Daytime,Professional Higher Technical Course,159.5,No,No,No,Yes,Male,No,33,No,6,0,0.0,5,0,0.0,0.0,0.0,0.0,8.9,1.4,3.51,Dropout
3202,Single,1st phase - general contingent,Journalism and Communication,Daytime,Secondary Education,135.2,Yes,No,No,Yes,Male,No,18,No,6,6,14.166666666666666,6,6,12.833333333333334,1.0,1.0,13.5,9.4,-0.8,-3.12,Graduate
3203,Single,1st phase - general contingent,Journalism and Communication,Daytime,Secondary Education,122.8,Yes,No,No,Yes,Male,No,20,No,6,6,12.166666666666666,6,3,12.0,1.0,0.5,12.08,12.4,0.5,1.79,Enrolled
3204,Single,2nd phase - general contingent,Journalism and Communication,Daytime,Secondary Education,118.0,Yes,No,No,Yes,Male,No,19,No,6,4,10.8,6,3,11.0,0.667,0.5,10.9,13.9,-0.3,0.79,Dropout
3205,Single,2nd phase - general contingent,Journalism and Communication,Daytime,Secondary Education,123.6,Yes,No,No,Yes,Male,No,18,No,6,6,13.0,6,0,0.0,1.0,0.0,6.5,7.6,2.6,0.32,Dropout
3206,Single,Over 23 years old,Management (evening attendance),Evening,Secondary Education,111.0,No,No,No,No,Male,No,28,No,5,0,0.0,5,0,0.0,0.0,0.0,0.0,8.9,1.4,3.51,Dropout
3207,Single,1st phase - general contingent,Management,Daytime,Secondary Education,144.6,No,No,No,Yes,Male,No,18,No,5,5,13.0,5,5,13.333333333333334,1.0,1.0,13.17,16.2,0.3,-0.92,Graduate
3208,Single,1st phase - general contingent,Journalism and Communication,Daytime,Secondary Education,111.8,Yes,No,Yes,Yes,Male,No,25,No,6,6,11.571428571428571,6,6,11.571428571428571,1.0,1.0,11.57,15.5,2.8,-4.06,Dropout
3209,Single,1st phase - general contingent,Social Service,Daytime,Secondary Education,122.1,No,Yes,Yes,No,Male,No,19,No,6,4,11.5,6,5,11.0,0.667,0.833,11.25,8.9,1.4,3.51,Dropout
3210,Single,3rd phase - general contingent,Communication Design,Daytime,Secondary Education,119.9,No,No,No,Yes,Male,No,18,No,6,5,11.0,6,4,10.75,0.833,0.667,10.88,9.4,-0.8,-3.12,Graduate
3211,Single,Holders of other higher courses,Agronomy,Daytime,Higher Education - Degree,130.0,Yes,No,No,Yes,Male,No,29,No,6,6,17.11111111111111,6,6,15.571428571428571,1.0,1.0,16.34,13.9,-0.3,0.79,Graduate
3212,Single,1st phase - general contingent,Animation and Multimedia Design,Daytime,Secondary Education,118.4,Yes,No,No,Yes,Male,No,18,No,0,0,0.0,0,0,0.0,0,0,0.0,7.6,2.6,0.32,Enrolled
3213,Single,1st phase - general contingent,Tourism,Daytime,Secondary Education,112.6,No,No,No,Yes,Male,Yes,20,No,6,6,12.571428571428571,6,6,12.166666666666666,1.0,1.0,12.37,8.9,1.4,3.51,Graduate
3214,Single,Technological specialization diploma holders,Agronomy,Daytime,Technological Specialization Course,150.0,No,No,No,Yes,Male,No,20,No,6,0,0.0,6,0,0.0,0.0,0.0,0.0,15.5,2.8,-4.06,Dropout
3215,Single,1st phase - general contingent,Communication Design,Daytime,Secondary Education,165.8,Yes,No,No,Yes,Male,No,18,No,6,6,14.5,6,6,15.166666666666666,1.0,1.0,14.83,9.4,-0.8,-3.12,Graduate
3216,Single,1st phase - general contingent,Tourism,Daytime,Secondary Education,101.7,Yes,No,No,Yes,Male,Yes,21,No,6,6,13.5,6,6,12.333333333333334,1.0,1.0,12.92,12.4,0.5,1.79,Graduate
3217,Single,2nd phase - general contingent,Tourism,Daytime,Secondary Education,124.3,No,No,No,No,Male,No,18,No,6,5,11.2,6,2,10.0,0.833,0.333,10.6,9.4,-0.8,-3.12,Dropout
3218,Single,1st phase - general contingent,Informatics Engineering,Daytime,Secondary Education,122.1,Yes,No,No,Yes,Male,No,20,No,5,3,10.666666666666666,5,4,12.25,0.6,0.8,11.46,7.6,2.6,0.32,Graduate
3219,Single,Change of course,Social Service (evening attendance),Evening,Secondary Education,134.7,No,No,No,Yes,Female,No,23,No,13,9,11.0,11,7,11.571428571428571,0.692,0.636,11.29,15.5,2.8,-4.06,Enrolled
3220,Single,Over 23 years old,Management (evening attendance),Evening,Secondary Education,154.5,No,No,No,Yes,Female,No,26,No,1,0,0.0,5,0,0.0,0.0,0.0,0.0,16.2,0.3,-0.92,Dropout
3221,Single,2nd phase - general contingent,Advertising and Marketing Management,Daytime,Secondary Education,128.8,No,No,Yes,Yes,Female,No,19,No,5,1,10.0,5,0,0.0,0.2,0.0,5.0,9.4,-0.8,-3.12,Dropout
3222,Single,Over 23 years old,Oral Hygiene,Daytime,Secondary Education,106.0,Yes,No,Yes,No,Female,Yes,24,No,7,5,12.36,8,5,12.0,0.714,0.625,12.18,8.9,1.4,3.51,Dropout
3223,Single,1st phase - general contingent,Advertising and Marketing Management,Daytime,Secondary Education,146.2,Yes,No,No,Yes,Female,Yes,20,No,6,6,15.25,6,6,14.714285714285714,1.0,1.0,14.98,11.1,0.6,2.02,Graduate
3224,Single,2nd phase - general contingent,Management (evening attendance),Evening,Secondary Education,116.9,Yes,No,Yes,No,Female,No,26,No,5,0,0.0,5,0,0.0,0.0,0.0,0.0,10.8,1.4,1.74,Dropout
3225,Single,Over 23 years old,Management,Daytime,Other - 11th Year,118.2,No,No,No,Yes,Female,No,31,No,5,1,13.0,5,4,12.25,0.2,0.8,12.62,10.8,1.4,1.74,Dropout
3226,Married,Change of course,Nursing,Daytime,Secondary Education,105.7,Yes,No,No,Yes,Female,No,27,No,8,8,13.81375,8,8,13.81375,1.0,1.0,13.81,9.4,-0.8,-3.12,Graduate
3227,Single,1st phase - general contingent,Veterinary Nursing,Daytime,Secondary Education,126.9,No,No,Yes,Yes,Female,No,24,No,6,6,13.285714285714286,6,6,12.875,1.0,1.0,13.08,11.1,0.6,2.02,Graduate
3228,Single,Technological specialization diploma holders,Veterinary Nursing,Daytime,Technological Specialization Course,150.0,Yes,No,No,Yes,Female,No,23,No,6,4,11.5,6,4,12.2,0.667,0.667,11.85,8.9,1.4,3.51,Enrolled
3229,Single,1st phase - general contingent,Nursing,Daytime,Secondary Education,108.4,Yes,No,No,Yes,Female,Yes,20,No,7,7,11.9625,8,8,13.044444444444444,1.0,1.0,12.5,13.9,-0.3,0.79,Graduate
3230,Single,1st phase - general contingent,Nursing,Daytime,Secondary Education,114.2,Yes,No,No,Yes,Female,No,20,No,7,6,13.683333333333332,8,6,13.116666666666667,0.857,0.75,13.4,11.1,0.6,2.02,Graduate
3231,Single,Over 23 years old,Nursing,Daytime,Secondary Education,140.0,Yes,No,No,Yes,Female,No,24,No,8,7,14.985714285714286,8,7,14.985714285714286,0.875,0.875,14.99,12.7,3.7,-1.7,Graduate
3232,Married,Over 23 years old,Management,Daytime,Secondary Education,142.5,No,No,No,Yes,Female,No,39,No,5,4,11.25,5,4,11.5,0.8,0.8,11.38,11.1,0.6,2.02,Enrolled
3233,Single,1st phase - general contingent,Journalism and Communication,Daytime,Secondary Education,126.5,Yes,No,No,Yes,Female,No,18,No,6,4,12.5,6,5,12.6,0.667,0.833,12.55,12.7,3.7,-1.7,Graduate
3234,Single,2nd phase - general contingent,Veterinary Nursing,Daytime,Secondary Education,111.3,No,No,No,Yes,Female,No,20,No,6,0,0.0,6,0,0.0,0.0,0.0,0.0,11.1,0.6,2.02,Dropout
3235,Single,1st phase - general contingent,Nursing,Daytime,Secondary Education,125.1,Yes,No,No,Yes,Female,No,18,No,7,7,13.78,8,8,13.661,1.0,1.0,13.72,15.5,2.8,-4.06,Graduate
3236,Single,1st phase - general contingent,Nursing,Daytime,Secondary Education,126.3,Yes,No,No,Yes,Female,No,19,No,7,7,13.805,8,8,14.2725,1.0,1.0,14.04,15.5,2.8,-4.06,Graduate
3237,Single,2nd phase - general contingent,Veterinary Nursing,Daytime,Secondary Education,142.2,Yes,No,No,Yes,Female,No,18,No,5,5,13.8,5,5,12.6,1.0,1.0,13.2,10.8,1.4,1.74,Graduate
3238,Single,1st phase - general contingent,Advertising and Marketing Management,Daytime,Secondary Education,110.2,Yes,No,No,Yes,Female,No,22,No,5,3,12.666666666666666,5,4,12.0,0.6,0.8,12.33,7.6,2.6,0.32,Enrolled
3239,Single,2nd phase - general contingent,Nursing,Daytime,Secondary Education,127.0,Yes,No,No,Yes,Female,No,18,No,7,7,14.424285714285714,8,8,13.9375,1.0,1.0,14.18,11.1,0.6,2.02,Graduate
3240,Single,1st phase - general contingent,Social Service,Daytime,Secondary Education,128.6,No,No,No,Yes,Female,Yes,18,No,6,6,13.166666666666666,6,6,12.5,1.0,1.0,12.83,12.4,0.5,1.79,Graduate
3241,Divorced,Over 23 years old,Management (evening attendance),Evening,Secondary Education,130.4,No,No,No,Yes,Female,No,30,No,5,3,10.666666666666666,5,5,10.4,0.6,1.0,10.53,12.7,3.7,-1.7,Enrolled
3242,Married,Change of course,Social Service,Daytime,Other - 11th Year,134.4,No,No,No,Yes,Female,No,34,No,16,14,12.071428571428571,13,11,12.272727272727272,0.875,0.846,12.17,7.6,2.6,0.32,Graduate
3243,Single,Over 23 years old,Social Service (evening attendance),Evening,Basic Education 3rd Cycle,100.0,No,No,No,Yes,Female,No,38,No,6,3,10.25,6,1,12.0,0.5,0.167,11.12,13.9,-0.3,0.79,Dropout
3244,Single,1st phase - general contingent,Nursing,Daytime,Secondary Education,133.0,Yes,No,No,Yes,Female,Yes,19,No,8,8,14.11,8,8,14.11,1.0,1.0,14.11,9.4,-0.8,-3.12,Graduate
3245,Single,2nd phase - general contingent,Basic Education,Daytime,Secondary Education,126.7,Yes,No,No,Yes,Female,No,19,No,6,5,12.4,6,3,10.666666666666666,0.833,0.5,11.53,10.8,1.4,1.74,Dropout
3246,Single,Change of course,Journalism and Communication,Daytime,Secondary Education,129.0,No,No,No,No,Female,No,21,No,6,6,12.0,6,6,12.0,1.0,1.0,12.0,10.8,1.4,1.74,Dropout
3247,Single,2nd phase - general contingent,Journalism and Communication,Daytime,Secondary Education,133.7,Yes,No,No,Yes,Female,Yes,18,No,6,6,14.833333333333334,6,6,13.5,1.0,1.0,14.17,11.1,0.6,2.02,Graduate
3248,Single,2nd phase - general contingent,Veterinary Nursing,Daytime,Secondary Education,122.2,Yes,No,No,Yes,Female,Yes,20,No,6,6,15.428571428571429,6,6,13.5,1.0,1.0,14.46,13.9,-0.3,0.79,Graduate
3249,Single,2nd phase - general contingent,Management,Daytime,Secondary Education,128.9,No,No,No,Yes,Female,Yes,18,No,5,5,11.6,5,5,11.4,1.0,1.0,11.5,16.2,0.3,-0.92,Graduate
3250,Single,1st phase - general contingent,Communication Design,Daytime,Secondary Education,154.4,Yes,No,No,Yes,Female,No,18,No,6,6,14.166666666666666,6,6,14.0,1.0,1.0,14.08,16.2,0.3,-0.92,Graduate
3251,Single,Holders of other higher courses,Oral Hygiene,Daytime,Higher Education - Bachelor's,130.0,Yes,No,No,Yes,Female,Yes,36,No,7,1,9.8,7,0,0.0,0.143,0.0,4.9,12.7,3.7,-1.7,Dropout
3252,Single,2nd phase - general contingent,Management,Daytime,Secondary Education,113.0,Yes,No,No,Yes,Female,Yes,18,No,5,4,10.714285714285714,5,4,11.0,0.8,0.8,10.86,13.9,-0.3,0.79,Graduate
3253,Single,Change of course,Equinculture,Daytime,Frequency of Higher Education,123.3,Yes,No,No,Yes,Female,Yes,21,No,5,0,0.0,5,0,0.0,0.0,0.0,0.0,7.6,2.6,0.32,Dropout
3254,Single,Technological specialization diploma holders,Equinculture,Daytime,Technological Specialization Course,130.0,Yes,No,Yes,Yes,Female,Yes,21,No,6,3,12.333333333333334,6,1,13.0,0.5,0.167,12.67,13.9,-0.3,0.79,Dropout
3255,Single,International student (bachelor),Veterinary Nursing,Daytime,Secondary Education,101.3,No,No,No,Yes,Female,No,18,Yes,6,6,13.0,6,6,12.25,1.0,1.0,12.62,11.1,0.6,2.02,Graduate
3256,Single,2nd phase - general contingent,Advertising and Marketing Management,Daytime,Secondary Education,113.7,Yes,No,No,Yes,Female,No,18,No,5,4,11.4,5,4,11.25,0.8,0.8,11.32,9.4,-0.8,-3.12,Graduate
3257,Single,1st phase - general contingent,Nursing,Daytime,Secondary Education,138.8,Yes,No,No,Yes,Female,No,19,No,7,6,12.766666666666666,7,6,12.766666666666666,0.857,0.857,12.77,7.6,2.6,0.32,Graduate
3258,Married,Over 23 years old,Agronomy,Daytime,Basic Education 3rd Cycle,140.0,No,No,Yes,Yes,Female,No,29,No,6,5,12.6,6,6,12.666666666666666,0.833,1.0,12.63,11.1,0.6,2.02,Graduate
3259,Single,Technological specialization diploma holders,Management,Daytime,Technological Specialization Course,130.0,No,No,No,Yes,Female,Yes,20,No,7,7,13.0,5,5,13.4,1.0,1.0,13.2,11.1,0.6,2.02,Graduate
3260,Single,2nd phase - general contingent,Nursing,Daytime,Secondary Education,132.5,Yes,No,No,Yes,Female,No,18,No,7,6,14.316666666666668,7,6,14.316666666666668,0.857,0.857,14.32,7.6,2.6,0.32,Graduate
3261,Single,1st phase - general contingent,Veterinary Nursing,Daytime,Secondary Education,117.4,Yes,No,No,Yes,Female,No,19,No,5,4,12.75,5,5,12.0,0.8,1.0,12.38,10.8,1.4,1.74,Graduate
3262,Single,1st phase - general contingent,Management,Daytime,Secondary Education,109.8,Yes,No,No,Yes,Female,Yes,19,No,5,5,13.4,5,5,12.6,1.0,1.0,13.0,8.9,1.4,3.51,Graduate
3263,Single,Over 23 years old,Social Service (evening attendance),Evening,Secondary Education,116.5,No,No,Yes,No,Female,No,37,No,6,0,0.0,5,0,0.0,0.0,0.0,0.0,8.9,1.4,3.51,Dropout
3264,Single,1st phase - general contingent,Veterinary Nursing,Daytime,Secondary Education,165.2,Yes,No,No,Yes,Female,Yes,18,No,5,4,15.75,5,5,13.8,0.8,1.0,14.78,10.8,1.4,1.74,Graduate
3265,Single,1st phase - general contingent,Basic Education,Daytime,Secondary Education,113.0,Yes,No,No,Yes,Female,No,21,No,6,5,12.4,6,1,11.0,0.833,0.167,11.7,12.7,3.7,-1.7,Dropout
3266,Single,2nd phase - general contingent,Social Service,Daytime,Secondary Education,123.3,No,No,No,Yes,Female,Yes,19,No,6,6,11.5,6,6,12.333333333333334,1.0,1.0,11.92,12.4,0.5,1.79,Graduate
3267,Single,2nd phase - general contingent,Advertising and Marketing Management,Daytime,Secondary Education,116.7,No,No,No,Yes,Female,No,19,No,5,5,13.4,5,5,14.0,1.0,1.0,13.7,9.4,-0.8,-3.12,Graduate
3268,Married,Over 23 years old,Management (evening attendance),Evening,Technological Specialization Course,110.0,No,No,No,Yes,Female,Yes,35,No,5,3,11.666666666666666,5,5,11.8,0.6,1.0,11.73,12.7,3.7,-1.7,Enrolled
3269,Married,Over 23 years old,Nursing,Daytime,Secondary Education,118.9,No,No,No,Yes,Female,No,30,No,7,0,0.0,8,0,0.0,0.0,0.0,0.0,13.9,-0.3,0.79,Dropout
3270,Single,Change of course,Journalism and Communication,Daytime,Secondary Education,103.6,Yes,No,No,Yes,Female,No,27,No,8,7,13.285714285714286,7,5,11.6,0.875,0.714,12.44,9.4,-0.8,-3.12,Dropout
3271,Married,1st phase - general contingent,Tourism,Daytime,Secondary Education,122.7,No,No,No,Yes,Female,Yes,45,No,6,4,11.5,6,2,10.5,0.667,0.333,11.0,7.6,2.6,0.32,Dropout
3272,Married,Over 23 years old,Social Service (evening attendance),Evening,Secondary Education,113.5,No,No,No,Yes,Female,Yes,50,No,9,8,13.25,7,7,11.714285714285714,0.889,1.0,12.48,12.7,3.7,-1.7,Graduate
3273,Divorced,Transfer,Management,Daytime,Secondary Education,128.2,No,No,No,Yes,Female,No,41,No,14,11,12.25,10,10,13.4,0.786,1.0,12.82,9.4,-0.8,-3.12,Graduate
3274,Single,Change of course,Nursing,Daytime,Secondary Education,120.0,Yes,No,No,Yes,Female,No,26,No,7,6,12.0,7,6,12.0,0.857,0.857,12.0,7.6,2.6,0.32,Enrolled
3275,Single,Over 23 years old,Agronomy,Daytime,Basic Education 3rd Cycle,130.0,No,No,No,Yes,Female,No,44,No,6,1,12.0,6,0,0.0,0.167,0.0,6.0,11.1,0.6,2.02,Dropout
3276,Facto Union,Holders of other higher courses,Management,Daytime,Higher Education - Degree (1st cycle),110.0,No,No,No,Yes,Female,No,23,No,15,13,10.923076923076923,10,7,11.142857142857142,0.867,0.7,11.03,15.5,2.8,-4.06,Graduate
3277,Single,Change of institution/course,Biofuel Production Technologies,Daytime,Secondary Education,117.7,No,No,No,Yes,Female,No,34,No,12,10,12.0,10,5,11.0,0.833,0.5,11.5,11.1,0.6,2.02,Dropout
3278,Single,1st phase - general contingent,Management,Daytime,Secondary Education,99.6,Yes,No,No,Yes,Female,Yes,21,No,5,5,13.714285714285714,5,5,14.4,1.0,1.0,14.06,11.1,0.6,2.02,Graduate
3279,Single,Change of course,Management,Daytime,Secondary Education,117.9,Yes,No,No,Yes,Female,No,22,Yes,5,1,10.0,5,2,13.0,0.2,0.4,11.5,7.6,2.6,0.32,Dropout
3280,Divorced,Over 23 years old,Social Service (evening attendance),Evening,Secondary Education,113.0,No,No,No,Yes,Female,Yes,32,No,6,2,10.333333333333334,6,6,11.5,0.333,1.0,10.92,16.2,0.3,-0.92,Graduate
3281,Single,2nd phase - general contingent,Oral Hygiene,Daytime,Secondary Education,124.4,Yes,No,No,Yes,Female,No,20,Yes,7,7,12.728571428571428,8,8,14.625,1.0,1.0,13.68,15.5,2.8,-4.06,Graduate
3282,Married,Holders of other higher courses,Social Service (evening attendance),Evening,Higher Education - Degree,140.0,No,No,No,No,Female,No,59,No,15,12,13.333333333333334,8,8,12.875,0.8,1.0,13.1,10.8,1.4,1.74,Dropout
3283,Married,Short cycle diploma holders,Management,Daytime,Professional Higher Technical Course,132.4,No,No,No,Yes,Female,No,30,No,11,9,12.22222222222222,9,9,11.6,0.818,1.0,11.91,8.9,1.4,3.51,Enrolled
3284,Single,1st phase - general contingent,Tourism,Daytime,Secondary Education,124.0,Yes,No,No,Yes,Female,Yes,18,No,6,6,11.333333333333334,6,6,10.833333333333334,1.0,1.0,11.08,9.4,-0.8,-3.12,Graduate
3285,Married,Over 23 years old,Management (evening attendance),Evening,Secondary Education,132.0,No,No,Yes,Yes,Male,No,25,No,5,4,11.0,5,4,12.0,0.8,0.8,11.5,7.6,2.6,0.32,Enrolled
3286,Divorced,Change of course,Management (evening attendance),Evening,Secondary Education,149.8,No,No,No,Yes,Male,No,36,No,5,5,13.8,5,5,13.8,1.0,1.0,13.8,12.7,3.7,-1.7,Graduate
3287,Single,Holders of other higher courses,Oral Hygiene,Daytime,Higher Education - Master (2nd cycle),160.0,No,No,No,Yes,Male,No,36,No,7,1,12.0,7,0,0.0,0.143,0.0,6.0,11.1,0.6,2.02,Dropout
3288,Single,2nd phase - general contingent,Advertising and Marketing Management,Daytime,Secondary Education,114.6,No,No,No,No,Male,No,19,No,6,4,11.25,6,3,10.166666666666666,0.667,0.5,10.71,10.8,1.4,1.74,Dropout
3289,Single,Over 23 years old,Management (evening attendance),Evening,Secondary Education,120.0,No,No,No,Yes,Male,No,25,No,5,4,10.5,5,5,12.0,0.8,1.0,11.25,9.4,-0.8,-3.12,Graduate
3290,Single,Over 23 years old,Agronomy,Daytime,Basic Education 3rd Cycle,100.0,No,No,No,Yes,Male,No,35,No,18,18,11.555555555555555,13,13,11.615384615384617,1.0,1.0,11.59,15.5,2.8,-4.06,Graduate
3291,Single,1st phase - general contingent,Social Service,Daytime,Secondary Education,128.5,No,No,No,Yes,Male,No,20,No,6,1,14.0,6,0,0.0,0.167,0.0,7.0,16.2,0.3,-0.92,Dropout
3292,Single,Over 23 years old,Agronomy,Daytime,Secondary Education,113.0,Yes,No,No,No,Male,No,35,No,6,1,13.0,6,0,0.0,0.167,0.0,6.5,15.5,2.8,-4.06,Dropout
3293,Single,1st phase - general contingent,Social Service,Daytime,Secondary Education,150.8,Yes,No,No,Yes,Female,No,27,No,6,2,11.0,6,1,11.0,0.333,0.167,11.0,7.6,2.6,0.32,Dropout
3294,Single,2nd phase - general contingent,Nursing,Daytime,Secondary Education,130.8,Yes,No,No,Yes,Female,No,18,No,8,7,13.68142857142857,8,7,13.68142857142857,0.875,0.875,13.68,10.8,1.4,1.74,Enrolled
3295,Single,Change of course,Nursing,Daytime,Secondary Education,114.5,No,No,No,Yes,Female,No,23,No,7,6,12.1,7,6,12.616666666666667,0.857,0.857,12.36,16.2,0.3,-0.92,Enrolled
3296,Single,2nd phase - general contingent,Social Service (evening attendance),Evening,Secondary Education,114.8,Yes,No,No,Yes,Female,No,19,No,6,4,10.5,6,4,11.25,0.667,0.667,10.88,10.8,1.4,1.74,Graduate
3297,Single,2nd phase - general contingent,Nursing,Daytime,Secondary Education,126.2,Yes,No,No,Yes,Female,Yes,18,No,7,5,11.94,7,6,12.8,0.714,0.857,12.37,11.1,0.6,2.02,Enrolled
3298,Single,Over 23 years old,Nursing,Daytime,Secondary Education,129.0,No,No,Yes,No,Female,No,26,No,7,4,12.86,7,5,11.566666666666668,0.571,0.714,12.21,12.4,0.5,1.79,Dropout
3299,Single,2nd phase - general contingent,Social Service,Daytime,Secondary Education,110.5,No,No,No,Yes,Female,No,19,No,6,6,14.25,6,6,14.0,1.0,1.0,14.12,16.2,0.3,-0.92,Graduate
3300,Single,1st phase - general contingent,Nursing,Daytime,Secondary Education,132.5,Yes,No,No,No,Female,No,19,No,7,0,0.0,8,0,0.0,0.0,0.0,0.0,12.7,3.7,-1.7,Dropout
3301,Single,1st phase - general contingent,Animation and Multimedia Design,Daytime,Secondary Education,130.7,Yes,No,No,Yes,Female,No,18,No,0,0,0.0,0,0,0.0,0,0,0.0,13.9,-0.3,0.79,Dropout
3302,Single,2nd phase - general contingent,Nursing,Daytime,Secondary Education,130.4,Yes,No,No,Yes,Female,Yes,19,No,7,7,13.894285714285711,8,8,14.3625,1.0,1.0,14.13,11.1,0.6,2.02,Graduate
3303,Single,2nd phase - general contingent,Nursing,Daytime,Secondary Education,124.3,Yes,No,No,Yes,Female,Yes,19,No,7,7,13.46875,8,8,13.31375,1.0,1.0,13.39,15.5,2.8,-4.06,Graduate
3304,Single,1st phase - general contingent,Veterinary Nursing,Daytime,Secondary Education,132.6,Yes,No,No,Yes,Female,Yes,19,No,5,5,13.6,5,5,14.6,1.0,1.0,14.1,10.8,1.4,1.74,Graduate
3305,Single,Technological specialization diploma holders,Social Service (evening attendance),Evening,Technological Specialization Course,146.7,No,No,No,Yes,Female,Yes,21,No,6,6,14.666666666666666,6,6,13.833333333333334,1.0,1.0,14.25,12.4,0.5,1.79,Graduate
3306,Single,1st phase - general contingent,Journalism and Communication,Daytime,Secondary Education,130.1,Yes,No,No,Yes,Female,No,18,No,6,6,13.666666666666666,6,6,13.0,1.0,1.0,13.33,15.5,2.8,-4.06,Graduate
3307,Married,Change of course,Tourism,Daytime,Higher Education - Degree,120.0,Yes,No,No,Yes,Female,No,33,No,12,10,13.3,11,11,13.727272727272728,0.833,1.0,13.51,9.4,-0.8,-3.12,Graduate
3308,Single,Holders of other higher courses,Social Service (evening attendance),Evening,Higher Education - Degree,121.3,No,No,No,Yes,Female,No,32,No,11,11,13.454545454545457,11,7,12.428571428571429,1.0,0.636,12.94,12.7,3.7,-1.7,Graduate
3309,Single,1st phase - general contingent,Nursing,Daytime,Secondary Education,133.3,Yes,No,No,Yes,Female,Yes,17,No,8,8,13.41625,8,8,13.41625,1.0,1.0,13.42,9.4,-0.8,-3.12,Graduate
3310,Married,Over 23 years old,Nursing,Daytime,Secondary Education,110.5,No,No,No,Yes,Female,No,31,No,7,0,0.0,8,0,0.0,0.0,0.0,0.0,12.7,3.7,-1.7,Dropout
3311,Married,Over 23 years old,Social Service (evening attendance),Evening,Secondary Education,102.5,No,No,No,Yes,Female,Yes,32,No,6,6,11.333333333333334,6,5,13.0,1.0,0.833,12.17,15.5,2.8,-4.06,Graduate
3312,Single,1st phase - general contingent,Veterinary Nursing,Daytime,Secondary Education,150.9,Yes,No,No,Yes,Female,No,18,No,6,6,16.0,6,6,14.625,1.0,1.0,15.31,11.1,0.6,2.02,Dropout
3313,Single,Change of institution/course,Communication Design,Daytime,Other - 11th Year,106.6,No,No,Yes,Yes,Female,No,31,No,6,5,11.0,6,6,10.166666666666666,0.833,1.0,10.58,8.9,1.4,3.51,Enrolled
3314,Single,1st phase - general contingent,Tourism,Daytime,Secondary Education,118.3,No,No,No,Yes,Male,No,20,No,6,6,12.857142857142858,6,5,12.4,1.0,0.833,12.63,8.9,1.4,3.51,Enrolled
3315,Single,Change of course,Management (evening attendance),Evening,Secondary Education,117.9,No,No,No,No,Male,No,40,No,5,0,0.0,5,0,0.0,0.0,0.0,0.0,10.8,1.4,1.74,Dropout
3316,Married,1st phase - general contingent,Management (evening attendance),Evening,Secondary Education,135.0,Yes,No,No,Yes,Male,No,32,No,5,5,14.8,5,5,14.2,1.0,1.0,14.5,7.6,2.6,0.32,Graduate
3317,Single,Holders of other higher courses,Informatics Engineering,Daytime,Higher Education - Degree,120.0,No,No,No,No,Male,No,40,No,5,1,13.0,5,2,14.0,0.2,0.4,13.5,12.7,3.7,-1.7,Dropout
3318,Single,1st phase - general contingent,Animation and Multimedia Design,Daytime,Secondary Education,167.1,No,No,No,Yes,Male,Yes,18,No,0,0,0.0,0,0,0.0,0,0,0.0,16.2,0.3,-0.92,Graduate
3319,Single,Change of course,Management (evening attendance),Evening,Secondary Education,115.8,No,No,Yes,No,Male,No,28,No,9,4,10.0,6,1,10.0,0.444,0.167,10.0,12.7,3.7,-1.7,Dropout
3320,Single,1st phase - special contingent (Madeira Island),Communication Design,Daytime,Secondary Education,141.2,Yes,No,Yes,Yes,Male,No,19,No,6,5,11.2,6,6,12.0,0.833,1.0,11.6,9.4,-0.8,-3.12,Graduate
3321,Single,1st phase - general contingent,Journalism and Communication,Daytime,Secondary Education,118.4,No,No,No,Yes,Male,Yes,19,No,6,6,11.833333333333334,6,3,13.0,1.0,0.5,12.42,15.5,2.8,-4.06,Graduate
3322,Single,1st phase - general contingent,Management,Daytime,Secondary Education,134.3,No,Yes,No,Yes,Male,No,21,No,5,0,0.0,5,0,0.0,0.0,0.0,0.0,10.8,1.4,1.74,Dropout
3323,Single,2nd phase - general contingent,Management,Daytime,Secondary Education,128.7,Yes,No,No,Yes,Male,No,22,No,5,2,10.5,5,0,0.0,0.4,0.0,5.25,7.6,2.6,0.32,Dropout
3324,Single,2nd phase - general contingent,Informatics Engineering,Daytime,Secondary Education,116.1,Yes,No,No,No,Male,No,18,No,5,5,12.5,5,5,13.571428571428571,1.0,1.0,13.04,12.4,0.5,1.79,Dropout
3325,Single,Over 23 years old,Animation and Multimedia Design,Daytime,Secondary Education,100.0,Yes,No,No,Yes,Male,No,27,No,0,0,0.0,0,0,0.0,0,0,0.0,9.4,-0.8,-3.12,Dropout
3326,Single,1st phase - general contingent,Animation and Multimedia Design,Daytime,Secondary Education,118.8,No,No,No,Yes,Male,No,19,No,10,5,11.0,7,2,10.0,0.5,0.286,10.5,8.9,1.4,3.51,Enrolled
3327,Married,Change of course,Management (evening attendance),Evening,Secondary Education,130.0,Yes,No,No,Yes,Male,No,30,No,10,9,12.333333333333334,10,8,12.0,0.9,0.8,12.17,9.4,-0.8,-3.12,Graduate
3328,Single,Over 23 years old,Equinculture,Daytime,Technological Specialization Course,150.0,No,No,No,Yes,Male,No,28,No,6,0,0.0,6,1,10.0,0.0,0.167,5.0,16.2,0.3,-0.92,Dropout
3329,Facto Union,Over 23 years old,Informatics Engineering,Daytime,Secondary Education,116.0,No,No,Yes,Yes,Male,Yes,34,No,5,1,17.0,5,2,11.0,0.2,0.4,14.0,9.4,-0.8,-3.12,Enrolled
3330,Single,2nd phase - general contingent,Management,Daytime,Secondary Education,99.0,No,No,No,Yes,Male,No,21,No,5,5,11.0,5,3,11.428571428571429,1.0,0.6,11.21,10.8,1.4,1.74,Enrolled
3331,Single,1st phase - general contingent,Social Service,Daytime,Secondary Education,132.0,No,No,No,Yes,Male,Yes,20,No,6,5,11.142857142857142,6,6,11.571428571428571,0.833,1.0,11.36,16.2,0.3,-0.92,Graduate
3332,Single,Change of course,Tourism,Daytime,Secondary Education,125.0,No,No,No,No,Male,No,31,No,8,5,12.166666666666666,7,5,12.0,0.625,0.714,12.08,7.6,2.6,0.32,Dropout
3333,Single,2nd phase - general contingent,Informatics Engineering,Daytime,Secondary Education,116.2,No,No,Yes,No,Male,No,21,No,5,2,11.0,5,2,11.5,0.4,0.4,11.25,7.6,2.6,0.32,Dropout
3334,Single,Over 23 years old,Advertising and Marketing Management,Daytime,Basic Education 3rd Cycle,100.0,Yes,No,No,No,Male,No,27,No,5,1,11.0,5,3,10.666666666666666,0.2,0.6,10.83,7.6,2.6,0.32,Dropout
3335,Single,1st phase - general contingent,Journalism and Communication,Daytime,Secondary Education,132.9,Yes,No,No,Yes,Male,No,19,No,6,4,13.25,6,5,11.8,0.667,0.833,12.52,7.6,2.6,0.32,Graduate
3336,Single,2nd phase - general contingent,Journalism and Communication,Daytime,Secondary Education,132.5,Yes,No,No,Yes,Male,No,21,No,6,0,0.0,6,1,10.0,0.0,0.167,5.0,10.8,1.4,1.74,Enrolled
3337,Single,Technological specialization diploma holders,Agronomy,Daytime,Technological Specialization Course,140.0,Yes,No,No,No,Male,No,21,No,6,2,12.5,6,0,0.0,0.333,0.0,6.25,16.2,0.3,-0.92,Dropout
3338,Single,Change of course,Advertising and Marketing Management,Daytime,Secondary Education,100.1,No,No,No,No,Male,No,35,No,10,7,12.142857142857142,9,4,12.25,0.7,0.444,12.2,7.6,2.6,0.32,Dropout
3339,Single,Over 23 years old,Veterinary Nursing,Daytime,Secondary Education,128.2,No,No,No,Yes,Male,No,28,No,5,3,12.0,5,3,11.333333333333334,0.6,0.6,11.67,7.6,2.6,0.32,Dropout
3340,Single,2nd phase - general contingent,Advertising and Marketing Management,Daytime,Secondary Education,133.4,No,No,No,Yes,Male,No,24,No,6,4,11.25,6,4,10.428571428571429,0.667,0.667,10.84,10.8,1.4,1.74,Enrolled
3341,Single,1st phase - general contingent,Journalism and Communication,Daytime,Secondary Education,136.1,Yes,No,No,No,Male,No,19,No,4,0,0.0,6,0,0.0,0.0,0.0,0.0,9.4,-0.8,-3.12,Dropout
3342,Single,2nd phase - general contingent,Advertising and Marketing Management,Daytime,Secondary Education,123.0,No,No,Yes,No,Male,No,20,No,6,5,12.4,6,4,13.0,0.833,0.667,12.7,13.9,-0.3,0.79,Enrolled
3343,Single,1st phase - general contingent,Communication Design,Daytime,Secondary Education,130.3,Yes,No,No,Yes,Male,Yes,20,No,6,6,12.833333333333334,6,6,12.666666666666666,1.0,1.0,12.75,16.2,0.3,-0.92,Graduate
3344,Single,1st phase - general contingent,Informatics Engineering,Daytime,Secondary Education,153.7,No,No,No,Yes,Male,No,19,No,5,1,13.0,5,2,10.0,0.2,0.4,11.5,9.4,-0.8,-3.12,Enrolled
3345,Single,Over 23 years old,Veterinary Nursing,Daytime,Secondary Education,142.5,No,No,Yes,No,Male,No,37,No,7,5,12.0,7,3,11.666666666666666,0.714,0.429,11.83,8.9,1.4,3.51,Dropout
3346,Single,1st phase - general contingent,Tourism,Daytime,Secondary Education,114.6,Yes,No,No,Yes,Male,No,19,No,6,2,12.0,6,1,13.0,0.333,0.167,12.5,7.6,2.6,0.32,Dropout
3347,Single,Over 23 years old,Nursing,Daytime,Secondary Education,108.5,No,No,No,Yes,Male,No,36,No,7,0,0.0,7,0,0.0,0.0,0.0,0.0,13.9,-0.3,0.79,Dropout
3348,Single,Over 23 years old,Management,Daytime,Other - 11th Year,140.0,No,No,No,Yes,Male,No,29,No,5,0,0.0,5,0,0.0,0.0,0.0,0.0,9.4,-0.8,-3.12,Dropout
3349,Single,Over 23 years old,Agronomy,Daytime,Secondary Education,120.0,No,No,No,Yes,Male,No,30,No,6,6,11.375,6,5,11.6,1.0,0.833,11.49,13.9,-0.3,0.79,Graduate
3350,Single,Change of institution/course,Advertising and Marketing Management,Daytime,Basic Education 3rd Cycle,120.0,No,No,Yes,Yes,Male,No,32,No,6,2,12.0,6,0,0.0,0.333,0.0,6.0,11.1,0.6,2.02,Dropout
3351,Single,1st phase - general contingent,Social Service (evening attendance),Evening,Secondary Education,127.6,Yes,No,No,Yes,Male,No,26,No,6,6,11.833333333333334,6,6,11.666666666666666,1.0,1.0,11.75,10.8,1.4,1.74,Enrolled
3352,Married,Technological specialization diploma holders,Agronomy,Daytime,Technological Specialization Course,140.0,No,No,No,Yes,Male,No,37,No,6,1,12.0,6,2,10.5,0.167,0.333,11.25,16.2,0.3,-0.92,Dropout
3353,Single,Over 23 years old,Informatics Engineering,Daytime,Secondary Education,111.3,No,No,No,Yes,Male,No,27,No,6,3,12.0,6,2,11.0,0.5,0.333,11.5,13.9,-0.3,0.79,Dropout
3354,Single,1st phase - general contingent,Journalism and Communication,Daytime,Secondary Education,131.0,Yes,No,No,Yes,Male,Yes,18,No,6,6,12.714285714285714,6,5,11.833333333333334,1.0,0.833,12.27,13.9,-0.3,0.79,Graduate
3355,Single,1st phase - general contingent,Nursing,Daytime,Secondary Education,139.5,No,No,No,Yes,Male,Yes,18,No,8,8,15.3,8,8,15.3,1.0,1.0,15.3,9.4,-0.8,-3.12,Graduate
3356,Married,Over 23 years old,Agronomy,Daytime,Basic Education 3rd Cycle,110.0,No,No,No,No,Male,No,32,No,8,2,11.5,7,0,0.0,0.25,0.0,5.75,15.5,2.8,-4.06,Dropout
3357,Single,Technological specialization diploma holders,Informatics Engineering,Daytime,Technological Specialization Course,130.0,No,No,No,Yes,Male,No,20,No,5,1,13.0,5,3,12.6,0.2,0.6,12.8,12.4,0.5,1.79,Enrolled
3358,Single,Change of course,Agronomy,Daytime,Secondary Education,115.0,No,No,No,Yes,Male,No,22,No,6,0,0.0,6,0,0.0,0.0,0.0,0.0,16.2,0.3,-0.92,Dropout
3359,Divorced,Over 23 years old,Nursing,Daytime,Secondary Education,154.3,No,No,No,Yes,Female,No,32,No,7,0,0.0,8,0,0.0,0.0,0.0,0.0,12.4,0.5,1.79,Dropout
3360,Single,1st phase - general contingent,Management,Daytime,Secondary Education,135.0,Yes,No,No,Yes,Female,No,21,No,5,4,11.0,5,5,12.0,0.8,1.0,11.5,7.6,2.6,0.32,Enrolled
3361,Single,2nd phase - general contingent,Advertising and Marketing Management,Daytime,Secondary Education,115.2,No,No,No,No,Female,No,19,No,6,3,12.666666666666666,6,5,13.125,0.5,0.833,12.9,10.8,1.4,1.74,Dropout
3362,Single,1st phase - general contingent,Journalism and Communication,Daytime,Secondary Education,130.6,Yes,No,No,Yes,Female,Yes,18,No,6,6,13.5,6,6,14.0,1.0,1.0,13.75,8.9,1.4,3.51,Graduate
3363,Single,1st phase - general contingent,Management,Daytime,Secondary Education,117.4,Yes,No,No,Yes,Female,Yes,18,No,5,5,12.0,5,5,11.4,1.0,1.0,11.7,8.9,1.4,3.51,Graduate
3364,Single,Holders of other higher courses,Management,Daytime,Higher Education - Bachelor's,150.0,Yes,No,Yes,No,Female,No,38,No,5,0,0.0,5,0,0.0,0.0,0.0,0.0,15.5,2.8,-4.06,Dropout
3365,Single,2nd phase - general contingent,Basic Education,Daytime,Secondary Education,131.3,Yes,No,No,Yes,Female,No,21,No,6,5,11.8,6,4,10.5,0.833,0.667,11.15,7.6,2.6,0.32,Dropout
3366,Single,1st phase - general contingent,Social Service,Daytime,Secondary Education,120.4,No,No,No,No,Female,No,21,No,6,2,11.5,6,1,13.0,0.333,0.167,12.25,9.4,-0.8,-3.12,Dropout
3367,Single,1st phase - general contingent,Management (evening attendance),Evening,Secondary Education,113.6,No,No,No,Yes,Male,No,26,No,5,2,11.5,5,3,12.0,0.4,0.6,11.75,7.6,2.6,0.32,Enrolled
3368,Single,1st phase - general contingent,Nursing,Daytime,Secondary Education,125.0,Yes,No,No,Yes,Female,No,19,No,7,6,14.616666666666667,7,6,14.616666666666667,0.857,0.857,14.62,7.6,2.6,0.32,Graduate
3369,Single,1st phase - general contingent,Nursing,Daytime,Secondary Education,132.3,Yes,No,No,Yes,Female,Yes,19,No,8,7,14.06,8,7,14.06,0.875,0.875,14.06,10.8,1.4,1.74,Enrolled
3370,Single,2nd phase - general contingent,Tourism,Daytime,Secondary Education,142.7,No,No,Yes,Yes,Female,No,18,No,6,4,11.0,6,3,11.333333333333334,0.667,0.5,11.17,7.6,2.6,0.32,Dropout
3371,Single,Holders of other higher courses,Management,Daytime,Higher Education - Degree,130.0,No,No,No,Yes,Female,No,25,No,5,0,0.0,5,0,0.0,0.0,0.0,0.0,12.7,3.7,-1.7,Dropout
3372,Single,1st phase - general contingent,Nursing,Daytime,Secondary Education,120.8,Yes,No,No,Yes,Female,No,19,No,14,7,12.192307692307692,14,7,12.192307692307692,0.5,0.5,12.19,7.6,2.6,0.32,Graduate
3373,Single,2nd phase - general contingent,Tourism,Daytime,Secondary Education,130.3,Yes,No,No,Yes,Female,Yes,18,No,6,6,12.833333333333334,6,6,12.333333333333334,1.0,1.0,12.58,13.9,-0.3,0.79,Graduate
3374,Single,2nd phase - general contingent,Management,Daytime,Secondary Education,119.9,No,No,No,Yes,Female,Yes,19,No,5,5,12.875,5,5,11.833333333333334,1.0,1.0,12.35,13.9,-0.3,0.79,Graduate
3375,Single,1st phase - general contingent,Social Service,Daytime,Secondary Education,110.5,Yes,No,No,Yes,Female,Yes,22,No,6,6,12.166666666666666,6,6,12.5,1.0,1.0,12.33,12.4,0.5,1.79,Graduate
3376,Single,Technological specialization diploma holders,Agronomy,Daytime,Technological Specialization Course,160.0,Yes,No,No,Yes,Female,No,21,No,6,6,13.428571428571429,6,6,12.857142857142858,1.0,1.0,13.14,15.5,2.8,-4.06,Graduate
3377,Single,2nd phase - general contingent,Veterinary Nursing,Daytime,Secondary Education,118.6,Yes,No,No,Yes,Female,Yes,21,No,6,6,14.5,6,6,14.666666666666666,1.0,1.0,14.58,8.9,1.4,3.51,Graduate
3378,Single,1st phase - general contingent,Basic Education,Daytime,Secondary Education,112.3,No,No,No,Yes,Female,Yes,20,No,7,7,12.142857142857142,7,7,12.857142857142858,1.0,1.0,12.5,11.1,0.6,2.02,Graduate
3379,Married,1st phase - general contingent,Management,Daytime,Secondary Education,124.4,No,No,No,Yes,Female,No,19,No,5,4,11.25,5,3,11.714285714285714,0.8,0.6,11.48,10.8,1.4,1.74,Enrolled
3380,Single,1st phase - general contingent,Nursing,Daytime,Secondary Education,125.0,Yes,No,No,Yes,Female,No,18,No,7,6,13.9,7,6,13.9,0.857,0.857,13.9,7.6,2.6,0.32,Graduate
3381,Single,Over 23 years old,Nursing,Daytime,Secondary Education,105.8,No,No,No,Yes,Female,No,26,No,7,3,13.766666666666666,7,3,12.066666666666668,0.429,0.429,12.92,13.9,-0.3,0.79,Dropout
3382,Single,"Ordinance No. 533-A/99, item b2) (Different Plan)",Management,Daytime,Higher Education - Bachelor's,121.5,Yes,No,No,Yes,Female,No,31,No,15,13,11.615384615384617,14,11,12.545454545454543,0.867,0.786,12.08,7.6,2.6,0.32,Dropout
3383,Single,2nd phase - general contingent,Social Service,Daytime,Secondary Education,134.2,Yes,No,No,Yes,Female,Yes,18,No,6,6,15.166666666666666,6,6,14.142857142857142,1.0,1.0,14.65,11.1,0.6,2.02,Graduate
3384,Divorced,Holders of other higher courses,Management,Daytime,Higher Education - Degree,130.0,No,No,No,Yes,Female,No,35,No,5,0,0.0,5,0,0.0,0.0,0.0,0.0,11.1,0.6,2.02,Dropout
3385,Single,1st phase - general contingent,Veterinary Nursing,Daytime,Secondary Education,122.8,Yes,No,No,Yes,Female,No,19,No,5,2,14.5,5,3,11.333333333333334,0.4,0.6,12.92,12.7,3.7,-1.7,Enrolled
3386,Single,1st phase - general contingent,Social Service,Daytime,Secondary Education,108.7,No,No,No,Yes,Female,Yes,19,No,6,5,10.8,6,6,10.714285714285714,0.833,1.0,10.76,15.5,2.8,-4.06,Graduate
3387,Single,1st phase - general contingent,Nursing,Daytime,Secondary Education,136.7,No,No,No,Yes,Female,No,18,No,7,7,13.995714285714287,8,8,14.955555555555556,1.0,1.0,14.48,11.1,0.6,2.02,Graduate
3388,Single,2nd phase - general contingent,Veterinary Nursing,Daytime,Secondary Education,119.1,No,No,No,Yes,Female,No,20,No,6,6,13.285714285714286,6,6,11.8,1.0,1.0,12.54,12.4,0.5,1.79,Graduate
3389,Single,1st phase - general contingent,Animation and Multimedia Design,Daytime,Secondary Education,151.3,Yes,No,No,Yes,Female,Yes,19,No,12,12,12.75,11,11,13.25,1.0,1.0,13.0,8.9,1.4,3.51,Graduate
3390,Single,Change of course,Social Service,Daytime,Secondary Education,108.3,No,No,No,Yes,Female,Yes,21,No,6,2,10.5,6,5,12.4,0.333,0.833,11.45,10.8,1.4,1.74,Enrolled
3391,Single,2nd phase - general contingent,Basic Education,Daytime,Secondary Education,127.4,No,No,Yes,Yes,Female,Yes,18,No,7,7,12.714285714285714,7,7,12.285714285714286,1.0,1.0,12.5,16.2,0.3,-0.92,Graduate
3392,Single,Transfer,Nursing,Daytime,Secondary Education,124.0,No,No,No,Yes,Female,No,23,No,8,8,12.88625,8,8,12.88625,1.0,1.0,12.89,9.4,-0.8,-3.12,Graduate
3393,Single,1st phase - general contingent,Communication Design,Daytime,Secondary Education,155.0,No,No,No,Yes,Female,Yes,21,No,6,5,13.0,6,6,12.666666666666666,0.833,1.0,12.83,16.2,0.3,-0.92,Graduate
3394,Single,1st phase - general contingent,Management,Daytime,Secondary Education,114.0,No,No,No,Yes,Female,Yes,19,No,5,5,12.2,5,5,11.2,1.0,1.0,11.7,11.1,0.6,2.02,Graduate
3395,Single,1st phase - general contingent,Management,Daytime,Secondary Education,118.9,Yes,No,No,Yes,Female,No,19,No,5,4,12.8,5,3,14.5,0.8,0.6,13.65,10.8,1.4,1.74,Enrolled
3396,Single,Short cycle diploma holders,Veterinary Nursing,Daytime,Professional Higher Technical Course,160.0,Yes,No,No,Yes,Female,No,20,No,11,11,13.785714285714286,9,9,13.88888888888889,1.0,1.0,13.84,8.9,1.4,3.51,Graduate
3397,Single,Change of course,Management,Daytime,Secondary Education,126.1,No,No,No,Yes,Female,No,18,No,5,0,0.0,5,4,13.25,0.0,0.8,6.62,16.2,0.3,-0.92,Enrolled
3398,Single,1st phase - general contingent,Nursing,Daytime,Secondary Education,136.5,Yes,No,No,Yes,Female,Yes,18,No,8,8,14.50125,8,8,14.50125,1.0,1.0,14.5,9.4,-0.8,-3.12,Graduate
3399,Married,1st phase - general contingent,Nursing,Daytime,Secondary Education,122.3,No,No,No,Yes,Female,No,19,No,7,6,14.35,7,6,14.35,0.857,0.857,14.35,7.6,2.6,0.32,Graduate
3400,Single,2nd phase - general contingent,Communication Design,Daytime,Secondary Education,128.0,No,No,No,Yes,Female,Yes,21,No,6,6,11.5,6,6,12.333333333333334,1.0,1.0,11.92,9.4,-0.8,-3.12,Graduate
3401,Single,1st phase - general contingent,Social Service,Daytime,Secondary Education,156.5,Yes,Yes,No,Yes,Female,Yes,18,No,6,6,11.714285714285714,6,6,14.666666666666666,1.0,1.0,13.19,12.7,3.7,-1.7,Graduate
3402,Single,1st phase - general contingent,Advertising and Marketing Management,Daytime,Secondary Education,125.7,No,No,No,Yes,Female,No,20,No,6,6,13.571428571428571,6,5,13.6,1.0,0.833,13.59,15.5,2.8,-4.06,Enrolled
3403,Single,1st phase - general contingent,Journalism and Communication,Daytime,Secondary Education,143.0,No,No,No,Yes,Female,No,18,No,6,5,13.0,6,6,13.666666666666666,0.833,1.0,13.33,12.7,3.7,-1.7,Graduate
3404,Single,2nd phase - general contingent,Nursing,Daytime,Secondary Education,131.9,Yes,No,No,Yes,Female,Yes,18,No,7,7,13.56875,8,8,14.02625,1.0,1.0,13.8,15.5,2.8,-4.06,Graduate
3405,Married,Change of course,Management (evening attendance),Evening,Secondary Education,113.7,No,No,No,Yes,Female,No,32,No,5,5,10.2,5,4,11.25,1.0,0.8,10.72,9.4,-0.8,-3.12,Enrolled
3406,Single,2nd phase - general contingent,Animation and Multimedia Design,Daytime,Secondary Education,155.1,Yes,No,No,Yes,Female,No,18,No,0,0,0.0,0,0,0.0,0,0,0.0,13.9,-0.3,0.79,Graduate
3407,Single,1st phase - special contingent (Madeira Island),Basic Education,Daytime,Secondary Education,121.1,Yes,No,No,Yes,Female,No,19,No,6,5,12.2,6,5,11.8,0.833,0.833,12.0,10.8,1.4,1.74,Enrolled
3408,Single,1st phase - general contingent,Nursing,Daytime,Secondary Education,130.3,Yes,No,No,Yes,Female,Yes,18,No,8,8,14.15375,8,8,14.15375,1.0,1.0,14.15,9.4,-0.8,-3.12,Graduate
3409,Single,1st phase - general contingent,Nursing,Daytime,Secondary Education,123.3,No,No,No,No,Female,No,18,No,8,0,0.0,8,0,0.0,0.0,0.0,0.0,9.4,-0.8,-3.12,Dropout
3410,Single,1st phase - general contingent,Journalism and Communication,Daytime,Secondary Education,117.4,Yes,No,No,Yes,Female,No,20,No,6,6,13.833333333333334,6,6,12.833333333333334,1.0,1.0,13.33,11.1,0.6,2.02,Graduate
3411,Single,1st phase - special contingent (Azores Island),Advertising and Marketing Management,Daytime,Secondary Education,140.3,Yes,No,No,Yes,Female,No,19,No,6,6,13.428571428571429,6,4,14.0,1.0,0.667,13.71,12.4,0.5,1.79,Enrolled
3412,Single,2nd phase - general contingent,Nursing,Daytime,Secondary Education,120.0,Yes,No,No,Yes,Female,No,19,No,8,7,12.454285714285716,8,7,12.454285714285716,0.875,0.875,12.45,10.8,1.4,1.74,Graduate
3413,Single,2nd phase - general contingent,Management,Daytime,Secondary Education,133.4,No,No,No,Yes,Female,No,18,No,5,1,11.0,5,0,0.0,0.2,0.0,5.5,9.4,-0.8,-3.12,Enrolled
3414,Single,1st phase - general contingent,Nursing,Daytime,Secondary Education,126.7,Yes,No,No,Yes,Female,No,18,No,7,0,0.0,8,0,0.0,0.0,0.0,0.0,15.5,2.8,-4.06,Dropout
3415,Single,2nd phase - general contingent,Nursing,Daytime,Secondary Education,129.3,Yes,No,No,Yes,Female,Yes,18,No,7,6,13.271666666666668,8,7,12.94375,0.857,0.875,13.11,12.4,0.5,1.79,Graduate
3416,Single,2nd phase - general contingent,Nursing,Daytime,Secondary Education,125.7,Yes,No,No,Yes,Female,No,20,No,7,6,13.548333333333334,8,6,14.775,0.857,0.75,14.16,11.1,0.6,2.02,Enrolled
3417,Single,1st phase - general contingent,Journalism and Communication,Daytime,Secondary Education,144.8,No,No,No,Yes,Female,No,19,No,6,6,12.166666666666666,6,6,12.5,1.0,1.0,12.33,16.2,0.3,-0.92,Enrolled
3418,Single,1st phase - general contingent,Tourism,Daytime,Secondary Education,98.6,No,No,No,Yes,Female,No,21,No,6,2,11.0,6,0,0.0,0.333,0.0,5.5,12.7,3.7,-1.7,Dropout
3419,Single,1st phase - general contingent,Basic Education,Daytime,Secondary Education,126.9,Yes,No,No,Yes,Female,Yes,19,No,7,7,13.285714285714286,7,7,14.428571428571429,1.0,1.0,13.86,11.1,0.6,2.02,Graduate
3420,Single,2nd phase - general contingent,Social Service,Daytime,Secondary Education,146.7,Yes,No,No,Yes,Female,Yes,20,No,6,6,13.333333333333334,6,6,14.0,1.0,1.0,13.67,15.5,2.8,-4.06,Graduate
3421,Single,1st phase - general contingent,Nursing,Daytime,Secondary Education,117.0,No,No,No,Yes,Female,Yes,21,No,8,8,13.2575,8,8,13.2575,1.0,1.0,13.26,9.4,-0.8,-3.12,Graduate
3422,Single,Technological specialization diploma holders,Veterinary Nursing,Daytime,Technological Specialization Course,130.0,Yes,No,No,Yes,Female,No,23,No,6,0,0.0,6,0,0.0,0.0,0.0,0.0,11.1,0.6,2.02,Dropout
3423,Single,2nd phase - general contingent,Social Service,Daytime,Secondary Education,125.8,No,No,No,No,Female,Yes,18,No,6,6,12.666666666666666,6,2,11.5,1.0,0.333,12.08,12.7,3.7,-1.7,Dropout
3424,Married,Over 23 years old,Management (evening attendance),Evening,Higher Education - Degree,160.0,No,No,No,Yes,Female,No,30,No,5,5,14.6,5,5,15.4,1.0,1.0,15.0,12.7,3.7,-1.7,Dropout
3425,Single,1st phase - general contingent,Veterinary Nursing,Daytime,Secondary Education,134.2,Yes,No,No,Yes,Female,No,20,No,5,0,0.0,5,0,0.0,0.0,0.0,0.0,9.4,-0.8,-3.12,Dropout
3426,Married,Change of course,Management,Daytime,Secondary Education,96.0,No,No,No,No,Female,No,29,No,5,3,12.333333333333334,5,0,0.0,0.6,0.0,6.17,10.8,1.4,1.74,Dropout
3427,Single,3rd phase - general contingent,Management,Daytime,Secondary Education,101.8,Yes,No,No,Yes,Female,No,24,No,5,5,10.8,5,2,11.0,1.0,0.4,10.9,10.8,1.4,1.74,Enrolled
3428,Single,1st phase - general contingent,Social Service,Daytime,Secondary Education,125.2,Yes,No,No,Yes,Female,No,20,No,6,6,11.666666666666666,6,6,11.333333333333334,1.0,1.0,11.5,7.6,2.6,0.32,Graduate
3429,Single,Change of course,Social Service (evening attendance),Evening,Secondary Education,100.0,No,No,No,Yes,Female,No,27,No,6,4,12.5,6,6,14.333333333333334,0.667,1.0,13.42,13.9,-0.3,0.79,Dropout
3430,Married,Holders of other higher courses,Management,Daytime,Higher Education - Degree,140.0,No,No,No,Yes,Female,No,23,No,5,0,0.0,5,0,0.0,0.0,0.0,0.0,7.6,2.6,0.32,Dropout
3431,Single,Change of institution/course,Communication Design,Daytime,Secondary Education,120.0,No,No,No,Yes,Female,Yes,23,No,6,6,15.333333333333334,6,6,14.166666666666666,1.0,1.0,14.75,11.1,0.6,2.02,Graduate
3432,Single,1st phase - general contingent,Nursing,Daytime,Secondary Education,134.3,Yes,No,No,Yes,Female,No,18,No,8,7,14.2,8,7,14.2,0.875,0.875,14.2,12.7,3.7,-1.7,Graduate
3433,Single,1st phase - general contingent,Journalism and Communication,Daytime,Secondary Education,144.7,Yes,No,No,Yes,Female,Yes,19,No,6,6,14.833333333333334,6,6,14.666666666666666,1.0,1.0,14.75,12.7,3.7,-1.7,Graduate
3434,Single,2nd phase - general contingent,Nursing,Daytime,Secondary Education,131.9,Yes,No,No,Yes,Female,No,19,No,7,7,13.642857142857142,8,8,14.3875,1.0,1.0,14.02,13.9,-0.3,0.79,Dropout
3435,Single,1st phase - general contingent,Journalism and Communication,Daytime,Secondary Education,136.7,Yes,No,No,Yes,Female,Yes,18,No,6,6,13.833333333333334,6,6,14.0,1.0,1.0,13.92,11.1,0.6,2.02,Dropout
3436,Single,1st phase - general contingent,Communication Design,Daytime,Secondary Education,129.8,Yes,No,No,Yes,Female,No,19,No,6,6,11.833333333333334,6,6,13.0,1.0,1.0,12.42,9.4,-0.8,-3.12,Graduate
3437,Single,1st phase - general contingent,Journalism and Communication,Daytime,Secondary Education,146.5,No,No,No,Yes,Female,Yes,18,No,6,6,13.428571428571429,6,6,13.5,1.0,1.0,13.46,13.9,-0.3,0.79,Graduate
3438,Single,Change of course,Management (evening attendance),Evening,Secondary Education,122.5,Yes,No,No,Yes,Female,No,29,No,13,8,10.5,12,9,10.333333333333334,0.615,0.75,10.42,9.4,-0.8,-3.12,Enrolled
3439,Single,Over 23 years old,Oral Hygiene,Daytime,Basic Education 3rd Cycle,117.8,No,No,No,Yes,Female,No,24,No,7,6,11.416666666666666,8,8,11.9625,0.857,1.0,11.69,13.9,-0.3,0.79,Graduate
3440,Single,2nd phase - general contingent,Oral Hygiene,Daytime,Secondary Education,106.0,Yes,No,No,Yes,Female,No,19,No,7,2,12.75,7,2,11.0,0.286,0.286,11.88,8.9,1.4,3.51,Dropout
3441,Single,2nd phase - general contingent,Oral Hygiene,Daytime,Secondary Education,119.0,No,No,No,Yes,Female,No,19,No,7,6,11.15,7,7,12.814285714285717,0.857,1.0,11.98,12.7,3.7,-1.7,Enrolled
3442,Single,1st phase - general contingent,Advertising and Marketing Management,Daytime,Secondary Education,115.1,No,No,No,Yes,Female,No,19,No,6,3,11.666666666666666,6,5,13.625,0.5,0.833,12.65,10.8,1.4,1.74,Enrolled
3443,Single,2nd phase - general contingent,Tourism,Daytime,Secondary Education,116.9,Yes,No,No,Yes,Female,No,20,No,6,6,11.5,6,5,12.4,1.0,0.833,11.95,11.1,0.6,2.02,Graduate
3444,Single,1st phase - general contingent,Journalism and Communication,Daytime,Secondary Education,141.7,No,No,No,Yes,Female,No,18,No,6,6,13.833333333333334,6,6,12.666666666666666,1.0,1.0,13.25,10.8,1.4,1.74,Graduate
3445,Single,1st phase - general contingent,Communication Design,Daytime,Secondary Education,127.7,Yes,No,No,No,Female,No,18,No,6,6,11.714285714285714,6,4,11.333333333333334,1.0,0.667,11.52,13.9,-0.3,0.79,Dropout
3446,Single,1st phase - general contingent,Nursing,Daytime,Secondary Education,122.1,Yes,No,No,Yes,Female,Yes,19,No,7,7,11.678571428571429,8,7,13.0375,1.0,0.875,12.36,12.4,0.5,1.79,Graduate
3447,Single,1st phase - special contingent (Madeira Island),Veterinary Nursing,Daytime,Secondary Education,153.5,Yes,No,No,Yes,Female,No,19,No,6,6,15.714285714285714,6,6,14.666666666666666,1.0,1.0,15.19,13.9,-0.3,0.79,Dropout
3448,Single,1st phase - general contingent,Animation and Multimedia Design,Daytime,Secondary Education,141.4,Yes,No,No,Yes,Female,Yes,18,No,0,0,0.0,0,0,0.0,0,0,0.0,13.9,-0.3,0.79,Graduate
3449,Single,1st phase - general contingent,Journalism and Communication,Daytime,Secondary Education,135.8,Yes,No,No,Yes,Female,Yes,19,No,6,6,13.0,6,6,13.0,1.0,1.0,13.0,10.8,1.4,1.74,Graduate
3450,Single,1st phase - general contingent,Nursing,Daytime,Secondary Education,127.5,Yes,No,No,Yes,Female,Yes,18,No,7,7,14.485714285714286,8,8,14.58888888888889,1.0,1.0,14.54,16.2,0.3,-0.92,Graduate
3451,Single,Over 23 years old,Management (evening attendance),Evening,Secondary Education,151.6,No,No,No,Yes,Female,No,24,No,5,5,12.285714285714286,5,5,12.125,1.0,1.0,12.21,16.2,0.3,-0.92,Enrolled
3452,Single,Over 23 years old,Nursing,Daytime,Secondary Education,121.4,No,No,Yes,Yes,Female,No,28,No,7,4,13.375,7,5,13.5,0.571,0.714,13.44,13.9,-0.3,0.79,Enrolled
3453,Single,Transfer,Nursing,Daytime,Secondary Education,100.0,No,No,No,Yes,Female,No,20,No,8,7,11.571428571428571,8,7,11.571428571428571,0.875,0.875,11.57,12.7,3.7,-1.7,Graduate
3454,Single,1st phase - general contingent,Nursing,Daytime,Secondary Education,131.5,Yes,No,No,Yes,Female,Yes,19,No,8,7,12.657142857142857,8,7,12.657142857142857,0.875,0.875,12.66,12.7,3.7,-1.7,Graduate
3455,Single,2nd phase - general contingent,Management,Daytime,Secondary Education,109.3,No,No,No,No,Female,No,22,No,5,2,10.0,5,1,10.0,0.4,0.2,10.0,9.4,-0.8,-3.12,Dropout
3456,Single,1st phase - general contingent,Social Service,Daytime,Secondary Education,127.9,Yes,No,No,Yes,Female,No,19,No,6,6,13.714285714285714,6,6,13.166666666666666,1.0,1.0,13.44,12.7,3.7,-1.7,Graduate
3457,Single,Holders of other higher courses,Social Service,Daytime,Higher Education - Degree,140.0,Yes,No,No,Yes,Female,No,36,No,14,13,13.071428571428571,11,11,13.0,0.929,1.0,13.04,16.2,0.3,-0.92,Graduate
3458,Single,Technological specialization diploma holders,Agronomy,Daytime,Technological Specialization Course,160.0,No,No,No,Yes,Female,Yes,19,No,6,6,15.333333333333334,6,6,14.0,1.0,1.0,14.67,15.5,2.8,-4.06,Graduate
3459,Single,2nd phase - general contingent,Social Service,Daytime,Secondary Education,119.8,No,No,No,Yes,Female,No,18,No,6,5,11.571428571428571,6,6,12.142857142857142,0.833,1.0,11.86,16.2,0.3,-0.92,Graduate
3460,Divorced,Change of course,Management (evening attendance),Evening,Other - 11th Year,153.0,No,No,No,No,Female,No,40,No,5,0,0.0,5,0,0.0,0.0,0.0,0.0,7.6,2.6,0.32,Dropout
3461,Single,1st phase - general contingent,Nursing,Daytime,Secondary Education,125.0,Yes,No,No,Yes,Female,Yes,19,No,7,6,12.9,7,6,12.9,0.857,0.857,12.9,7.6,2.6,0.32,Graduate
3462,Divorced,Change of course,Nursing,Daytime,Secondary Education,103.7,No,No,No,Yes,Female,No,38,No,8,5,13.126,8,5,13.126,0.625,0.625,13.13,10.8,1.4,1.74,Enrolled
3463,Single,Holders of other higher courses,Veterinary Nursing,Daytime,Higher Education - Degree,120.0,No,No,No,Yes,Female,No,32,No,10,4,11.5,9,3,11.666666666666666,0.4,0.333,11.58,15.5,2.8,-4.06,Dropout
3464,Single,1st phase - general contingent,Basic Education,Daytime,Secondary Education,146.0,Yes,No,No,Yes,Female,No,19,No,6,3,10.333333333333334,6,5,11.8,0.5,0.833,11.07,9.4,-0.8,-3.12,Enrolled
3465,Single,2nd phase - general contingent,Communication Design,Daytime,Secondary Education,116.9,Yes,No,No,Yes,Female,No,19,No,6,6,13.5,6,6,13.428571428571429,1.0,1.0,13.46,8.9,1.4,3.51,Graduate
3466,Married,Over 23 years old,Management,Daytime,Secondary Education,117.9,No,No,No,Yes,Female,No,35,No,1,0,0.0,5,0,0.0,0.0,0.0,0.0,10.8,1.4,1.74,Dropout
3467,Single,1st phase - general contingent,Management,Daytime,Secondary Education,128.6,Yes,No,No,Yes,Female,No,20,No,5,4,12.0,4,2,11.5,0.8,0.5,11.75,7.6,2.6,0.32,Enrolled
3468,Single,2nd phase - general contingent,Basic Education,Daytime,Secondary Education,135.0,No,No,No,Yes,Female,No,29,No,8,7,11.142857142857142,8,8,11.375,0.875,1.0,11.26,12.7,3.7,-1.7,Graduate
3469,Single,1st phase - general contingent,Management (evening attendance),Evening,Secondary Education,124.6,No,No,No,Yes,Female,No,29,No,5,5,11.4,5,4,10.25,1.0,0.8,10.82,15.5,2.8,-4.06,Enrolled
3470,Single,1st phase - general contingent,Nursing,Daytime,Secondary Education,124.0,Yes,No,No,Yes,Female,Yes,19,No,8,7,12.771428571428572,8,7,12.771428571428572,0.875,0.875,12.77,9.4,-0.8,-3.12,Enrolled
3471,Single,1st phase - general contingent,Nursing,Daytime,Secondary Education,129.5,Yes,No,No,Yes,Female,Yes,18,No,8,7,13.79857142857143,8,7,13.79857142857143,0.875,0.875,13.8,10.8,1.4,1.74,Graduate
3472,Married,Over 23 years old,Social Service (evening attendance),Evening,Basic Education 3rd Cycle,111.3,No,No,Yes,No,Female,No,25,No,6,6,13.333333333333334,6,6,13.5,1.0,1.0,13.42,7.6,2.6,0.32,Graduate
3473,Divorced,Over 23 years old,Social Service (evening attendance),Evening,Basic Education 3rd Cycle,95.0,No,No,Yes,No,Female,No,50,No,6,0,0.0,5,0,0.0,0.0,0.0,0.0,8.9,1.4,3.51,Dropout
3474,Married,1st phase - general contingent,Management,Daytime,Secondary Education,131.8,No,No,No,Yes,Female,No,24,No,15,14,11.357142857142858,14,13,12.846153846153848,0.933,0.929,12.1,7.6,2.6,0.32,Dropout
3475,Single,1st phase - general contingent,Informatics Engineering,Daytime,Secondary Education,119.1,No,No,No,Yes,Female,No,18,No,5,0,0.0,5,0,0.0,0.0,0.0,0.0,9.4,-0.8,-3.12,Dropout
3476,Single,2nd phase - general contingent,Veterinary Nursing,Daytime,Secondary Education,125.4,Yes,No,No,Yes,Female,No,20,No,6,6,15.692307692307692,6,5,14.428571428571429,1.0,0.833,15.06,15.5,2.8,-4.06,Graduate
3477,Single,1st phase - special contingent (Madeira Island),Agronomy,Daytime,Secondary Education,140.7,Yes,No,Yes,Yes,Female,Yes,20,No,18,18,15.052631578947368,13,13,14.538461538461538,1.0,1.0,14.8,15.5,2.8,-4.06,Graduate
3478,Single,Change of course,Management (evening attendance),Evening,Secondary Education,131.9,No,No,No,Yes,Female,No,21,No,10,6,11.5,10,5,12.4,0.6,0.5,11.95,9.4,-0.8,-3.12,Dropout
3479,Single,Over 23 years old,Social Service,Daytime,Secondary Education,124.0,No,No,Yes,Yes,Male,No,28,No,8,7,11.0,6,1,10.0,0.875,0.167,10.5,10.8,1.4,1.74,Enrolled
3480,Single,1st phase - general contingent,Tourism,Daytime,Secondary Education,139.2,No,No,No,Yes,Male,Yes,19,No,6,6,13.0,6,6,13.166666666666666,1.0,1.0,13.08,12.4,0.5,1.79,Graduate
3481,Single,1st phase - general contingent,Nursing,Daytime,Secondary Education,121.8,No,No,No,Yes,Male,Yes,18,No,8,8,12.93875,8,8,12.93875,1.0,1.0,12.94,9.4,-0.8,-3.12,Graduate
3482,Single,2nd phase - general contingent,Animation and Multimedia Design,Daytime,Secondary Education,132.9,No,No,No,Yes,Male,No,22,No,0,0,0.0,0,0,0.0,0,0,0.0,12.7,3.7,-1.7,Graduate
3483,Single,Technological specialization diploma holders,Agronomy,Daytime,Technological Specialization Course,130.0,No,No,No,Yes,Male,No,25,No,6,0,0.0,6,0,0.0,0.0,0.0,0.0,15.5,2.8,-4.06,Dropout
3484,Married,Over 23 years old,Nursing,Daytime,Secondary Education,130.1,No,No,No,No,Male,No,37,No,7,5,13.0,7,5,12.88,0.714,0.714,12.94,11.1,0.6,2.02,Dropout
3485,Single,Over 23 years old,Nursing,Daytime,Secondary Education,124.5,No,No,No,No,Male,No,38,No,7,5,12.18,7,4,11.8125,0.714,0.571,12.0,11.1,0.6,2.02,Dropout
3486,Married,Over 23 years old,Advertising and Marketing Management,Daytime,Secondary Education,162.3,No,No,No,Yes,Male,No,36,No,6,3,11.333333333333334,6,5,11.4,0.5,0.833,11.37,13.9,-0.3,0.79,Dropout
3487,Single,1st phase - general contingent,Nursing,Daytime,Secondary Education,137.8,Yes,No,No,Yes,Male,No,18,No,8,7,13.0,8,7,13.0,0.875,0.875,13.0,12.7,3.7,-1.7,Graduate
3488,Single,1st phase - general contingent,Advertising and Marketing Management,Daytime,Secondary Education,119.5,No,No,No,No,Male,No,19,No,5,0,0.0,6,0,0.0,0.0,0.0,0.0,9.4,-0.8,-3.12,Dropout
3489,Single,Over 23 years old,Equinculture,Daytime,Secondary Education,110.0,No,No,Yes,Yes,Male,No,24,No,5,2,12.5,5,3,12.333333333333334,0.4,0.6,12.42,9.4,-0.8,-3.12,Dropout
3490,Single,1st phase - general contingent,Social Service,Daytime,Secondary Education,105.0,No,No,No,Yes,Male,No,20,No,6,5,11.0,6,5,12.166666666666666,0.833,0.833,11.58,11.1,0.6,2.02,Graduate
3491,Single,1st phase - general contingent,Animation and Multimedia Design,Daytime,Secondary Education,142.8,Yes,No,No,Yes,Male,No,21,No,0,0,0.0,0,0,0.0,0,0,0.0,12.7,3.7,-1.7,Dropout
3492,Married,Change of course,Management (evening attendance),Evening,Secondary Education,128.2,Yes,No,No,Yes,Male,No,32,No,5,0,0.0,5,0,0.0,0.0,0.0,0.0,7.6,2.6,0.32,Dropout
3493,Married,Over 23 years old,Management (evening attendance),Evening,Basic Education 3rd Cycle,120.0,No,No,No,Yes,Male,No,39,No,5,0,0.0,5,1,10.0,0.0,0.2,5.0,12.7,3.7,-1.7,Dropout
3494,Single,Holders of other higher courses,Informatics Engineering,Daytime,Higher Education - Degree,130.0,No,No,No,No,Male,No,33,No,5,0,0.0,5,0,0.0,0.0,0.0,0.0,12.7,3.7,-1.7,Dropout
3495,Single,2nd phase - general contingent,Advertising and Marketing Management,Daytime,Secondary Education,121.7,No,No,No,Yes,Male,Yes,20,No,5,5,12.4,5,4,10.75,1.0,0.8,11.58,9.4,-0.8,-3.12,Graduate
3496,Single,1st phase - general contingent,Agronomy,Daytime,Secondary Education,116.0,No,No,No,Yes,Male,No,19,No,6,6,15.5,6,6,14.1,1.0,1.0,14.8,16.2,0.3,-0.92,Graduate
3497,Married,Over 23 years old,Management (evening attendance),Evening,Secondary Education,133.2,No,No,No,No,Male,No,43,No,5,2,11.5,5,3,10.8,0.4,0.6,11.15,13.9,-0.3,0.79,Dropout
3498,Married,Change of course,Management (evening attendance),Evening,Secondary Education,116.7,No,No,No,Yes,Male,No,49,No,5,4,13.333333333333334,5,4,11.6,0.8,0.8,12.47,16.2,0.3,-0.92,Dropout
3499,Single,1st phase - general contingent,Journalism and Communication,Daytime,Secondary Education,126.4,Yes,No,No,Yes,Male,Yes,18,No,6,6,12.666666666666666,6,6,13.5,1.0,1.0,13.08,12.7,3.7,-1.7,Graduate
3500,Single,Over 23 years old,Agronomy,Daytime,Secondary Education,140.0,No,No,No,Yes,Male,No,27,No,6,0,0.0,6,0,0.0,0.0,0.0,0.0,11.1,0.6,2.02,Enrolled
3501,Single,1st phase - general contingent,Management,Daytime,Secondary Education,120.3,Yes,No,No,Yes,Male,Yes,19,No,5,5,12.6,5,5,13.6,1.0,1.0,13.1,8.9,1.4,3.51,Dropout
3502,Single,Over 23 years old,Communication Design,Daytime,Secondary Education,118.0,No,No,Yes,Yes,Male,Yes,45,No,6,6,13.5,6,0,0.0,1.0,0.0,6.75,16.2,0.3,-0.92,Dropout
3503,Single,International student (bachelor),Advertising and Marketing Management,Daytime,Secondary Education,149.5,Yes,No,No,No,Male,No,19,No,6,6,13.0,6,6,13.0,1.0,1.0,13.0,13.9,-0.3,0.79,Graduate
3504,Single,Technological specialization diploma holders,Agronomy,Daytime,Technological Specialization Course,130.0,No,No,No,Yes,Male,Yes,21,No,6,6,11.714285714285714,6,4,11.75,1.0,0.667,11.73,13.9,-0.3,0.79,Graduate
3505,Single,1st phase - general contingent,Advertising and Marketing Management,Daytime,Secondary Education,126.3,No,No,No,Yes,Male,Yes,18,No,6,6,12.166666666666666,6,5,13.0,1.0,0.833,12.58,13.9,-0.3,0.79,Graduate
3506,Single,2nd phase - general contingent,Management,Daytime,Secondary Education,116.2,No,No,No,Yes,Male,No,18,No,5,0,0.0,5,0,0.0,0.0,0.0,0.0,9.4,-0.8,-3.12,Dropout
3507,Single,2nd phase - general contingent,Tourism,Daytime,Secondary Education,126.0,No,No,No,No,Male,No,29,No,6,0,0.0,6,0,0.0,0.0,0.0,0.0,9.4,-0.8,-3.12,Dropout
3508,Single,1st phase - general contingent,Advertising and Marketing Management,Daytime,Secondary Education,122.3,No,No,No,Yes,Male,No,19,No,5,5,11.5,5,5,11.6,1.0,1.0,11.55,9.4,-0.8,-3.12,Graduate
3509,Single,1st phase - general contingent,Management,Daytime,Secondary Education,119.5,Yes,No,No,Yes,Male,Yes,18,No,5,4,11.25,5,4,12.25,0.8,0.8,11.75,12.4,0.5,1.79,Enrolled
3510,Single,Technological specialization diploma holders,Communication Design,Daytime,Technological Specialization Course,131.8,No,No,No,Yes,Male,Yes,22,No,7,7,12.285714285714286,9,8,12.375,1.0,0.889,12.33,12.4,0.5,1.79,Graduate
3511,Single,2nd phase - general contingent,Nursing,Daytime,Secondary Education,130.7,Yes,No,No,Yes,Male,Yes,18,No,7,7,12.718571428571428,8,8,12.805555555555555,1.0,1.0,12.76,11.1,0.6,2.02,Dropout
3512,Single,Technological specialization diploma holders,Equinculture,Daytime,Technological Specialization Course,140.0,No,No,No,Yes,Male,No,20,No,6,5,12.4,6,2,15.0,0.833,0.333,13.7,13.9,-0.3,0.79,Enrolled
3513,Single,1st phase - general contingent,Animation and Multimedia Design,Daytime,Secondary Education,129.5,Yes,No,No,Yes,Male,No,20,No,0,0,0.0,0,0,0.0,0,0,0.0,10.8,1.4,1.74,Dropout
3514,Divorced,Over 23 years old,Advertising and Marketing Management,Daytime,Basic Education 3rd Cycle,130.0,No,No,Yes,Yes,Male,Yes,29,No,6,1,14.0,6,0,0.0,0.167,0.0,7.0,11.1,0.6,2.02,Dropout
3515,Single,Over 23 years old,Advertising and Marketing Management,Daytime,Secondary Education,114.0,Yes,No,No,Yes,Male,No,29,No,5,3,11.666666666666666,5,4,11.25,0.6,0.8,11.46,7.6,2.6,0.32,Dropout
3516,Single,Change of course,Journalism and Communication,Daytime,Secondary Education,121.0,Yes,No,No,Yes,Male,No,23,No,6,1,13.0,6,4,11.25,0.167,0.667,12.12,9.4,-0.8,-3.12,Enrolled
3517,Single,2nd phase - general contingent,Animation and Multimedia Design,Daytime,Secondary Education,116.4,Yes,No,Yes,Yes,Male,No,19,No,0,0,0.0,0,0,0.0,0,0,0.0,10.8,1.4,1.74,Dropout
3518,Single,1st phase - general contingent,Informatics Engineering,Daytime,Secondary Education,121.7,Yes,No,No,Yes,Male,No,18,No,5,0,0.0,5,1,12.0,0.0,0.2,6.0,7.6,2.6,0.32,Dropout
3519,Married,Transfer,Tourism,Daytime,Secondary Education,130.0,Yes,No,No,Yes,Male,No,22,No,6,4,11.5,6,2,12.5,0.667,0.333,12.0,7.6,2.6,0.32,Dropout
3520,Single,Change of course,Management (evening attendance),Evening,Secondary Education,120.0,Yes,No,Yes,Yes,Male,No,34,No,10,7,11.714285714285714,10,6,11.5,0.7,0.6,11.61,10.8,1.4,1.74,Dropout
3521,Single,Change of course,Management (evening attendance),Evening,Higher Education - Master's,125.0,No,No,No,Yes,Male,No,26,No,5,5,12.6,5,5,13.714285714285714,1.0,1.0,13.16,13.9,-0.3,0.79,Graduate
3522,Single,2nd phase - general contingent,Animation and Multimedia Design,Daytime,Secondary Education,134.1,Yes,No,No,Yes,Male,No,24,No,17,13,11.642857142857142,17,12,11.25,0.765,0.706,11.45,11.1,0.6,2.02,Dropout
3523,Single,1st phase - general contingent,Advertising and Marketing Management,Daytime,Secondary Education,149.5,Yes,No,No,Yes,Male,Yes,17,No,6,6,14.875,6,6,13.428571428571429,1.0,1.0,14.15,11.1,0.6,2.02,Graduate
3524,Single,Change of course,Advertising and Marketing Management,Daytime,Secondary Education,113.2,No,No,No,Yes,Male,No,21,No,5,2,10.0,5,3,10.333333333333334,0.4,0.6,10.17,9.4,-0.8,-3.12,Enrolled
3525,Married,Over 23 years old,Management (evening attendance),Evening,Secondary Education,146.0,No,No,No,Yes,Male,No,34,No,5,5,14.2,5,5,14.6,1.0,1.0,14.4,12.7,3.7,-1.7,Enrolled
3526,Single,Technological specialization diploma holders,Agronomy,Daytime,Technological Specialization Course,140.0,Yes,No,No,Yes,Male,No,19,No,6,6,12.714285714285714,6,6,13.5,1.0,1.0,13.11,12.4,0.5,1.79,Graduate
3527,Married,Over 23 years old,Agronomy,Daytime,Secondary Education,162.4,No,No,Yes,No,Male,No,49,No,12,5,11.6,7,5,11.2,0.417,0.714,11.4,8.9,1.4,3.51,Dropout
3528,Single,Change of course,Nursing,Daytime,Secondary Education,136.6,No,No,No,Yes,Male,No,23,No,7,5,11.94,7,6,12.2,0.714,0.857,12.07,13.9,-0.3,0.79,Dropout
3529,Single,3rd phase - general contingent,Informatics Engineering,Daytime,Secondary Education,111.0,Yes,No,No,Yes,Male,No,18,No,5,4,11.6,5,3,14.2,0.8,0.6,12.9,12.4,0.5,1.79,Dropout
3530,Single,1st phase - general contingent,Nursing,Daytime,Secondary Education,115.7,No,No,No,Yes,Male,No,20,No,7,5,12.7,8,7,13.475,0.714,0.875,13.09,13.9,-0.3,0.79,Enrolled
3531,Single,1st phase - general contingent,Advertising and Marketing Management,Daytime,Secondary Education,105.7,Yes,No,No,Yes,Male,No,19,No,6,6,13.333333333333334,6,5,13.8,1.0,0.833,13.57,8.9,1.4,3.51,Graduate
3532,Single,Transfer,Agronomy,Daytime,Technological Specialization Course,128.2,Yes,No,No,Yes,Male,No,24,No,9,8,13.333333333333334,10,9,13.11111111111111,0.889,0.9,13.22,16.2,0.3,-0.92,Enrolled
3533,Single,1st phase - general contingent,Management,Daytime,Secondary Education,137.0,Yes,No,No,Yes,Male,No,18,No,5,5,13.4,5,5,15.0,1.0,1.0,14.2,8.9,1.4,3.51,Graduate
3534,Married,Over 23 years old,Tourism,Daytime,Basic Education 3rd Cycle,120.0,No,No,Yes,No,Male,No,45,No,6,0,0.0,6,0,0.0,0.0,0.0,0.0,9.4,-0.8,-3.12,Dropout
3535,Single,Over 23 years old,Management (evening attendance),Evening,Secondary Education,120.5,Yes,No,No,Yes,Male,No,30,No,5,2,11.0,5,0,0.0,0.4,0.0,5.5,7.6,2.6,0.32,Dropout
3536,Single,Change of institution/course,Management (evening attendance),Evening,Technological Specialization Course,118.1,No,No,No,Yes,Male,No,28,No,15,13,12.0,13,9,11.333333333333334,0.867,0.692,11.67,8.9,1.4,3.51,Dropout
3537,Single,Over 23 years old,Management (evening attendance),Evening,Secondary Education,139.0,No,No,No,Yes,Male,No,40,No,5,0,0.0,5,0,0.0,0.0,0.0,0.0,12.7,3.7,-1.7,Dropout
3538,Single,Over 23 years old,Management,Daytime,Basic Education 3rd Cycle,116.3,No,No,No,No,Male,No,32,No,5,0,0.0,5,0,0.0,0.0,0.0,0.0,10.8,1.4,1.74,Dropout
3539,Single,2nd phase - general contingent,Tourism,Daytime,Secondary Education,120.5,Yes,No,No,Yes,Male,No,19,No,6,4,12.5,6,4,10.25,0.667,0.667,11.38,7.6,2.6,0.32,Dropout
3540,Single,1st phase - general contingent,Communication Design,Daytime,Secondary Education,134.9,Yes,No,No,Yes,Male,No,20,No,6,6,13.666666666666666,6,6,12.166666666666666,1.0,1.0,12.92,16.2,0.3,-0.92,Graduate
3541,Single,2nd phase - general contingent,Informatics Engineering,Daytime,Secondary Education,123.0,No,No,No,Yes,Male,No,18,No,5,1,10.0,5,0,0.0,0.2,0.0,5.0,9.4,-0.8,-3.12,Dropout
3542,Single,2nd phase - general contingent,Advertising and Marketing Management,Daytime,Secondary Education,122.9,No,No,No,No,Male,No,20,No,6,6,11.5,6,2,13.0,1.0,0.333,12.25,10.8,1.4,1.74,Dropout
3543,Single,Over 23 years old,Management (evening attendance),Evening,Secondary Education,140.0,No,No,No,Yes,Male,No,39,No,5,4,12.25,5,4,12.75,0.8,0.8,12.5,15.5,2.8,-4.06,Enrolled
3544,Single,2nd phase - general contingent,Veterinary Nursing,Daytime,Secondary Education,122.5,No,No,No,No,Male,No,19,No,6,5,13.6,6,5,13.666666666666666,0.833,0.833,13.63,11.1,0.6,2.02,Enrolled
3545,Single,Over 23 years old,Management (evening attendance),Evening,Other - 11th Year,121.5,No,No,No,Yes,Male,No,38,No,5,2,10.5,5,3,11.333333333333334,0.4,0.6,10.92,7.6,2.6,0.32,Enrolled
3546,Single,2nd phase - general contingent,Nursing,Daytime,Secondary Education,132.3,Yes,No,No,Yes,Male,Yes,18,No,7,6,13.266666666666666,7,6,13.266666666666666,0.857,0.857,13.27,7.6,2.6,0.32,Graduate
3547,Single,2nd phase - general contingent,Nursing,Daytime,Secondary Education,131.5,Yes,No,No,Yes,Male,Yes,18,No,7,7,12.5125,8,8,14.1875,1.0,1.0,13.35,13.9,-0.3,0.79,Graduate
3548,Married,Change of course,Equinculture,Daytime,12th Year - Not Completed,128.2,No,No,No,Yes,Male,No,28,No,5,0,0.0,5,0,0.0,0.0,0.0,0.0,7.6,2.6,0.32,Dropout
3549,Single,Over 23 years old,Advertising and Marketing Management,Daytime,Secondary Education,148.0,Yes,No,No,No,Male,No,31,No,6,0,0.0,6,0,0.0,0.0,0.0,0.0,12.7,3.7,-1.7,Dropout
3550,Single,1st phase - general contingent,Nursing,Daytime,Secondary Education,121.5,No,No,No,Yes,Male,No,23,No,7,6,13.483333333333334,7,6,13.483333333333334,0.857,0.857,13.48,7.6,2.6,0.32,Graduate
3551,Single,1st phase - general contingent,Nursing,Daytime,Secondary Education,135.4,Yes,No,No,Yes,Male,No,21,No,7,6,12.565,8,5,12.16,0.857,0.625,12.36,11.1,0.6,2.02,Enrolled
3552,Single,Over 23 years old,Social Service,Daytime,Basic Education 3rd Cycle,139.0,No,No,Yes,No,Male,No,33,No,6,0,0.0,5,0,0.0,0.0,0.0,0.0,16.2,0.3,-0.92,Dropout
3553,Single,Change of course,Management,Daytime,Secondary Education,113.4,No,No,No,Yes,Male,No,22,No,5,3,13.0,5,3,11.666666666666666,0.6,0.6,12.33,12.7,3.7,-1.7,Dropout
3554,Single,Technological specialization diploma holders,Informatics Engineering,Daytime,Technological Specialization Course,150.0,Yes,No,Yes,Yes,Male,No,20,No,5,5,16.5,5,5,17.714285714285715,1.0,1.0,17.11,12.4,0.5,1.79,Dropout
3555,Single,2nd phase - general contingent,Advertising and Marketing Management,Daytime,Secondary Education,122.0,No,No,Yes,Yes,Male,No,19,No,6,6,13.166666666666666,6,5,13.2,1.0,0.833,13.18,8.9,1.4,3.51,Enrolled
3556,Single,Technological specialization diploma holders,Veterinary Nursing,Daytime,Technological Specialization Course,150.0,Yes,No,No,Yes,Male,No,20,No,6,6,13.8,6,6,13.142857142857142,1.0,1.0,13.47,16.2,0.3,-0.92,Graduate
3557,Single,Over 23 years old,Tourism,Daytime,Other - 11th Year,119.3,Yes,No,No,Yes,Male,No,25,No,6,6,11.166666666666666,6,4,11.8,1.0,0.667,11.48,9.4,-0.8,-3.12,Enrolled
3558,Single,Over 23 years old,Agronomy,Daytime,Secondary Education,140.0,No,No,No,No,Male,No,25,No,6,0,0.0,6,0,0.0,0.0,0.0,0.0,13.9,-0.3,0.79,Dropout
3559,Single,1st phase - general contingent,Communication Design,Daytime,Secondary Education,125.0,Yes,No,No,Yes,Male,No,19,No,6,6,12.666666666666666,6,6,12.142857142857142,1.0,1.0,12.4,9.4,-0.8,-3.12,Enrolled
3560,Single,1st phase - general contingent,Advertising and Marketing Management,Daytime,Secondary Education,140.7,Yes,No,No,Yes,Male,No,20,No,5,5,12.6,5,4,14.5,1.0,0.8,13.55,7.6,2.6,0.32,Graduate
3561,Married,Over 23 years old,Nursing,Daytime,Basic Education 3rd Cycle,100.0,No,No,No,Yes,Male,No,33,No,7,5,13.06,7,0,0.0,0.714,0.0,6.53,16.2,0.3,-0.92,Enrolled
3562,Single,2nd phase - general contingent,Journalism and Communication,Daytime,Secondary Education,146.7,Yes,No,No,Yes,Male,No,19,No,6,6,13.833333333333334,6,6,13.625,1.0,1.0,13.73,7.6,2.6,0.32,Graduate
3563,Single,Over 23 years old,Equinculture,Daytime,Basic Education 3rd Cycle,96.0,No,No,No,Yes,Male,No,31,No,5,0,0.0,5,0,0.0,0.0,0.0,0.0,7.6,2.6,0.32,Dropout
3564,Single,Technological specialization diploma holders,Informatics Engineering,Daytime,Technological Specialization Course,160.0,No,No,Yes,No,Male,No,24,No,6,2,16.0,7,2,16.0,0.333,0.286,16.0,8.9,1.4,3.51,Dropout
3565,Single,Technological specialization diploma holders,Informatics Engineering,Daytime,Technological Specialization Course,130.0,No,No,Yes,No,Male,No,23,No,5,0,0.0,5,0,0.0,0.0,0.0,0.0,15.5,2.8,-4.06,Dropout
3566,Married,Over 23 years old,Management (evening attendance),Evening,Secondary Education,130.0,No,No,No,No,Male,Yes,26,No,5,3,10.666666666666666,5,3,10.666666666666666,0.6,0.6,10.67,9.4,-0.8,-3.12,Dropout
3567,Married,Change of course,Communication Design,Daytime,Higher Education - Bachelor's,140.0,Yes,No,No,Yes,Male,No,38,No,18,18,14.5,18,18,14.5,1.0,1.0,14.5,16.2,0.3,-0.92,Graduate
3568,Single,1st phase - general contingent,Informatics Engineering,Daytime,Secondary Education,116.6,Yes,No,No,Yes,Male,Yes,20,No,5,5,14.0,5,5,13.8,1.0,1.0,13.9,8.9,1.4,3.51,Graduate
3569,Single,2nd phase - general contingent,Informatics Engineering,Daytime,Secondary Education,120.5,Yes,No,No,Yes,Male,No,20,No,5,3,13.333333333333334,5,5,13.571428571428571,0.6,1.0,13.45,12.4,0.5,1.79,Graduate
3570,Single,Over 23 years old,Veterinary Nursing,Daytime,Basic Education 3rd Cycle,103.0,No,No,No,Yes,Male,No,25,No,6,0,0.0,6,0,0.0,0.0,0.0,0.0,10.8,1.4,1.74,Dropout
3571,Single,2nd phase - general contingent,Communication Design,Daytime,Secondary Education,111.9,Yes,No,No,Yes,Male,No,19,No,6,5,12.0,6,4,11.2,0.833,0.667,11.6,8.9,1.4,3.51,Graduate
3572,Single,2nd phase - general contingent,Informatics Engineering,Daytime,Secondary Education,148.7,No,No,No,Yes,Male,No,18,No,5,5,16.2,5,5,16.0,1.0,1.0,16.1,8.9,1.4,3.51,Graduate
3573,Single,Change of course,Management (evening attendance),Evening,Other - 11th Year,120.0,No,No,No,Yes,Male,No,28,No,13,7,10.285714285714286,11,5,10.6,0.538,0.455,10.44,10.8,1.4,1.74,Dropout
3574,Single,1st phase - general contingent,Informatics Engineering,Daytime,Secondary Education,125.7,Yes,No,No,Yes,Male,No,18,No,5,0,0.0,5,0,0.0,0.0,0.0,0.0,9.4,-0.8,-3.12,Enrolled
3575,Single,1st phase - general contingent,Tourism,Daytime,Secondary Education,120.1,Yes,No,No,Yes,Male,Yes,20,No,6,6,13.571428571428571,6,6,13.166666666666666,1.0,1.0,13.37,8.9,1.4,3.51,Graduate
3576,Single,1st phase - general contingent,Equinculture,Daytime,Secondary Education,127.8,No,No,No,Yes,Male,No,18,No,6,6,14.285714285714286,6,6,14.857142857142858,1.0,1.0,14.57,11.1,0.6,2.02,Graduate
3577,Single,2nd phase - general contingent,Management,Daytime,Secondary Education,106.4,Yes,No,No,Yes,Male,No,19,No,5,5,10.2,5,4,10.5,1.0,0.8,10.35,12.4,0.5,1.79,Graduate
3578,Single,Transfer,Nursing,Daytime,Secondary Education,100.0,No,No,Yes,Yes,Male,No,24,No,8,2,10.25,8,2,10.25,0.25,0.25,10.25,12.7,3.7,-1.7,Dropout
3579,Single,2nd phase - general contingent,Veterinary Nursing,Daytime,Secondary Education,123.9,Yes,No,No,Yes,Male,No,21,No,6,0,0.0,6,0,0.0,0.0,0.0,0.0,10.8,1.4,1.74,Dropout
3580,Single,1st phase - general contingent,Advertising and Marketing Management,Daytime,Secondary Education,139.5,No,No,No,Yes,Male,Yes,20,No,6,6,14.833333333333334,6,6,14.833333333333334,1.0,1.0,14.83,12.7,3.7,-1.7,Graduate
3581,Single,Technological specialization diploma holders,Agronomy,Daytime,Technological Specialization Course,150.0,Yes,No,No,Yes,Male,No,21,No,6,5,13.625,6,5,12.6,0.833,0.833,13.11,13.9,-0.3,0.79,Graduate
3582,Married,1st phase - general contingent,Oral Hygiene,Daytime,Secondary Education,139.8,No,No,Yes,Yes,Male,No,24,No,7,7,12.271428571428572,8,7,13.657142857142857,1.0,0.875,12.96,10.8,1.4,1.74,Graduate
3583,Single,Over 23 years old,Management (evening attendance),Evening,Secondary Education,154.4,No,No,No,Yes,Male,No,27,No,5,0,0.0,5,0,0.0,0.0,0.0,0.0,10.8,1.4,1.74,Dropout
3584,Single,2nd phase - general contingent,Management,Daytime,Secondary Education,115.5,Yes,No,Yes,No,Male,No,19,No,5,4,12.5,5,5,10.5,0.8,1.0,11.5,8.9,1.4,3.51,Enrolled
3585,Single,Over 23 years old,Social Service (evening attendance),Evening,Secondary Education,119.0,No,No,No,Yes,Male,No,39,No,9,9,13.22222222222222,7,7,13.142857142857142,1.0,1.0,13.18,8.9,1.4,3.51,Graduate
3586,Single,Over 23 years old,Biofuel Production Technologies,Daytime,Secondary Education,96.1,No,No,No,Yes,Male,No,25,No,7,2,15.0,7,2,11.5,0.286,0.286,13.25,12.4,0.5,1.79,Dropout
3587,Single,Holders of other higher courses,Animation and Multimedia Design,Daytime,Higher Education - Degree,130.0,No,No,No,No,Male,No,18,No,0,0,0.0,0,0,0.0,0,0,0.0,9.4,-0.8,-3.12,Dropout
3588,Single,Change of course,Communication Design,Daytime,Secondary Education,128.8,No,No,No,Yes,Male,No,19,No,12,12,13.166666666666666,12,12,13.0,1.0,1.0,13.08,10.8,1.4,1.74,Graduate
3589,Single,3rd phase - general contingent,Journalism and Communication,Daytime,Secondary Education,126.8,No,No,No,Yes,Male,Yes,21,No,6,5,13.833333333333334,6,4,14.0,0.833,0.667,13.92,13.9,-0.3,0.79,Graduate
3590,Single,Holders of other higher courses,Management (evening attendance),Evening,Higher Education - Degree (1st cycle),130.0,No,No,No,Yes,Male,No,27,No,5,0,0.0,5,0,0.0,0.0,0.0,0.0,8.9,1.4,3.51,Dropout
3591,Single,1st phase - general contingent,Management,Daytime,Secondary Education,116.7,Yes,No,No,Yes,Male,No,19,No,5,0,0.0,5,0,0.0,0.0,0.0,0.0,7.6,2.6,0.32,Enrolled
3592,Single,2nd phase - general contingent,Nursing,Daytime,Secondary Education,125.5,Yes,No,No,Yes,Male,No,18,No,8,7,13.154285714285717,8,7,13.154285714285717,0.875,0.875,13.15,10.8,1.4,1.74,Enrolled
3593,Single,Holders of other higher courses,Advertising and Marketing Management,Daytime,Higher Education - Degree,110.0,Yes,No,No,Yes,Male,No,27,No,12,9,12.333333333333334,11,6,13.166666666666666,0.75,0.545,12.75,9.4,-0.8,-3.12,Dropout
3594,Single,1st phase - general contingent,Journalism and Communication,Daytime,Secondary Education,133.7,Yes,No,Yes,Yes,Male,No,18,No,6,6,13.0,6,5,11.8,1.0,0.833,12.4,12.7,3.7,-1.7,Dropout
3595,Single,1st phase - general contingent,Equinculture,Daytime,Secondary Education,117.6,No,No,No,Yes,Male,No,19,No,5,2,11.5,5,5,11.4,0.4,1.0,11.45,9.4,-0.8,-3.12,Enrolled
3596,Single,Technological specialization diploma holders,Agronomy,Daytime,Technological Specialization Course,140.0,No,No,No,Yes,Male,No,19,No,6,3,13.25,6,1,12.0,0.5,0.167,12.62,13.9,-0.3,0.79,Dropout
3597,Single,Technological specialization diploma holders,Agronomy,Daytime,Technological Specialization Course,150.0,No,No,No,Yes,Male,No,22,No,6,3,13.333333333333334,6,3,12.75,0.5,0.5,13.04,15.5,2.8,-4.06,Enrolled
3598,Single,1st phase - special contingent (Madeira Island),Social Service,Daytime,Secondary Education,133.7,Yes,No,No,Yes,Female,No,18,No,6,6,13.5,6,6,12.166666666666666,1.0,1.0,12.83,10.8,1.4,1.74,Graduate
3599,Single,1st phase - special contingent (Madeira Island),Journalism and Communication,Daytime,Secondary Education,137.0,Yes,No,No,Yes,Female,Yes,18,No,6,6,12.666666666666666,6,5,12.8,1.0,0.833,12.73,10.8,1.4,1.74,Graduate
3600,Single,Change of course,Management,Daytime,Secondary Education,128.2,No,No,No,Yes,Female,No,23,No,11,11,15.090909090909092,6,6,14.5,1.0,1.0,14.8,9.4,-0.8,-3.12,Dropout
3601,Single,3rd phase - general contingent,Animation and Multimedia Design,Daytime,Secondary Education,129.2,Yes,No,Yes,No,Male,No,20,No,0,0,0.0,0,0,0.0,0,0,0.0,9.4,-0.8,-3.12,Dropout
3602,Single,2nd phase - general contingent,Journalism and Communication,Daytime,Secondary Education,129.5,Yes,No,No,Yes,Male,No,18,No,6,6,13.166666666666666,6,6,12.666666666666666,1.0,1.0,12.92,16.2,0.3,-0.92,Graduate
3603,Single,1st phase - general contingent,Journalism and Communication,Daytime,Secondary Education,129.6,Yes,No,No,Yes,Male,No,18,No,6,6,12.833333333333334,6,6,12.833333333333334,1.0,1.0,12.83,12.4,0.5,1.79,Graduate
3604,Single,2nd phase - general contingent,Informatics Engineering,Daytime,Secondary Education,121.7,Yes,No,No,Yes,Male,No,18,No,5,5,11.8,5,3,12.0,1.0,0.6,11.9,8.9,1.4,3.51,Enrolled
3605,Single,2nd phase - general contingent,Journalism and Communication,Daytime,Secondary Education,141.8,Yes,No,No,Yes,Male,No,20,No,6,6,11.833333333333334,6,6,12.166666666666666,1.0,1.0,12.0,12.7,3.7,-1.7,Graduate
3606,Single,1st phase - general contingent,Journalism and Communication,Daytime,Secondary Education,129.8,Yes,No,No,Yes,Male,No,20,No,6,5,12.8,6,3,12.75,0.833,0.5,12.78,15.5,2.8,-4.06,Graduate
3607,Single,Technological specialization diploma holders,Communication Design,Daytime,Technological Specialization Course,106.0,No,No,No,Yes,Male,No,21,No,7,5,11.8,9,5,11.0,0.714,0.556,11.4,12.4,0.5,1.79,Dropout
3608,Single,Change of course,Animation and Multimedia Design,Daytime,Secondary Education,121.6,No,No,No,Yes,Male,No,22,No,0,0,0.0,0,0,0.0,0,0,0.0,13.9,-0.3,0.79,Enrolled
3609,Single,2nd phase - general contingent,Informatics Engineering,Daytime,Secondary Education,121.5,Yes,No,No,Yes,Male,No,20,No,5,5,15.8,5,5,14.571428571428571,1.0,1.0,15.19,11.1,0.6,2.02,Dropout
3610,Single,1st phase - general contingent,Animation and Multimedia Design,Daytime,Secondary Education,117.0,No,No,Yes,Yes,Male,No,19,No,0,0,0.0,0,0,0.0,0,0,0.0,15.5,2.8,-4.06,Enrolled
3611,Single,Technological specialization diploma holders,Informatics Engineering,Daytime,Technological Specialization Course,130.0,Yes,No,No,Yes,Male,No,19,No,5,2,12.5,5,3,11.6,0.4,0.6,12.05,12.4,0.5,1.79,Enrolled
3612,Single,2nd phase - general contingent,Advertising and Marketing Management,Daytime,Secondary Education,117.7,Yes,No,No,Yes,Male,No,20,No,6,6,14.666666666666666,6,6,13.857142857142858,1.0,1.0,14.26,8.9,1.4,3.51,Graduate
3613,Single,Technological specialization diploma holders,Veterinary Nursing,Daytime,Technological Specialization Course,140.0,Yes,No,No,Yes,Male,No,19,No,6,4,12.5,6,2,12.0,0.667,0.333,12.25,12.4,0.5,1.79,Dropout
3614,Single,1st phase - general contingent,Informatics Engineering,Daytime,Secondary Education,133.1,Yes,No,No,Yes,Male,No,19,No,5,3,12.0,6,2,10.5,0.6,0.333,11.25,11.1,0.6,2.02,Dropout
3615,Single,International student (bachelor),Informatics Engineering,Daytime,Secondary Education,100.0,No,No,Yes,Yes,Male,No,24,Yes,8,7,13.142857142857142,6,6,11.833333333333334,0.875,1.0,12.49,8.9,1.4,3.51,Enrolled
3616,Single,2nd phase - general contingent,Advertising and Marketing Management,Daytime,Secondary Education,119.1,No,No,Yes,Yes,Male,No,18,No,6,3,12.666666666666666,6,4,11.142857142857142,0.5,0.667,11.9,10.8,1.4,1.74,Dropout
3617,Single,1st phase - general contingent,Informatics Engineering,Daytime,Secondary Education,129.8,No,No,No,No,Male,Yes,18,No,5,5,15.0,5,5,14.2,1.0,1.0,14.6,8.9,1.4,3.51,Enrolled
3618,Single,1st phase - general contingent,Social Service,Daytime,Secondary Education,131.3,Yes,No,Yes,Yes,Female,No,18,No,6,5,13.6,6,5,11.8,0.833,0.833,12.7,8.9,1.4,3.51,Dropout
3619,Single,2nd phase - general contingent,Journalism and Communication,Daytime,Secondary Education,136.7,Yes,No,No,Yes,Female,No,18,No,6,6,12.5,6,6,13.833333333333334,1.0,1.0,13.17,8.9,1.4,3.51,Graduate
3620,Single,2nd phase - general contingent,Social Service,Daytime,Secondary Education,126.2,Yes,No,No,Yes,Female,Yes,21,No,6,6,13.333333333333334,6,6,13.5,1.0,1.0,13.42,12.4,0.5,1.79,Graduate
3621,Single,International student (bachelor),Veterinary Nursing,Daytime,Secondary Education,109.6,No,No,No,Yes,Female,No,18,Yes,6,4,12.25,6,5,11.0,0.667,0.833,11.62,11.1,0.6,2.02,Dropout
3622,Single,1st phase - general contingent,Nursing,Daytime,Secondary Education,131.9,Yes,No,No,Yes,Female,Yes,18,No,7,7,15.101428571428572,8,8,16.09375,1.0,1.0,15.6,11.1,0.6,2.02,Graduate
3623,Single,1st phase - general contingent,Social Service,Daytime,Secondary Education,140.7,Yes,No,No,Yes,Female,Yes,18,No,6,6,13.166666666666666,6,6,16.0,1.0,1.0,14.58,10.8,1.4,1.74,Graduate
3624,Single,3rd phase - general contingent,Social Service (evening attendance),Evening,Secondary Education,120.7,Yes,No,No,Yes,Female,No,23,No,6,4,11.0,6,0,0.0,0.667,0.0,5.5,13.9,-0.3,0.79,Dropout
3625,Single,1st phase - general contingent,Management,Daytime,Secondary Education,113.8,Yes,No,No,Yes,Female,No,21,No,5,3,11.666666666666666,5,4,11.75,0.6,0.8,11.71,8.9,1.4,3.51,Graduate
3626,Single,1st phase - general contingent,Social Service,Daytime,Secondary Education,121.0,No,No,No,Yes,Female,No,20,No,6,1,10.0,6,1,13.0,0.167,0.167,11.5,9.4,-0.8,-3.12,Enrolled
3627,Single,2nd phase - general contingent,Social Service (evening attendance),Evening,Secondary Education,112.4,Yes,No,No,Yes,Female,No,26,No,7,7,11.571428571428571,6,2,11.0,1.0,0.333,11.29,7.6,2.6,0.32,Dropout
3628,Single,1st phase - general contingent,Journalism and Communication,Daytime,Secondary Education,131.0,Yes,No,No,Yes,Female,Yes,18,No,6,6,12.166666666666666,6,5,11.2,1.0,0.833,11.68,7.6,2.6,0.32,Enrolled
3629,Single,1st phase - general contingent,Animation and Multimedia Design,Daytime,Secondary Education,142.7,Yes,No,No,Yes,Female,No,18,No,0,0,0.0,0,0,0.0,0,0,0.0,16.2,0.3,-0.92,Dropout
3630,Single,1st phase - general contingent,Advertising and Marketing Management,Daytime,Secondary Education,125.5,No,No,No,No,Female,Yes,19,No,6,6,13.833333333333334,6,6,14.285714285714286,1.0,1.0,14.06,8.9,1.4,3.51,Graduate
3631,Single,1st phase - general contingent,Nursing,Daytime,Secondary Education,107.8,Yes,No,No,Yes,Female,Yes,20,No,7,6,12.357142857142858,8,7,13.0,0.857,0.875,12.68,13.9,-0.3,0.79,Graduate
3632,Single,1st phase - general contingent,Journalism and Communication,Daytime,Secondary Education,110.4,Yes,No,Yes,No,Female,No,19,No,6,6,12.166666666666666,6,2,10.333333333333334,1.0,0.333,11.25,16.2,0.3,-0.92,Dropout
3633,Single,Technological specialization diploma holders,Social Service,Daytime,Technological Specialization Course,136.1,Yes,No,Yes,Yes,Female,No,21,No,6,3,12.0,6,2,12.5,0.5,0.333,12.25,12.4,0.5,1.79,Enrolled
3634,Single,Over 23 years old,Tourism,Daytime,Secondary Education,138.3,No,No,No,Yes,Female,No,33,No,10,9,12.416666666666666,9,7,13.0,0.9,0.778,12.71,10.8,1.4,1.74,Graduate
3635,Single,1st phase - general contingent,Veterinary Nursing,Daytime,Secondary Education,142.3,No,No,No,Yes,Female,No,18,No,5,4,12.75,5,4,12.75,0.8,0.8,12.75,7.6,2.6,0.32,Graduate
3636,Single,Transfer,Nursing,Daytime,Frequency of Higher Education,145.0,No,No,No,Yes,Female,No,21,No,21,18,14.933333333333334,21,18,14.933333333333334,0.857,0.857,14.93,7.6,2.6,0.32,Graduate
3637,Single,1st phase - general contingent,Journalism and Communication,Daytime,Secondary Education,125.7,Yes,No,No,Yes,Female,No,19,No,6,6,13.0,6,6,11.666666666666666,1.0,1.0,12.33,8.9,1.4,3.51,Graduate
3638,Divorced,Over 23 years old,Basic Education,Daytime,Basic Education 3rd Cycle,108.0,No,No,Yes,No,Female,No,33,No,7,7,12.857142857142858,7,6,12.666666666666666,1.0,0.857,12.76,8.9,1.4,3.51,Enrolled
3639,Married,1st phase - general contingent,Nursing,Daytime,Secondary Education,128.7,Yes,No,No,Yes,Female,No,18,No,7,7,14.455000000000002,8,8,13.91,1.0,1.0,14.18,15.5,2.8,-4.06,Graduate
3640,Single,1st phase - general contingent,Advertising and Marketing Management,Daytime,Secondary Education,128.0,No,No,No,Yes,Female,Yes,18,No,6,6,14.0,6,6,13.285714285714286,1.0,1.0,13.64,11.1,0.6,2.02,Graduate
3641,Single,1st phase - general contingent,Journalism and Communication,Daytime,Secondary Education,146.5,Yes,No,No,Yes,Female,Yes,20,No,6,6,13.5,6,6,12.666666666666666,1.0,1.0,13.08,11.1,0.6,2.02,Graduate
3642,Single,1st phase - general contingent,Tourism,Daytime,Secondary Education,106.1,Yes,No,No,No,Female,No,20,No,6,0,0.0,6,0,0.0,0.0,0.0,0.0,11.1,0.6,2.02,Dropout
3643,Single,2nd phase - general contingent,Social Service (evening attendance),Evening,Secondary Education,118.0,No,No,No,Yes,Female,Yes,20,No,6,6,11.666666666666666,6,5,14.0,1.0,0.833,12.83,10.8,1.4,1.74,Graduate
3644,Single,2nd phase - general contingent,Veterinary Nursing,Daytime,Secondary Education,117.0,Yes,No,No,Yes,Female,Yes,19,No,5,4,12.0,5,5,13.333333333333334,0.8,1.0,12.67,10.8,1.4,1.74,Graduate
3645,Single,1st phase - general contingent,Social Service,Daytime,Secondary Education,115.4,Yes,No,No,Yes,Female,Yes,19,No,6,6,11.714285714285714,6,6,11.833333333333334,1.0,1.0,11.77,13.9,-0.3,0.79,Graduate
3646,Single,2nd phase - general contingent,Social Service,Daytime,Secondary Education,117.0,Yes,No,No,Yes,Female,No,21,No,6,6,12.666666666666666,6,6,12.428571428571429,1.0,1.0,12.55,11.1,0.6,2.02,Graduate
3647,Single,Over 23 years old,Veterinary Nursing,Daytime,Secondary Education,144.9,Yes,No,No,Yes,Female,No,26,No,6,3,11.75,6,4,12.8,0.5,0.667,12.28,12.4,0.5,1.79,Enrolled
3648,Single,2nd phase - general contingent,Social Service,Daytime,Secondary Education,127.0,No,No,No,Yes,Female,No,21,No,6,0,0.0,6,0,0.0,0.0,0.0,0.0,16.2,0.3,-0.92,Dropout
3649,Single,1st phase - general contingent,Nursing,Daytime,Secondary Education,118.0,Yes,No,No,Yes,Female,No,18,No,8,7,12.328571428571427,8,7,12.328571428571427,0.875,0.875,12.33,12.7,3.7,-1.7,Graduate
3650,Facto Union,Over 23 years old,Basic Education,Daytime,Basic Education 3rd Cycle,118.0,No,No,No,Yes,Female,No,27,No,7,6,11.666666666666666,7,1,10.0,0.857,0.143,10.83,12.4,0.5,1.79,Dropout
3651,Single,Change of course,Communication Design,Daytime,Secondary Education,126.4,Yes,No,No,Yes,Female,Yes,20,No,12,12,13.25,12,11,12.727272727272728,1.0,0.917,12.99,15.5,2.8,-4.06,Graduate
3652,Single,Change of course,Advertising and Marketing Management,Daytime,Technological Specialization Course,110.0,No,No,No,Yes,Female,No,21,No,6,5,11.833333333333334,6,4,13.25,0.833,0.667,12.54,16.2,0.3,-0.92,Enrolled
3653,Single,2nd phase - general contingent,Oral Hygiene,Daytime,Secondary Education,124.4,Yes,No,No,Yes,Female,Yes,18,No,7,7,13.3,8,8,15.125,1.0,1.0,14.21,15.5,2.8,-4.06,Graduate
3654,Single,Technological specialization diploma holders,Veterinary Nursing,Daytime,Technological Specialization Course,140.0,Yes,No,No,Yes,Female,No,20,No,6,6,12.555555555555555,6,5,11.8,1.0,0.833,12.18,16.2,0.3,-0.92,Enrolled
3655,Single,1st phase - general contingent,Journalism and Communication,Daytime,Secondary Education,129.4,Yes,No,No,Yes,Female,No,18,No,6,6,12.833333333333334,6,6,12.166666666666666,1.0,1.0,12.5,11.1,0.6,2.02,Graduate
3656,Single,Technological specialization diploma holders,Social Service,Daytime,Technological Specialization Course,141.7,No,No,No,Yes,Female,Yes,20,No,6,6,12.833333333333334,6,6,12.833333333333334,1.0,1.0,12.83,13.9,-0.3,0.79,Graduate
3657,Single,1st phase - general contingent,Veterinary Nursing,Daytime,Secondary Education,132.1,Yes,No,No,Yes,Female,Yes,19,No,5,3,12.666666666666666,5,3,13.0,0.6,0.6,12.83,12.7,3.7,-1.7,Graduate
3658,Single,1st phase - general contingent,Nursing,Daytime,Secondary Education,116.8,Yes,No,No,Yes,Female,No,20,No,7,6,13.271428571428572,8,7,14.471428571428572,0.857,0.875,13.87,13.9,-0.3,0.79,Graduate
3659,Single,1st phase - general contingent,Management (evening attendance),Evening,Secondary Education,135.0,No,No,No,Yes,Female,Yes,20,No,5,5,12.4,5,5,12.833333333333334,1.0,1.0,12.62,10.8,1.4,1.74,Graduate
3660,Single,Technological specialization diploma holders,Veterinary Nursing,Daytime,Technological Specialization Course,150.0,No,No,No,Yes,Female,No,20,No,5,2,14.5,5,4,11.25,0.4,0.8,12.88,12.7,3.7,-1.7,Enrolled
3661,Single,1st phase - general contingent,Social Service,Daytime,Secondary Education,116.0,Yes,No,Yes,Yes,Female,No,19,No,6,0,0.0,5,0,0.0,0.0,0.0,0.0,13.9,-0.3,0.79,Dropout
3662,Single,1st phase - general contingent,Journalism and Communication,Daytime,Secondary Education,155.0,No,No,No,Yes,Female,No,18,No,6,6,14.285714285714286,6,6,13.25,1.0,1.0,13.77,8.9,1.4,3.51,Graduate
3663,Single,1st phase - general contingent,Veterinary Nursing,Daytime,Secondary Education,127.0,Yes,No,No,Yes,Female,No,18,No,5,3,12.333333333333334,5,5,12.6,0.6,1.0,12.47,10.8,1.4,1.74,Graduate
3664,Single,2nd phase - general contingent,Nursing,Daytime,Secondary Education,130.8,Yes,No,No,Yes,Female,Yes,19,No,7,6,12.583333333333334,8,7,12.671428571428573,0.857,0.875,12.63,13.9,-0.3,0.79,Graduate
3665,Single,1st phase - general contingent,Nursing,Daytime,Secondary Education,121.8,Yes,No,No,Yes,Female,No,19,No,7,6,13.731666666666667,8,7,13.771428571428572,0.857,0.875,13.75,12.4,0.5,1.79,Dropout
3666,Single,Over 23 years old,Agronomy,Daytime,Basic Education 3rd Cycle,140.0,No,No,No,Yes,Male,No,43,No,6,6,12.875,6,5,12.142857142857142,1.0,0.833,12.51,16.2,0.3,-0.92,Enrolled
3667,Married,Transfer,Communication Design,Daytime,Secondary Education,148.5,No,No,No,Yes,Male,No,47,No,10,8,14.625,7,5,13.4,0.8,0.714,14.01,9.4,-0.8,-3.12,Dropout
3668,Single,Transfer,Management,Daytime,Secondary Education,109.8,Yes,No,No,No,Male,No,23,No,3,0,0.0,2,0,0.0,0.0,0.0,0.0,7.6,2.6,0.32,Dropout
3669,Single,1st phase - general contingent,Social Service,Daytime,Secondary Education,119.7,Yes,No,Yes,Yes,Female,Yes,19,Yes,6,6,12.666666666666666,6,6,12.666666666666666,1.0,1.0,12.67,8.9,1.4,3.51,Graduate
3670,Single,Transfer,Nursing,Daytime,Secondary Education,122.0,Yes,No,No,Yes,Female,No,20,No,8,6,12.491666666666667,8,6,12.491666666666667,0.75,0.75,12.49,12.7,3.7,-1.7,Graduate
3671,Single,1st phase - general contingent,Animation and Multimedia Design,Daytime,Secondary Education,147.5,Yes,No,No,Yes,Female,Yes,19,No,12,12,13.666666666666666,11,11,14.166666666666666,1.0,1.0,13.92,8.9,1.4,3.51,Graduate
3672,Single,2nd phase - general contingent,Veterinary Nursing,Daytime,Secondary Education,150.8,Yes,No,No,Yes,Female,No,19,Yes,6,6,16.0,6,6,14.5,1.0,1.0,15.25,15.5,2.8,-4.06,Graduate
3673,Single,Technological specialization diploma holders,Veterinary Nursing,Daytime,Technological Specialization Course,150.0,Yes,No,No,Yes,Female,No,19,No,6,6,14.142857142857142,6,6,13.0,1.0,1.0,13.57,13.9,-0.3,0.79,Graduate
3674,Single,Over 23 years old,Social Service (evening attendance),Evening,Basic Education 3rd Cycle,131.5,No,No,Yes,Yes,Female,Yes,39,No,6,6,11.833333333333334,6,4,13.75,1.0,0.667,12.79,11.1,0.6,2.02,Graduate
3675,Single,1st phase - general contingent,Communication Design,Daytime,Secondary Education,127.2,Yes,No,No,Yes,Female,Yes,20,No,6,6,12.666666666666666,6,6,13.0,1.0,1.0,12.83,10.8,1.4,1.74,Graduate
3676,Single,2nd phase - general contingent,Communication Design,Daytime,Secondary Education,111.0,Yes,No,No,Yes,Female,No,21,No,6,6,12.5,6,6,12.666666666666666,1.0,1.0,12.58,7.6,2.6,0.32,Graduate
3677,Single,Change of course,Social Service,Daytime,Secondary Education,119.9,Yes,No,Yes,No,Female,No,22,Yes,11,9,10.88888888888889,10,4,11.25,0.818,0.4,11.07,9.4,-0.8,-3.12,Graduate
3678,Single,1st phase - general contingent,Journalism and Communication,Daytime,Secondary Education,133.7,Yes,No,No,Yes,Female,No,19,No,6,1,13.0,5,0,0.0,0.167,0.0,6.5,7.6,2.6,0.32,Dropout
3679,Single,2nd phase - general contingent,Advertising and Marketing Management,Daytime,Secondary Education,140.0,Yes,No,No,Yes,Female,No,22,No,6,6,15.166666666666666,6,6,16.0,1.0,1.0,15.58,13.9,-0.3,0.79,Graduate
3680,Single,1st phase - special contingent (Azores Island),Basic Education,Daytime,Secondary Education,113.9,Yes,No,No,Yes,Female,Yes,19,No,6,6,12.666666666666666,6,6,12.0,1.0,1.0,12.33,12.7,3.7,-1.7,Graduate
3681,Single,1st phase - general contingent,Animation and Multimedia Design,Daytime,Secondary Education,120.7,Yes,No,Yes,Yes,Male,No,18,No,0,0,0.0,0,0,0.0,0,0,0.0,7.6,2.6,0.32,Dropout
3682,Facto Union,Over 23 years old,Management,Daytime,Secondary Education,119.8,No,No,No,Yes,Male,No,26,No,5,5,12.0,5,5,10.2,1.0,1.0,11.1,11.1,0.6,2.02,Enrolled
3683,Single,Over 23 years old,Management (evening attendance),Evening,Secondary Education,121.8,No,No,No,No,Male,No,36,No,5,0,0.0,5,0,0.0,0.0,0.0,0.0,12.7,3.7,-1.7,Dropout
3684,Single,3rd phase - general contingent,Animation and Multimedia Design,Daytime,Secondary Education,117.7,Yes,No,Yes,Yes,Male,Yes,20,No,0,0,0.0,0,0,0.0,0,0,0.0,12.4,0.5,1.79,Graduate
3685,Married,Over 23 years old,Management,Daytime,Secondary Education,110.0,No,No,No,Yes,Male,No,30,No,5,2,11.0,5,4,11.5,0.4,0.8,11.25,15.5,2.8,-4.06,Dropout
3686,Single,Change of course,Agronomy,Daytime,Secondary Education,134.4,No,No,No,Yes,Male,No,24,No,6,6,15.714285714285714,6,6,15.9,1.0,1.0,15.81,15.5,2.8,-4.06,Dropout
3687,Single,1st phase - general contingent,Management,Daytime,Secondary Education,125.3,No,No,No,Yes,Male,No,26,No,15,11,10.818181818181818,14,11,11.636363636363637,0.733,0.786,11.23,7.6,2.6,0.32,Dropout
3688,Single,1st phase - general contingent,Management,Daytime,Secondary Education,119.1,No,No,No,No,Male,No,19,No,5,1,12.0,5,0,0.0,0.2,0.0,6.0,13.9,-0.3,0.79,Dropout
3689,Facto Union,Over 23 years old,Social Service,Daytime,Secondary Education,146.0,No,No,No,Yes,Male,No,34,No,6,5,12.6,6,4,11.25,0.833,0.667,11.92,12.4,0.5,1.79,Graduate
3690,Single,Change of course,Equinculture,Daytime,Secondary Education,130.0,Yes,No,No,Yes,Male,No,33,No,5,1,13.0,5,3,14.0,0.2,0.6,13.5,9.4,-0.8,-3.12,Enrolled
3691,Single,2nd phase - general contingent,Management,Daytime,Secondary Education,122.0,Yes,No,No,Yes,Male,No,19,No,5,5,11.6,5,4,10.75,1.0,0.8,11.18,9.4,-0.8,-3.12,Graduate
3692,Single,2nd phase - general contingent,Informatics Engineering,Daytime,Secondary Education,118.1,Yes,No,Yes,No,Male,No,26,No,5,1,10.0,5,1,11.0,0.2,0.2,10.5,8.9,1.4,3.51,Dropout
3693,Single,Over 23 years old,Advertising and Marketing Management,Daytime,Secondary Education,105.2,No,No,No,Yes,Male,No,29,No,6,1,14.0,6,0,0.0,0.167,0.0,7.0,16.2,0.3,-0.92,Dropout
3694,Single,2nd phase - general contingent,Informatics Engineering,Daytime,Secondary Education,123.3,Yes,No,No,Yes,Male,Yes,19,No,5,5,12.6,5,2,12.5,1.0,0.4,12.55,8.9,1.4,3.51,Dropout
3695,Single,2nd phase - general contingent,Animation and Multimedia Design,Daytime,Secondary Education,124.8,Yes,No,No,Yes,Male,No,18,No,0,0,0.0,0,0,0.0,0,0,0.0,12.7,3.7,-1.7,Dropout
3696,Single,Over 23 years old,Management (evening attendance),Evening,Basic Education 3rd Cycle,149.4,No,No,No,No,Male,No,29,No,5,2,11.333333333333334,5,1,12.0,0.4,0.2,11.67,11.1,0.6,2.02,Dropout
3697,Single,Change of course,Tourism,Daytime,Secondary Education,108.5,No,No,No,Yes,Male,No,21,No,6,6,12.666666666666666,6,5,11.4,1.0,0.833,12.03,9.4,-0.8,-3.12,Graduate
3698,Single,2nd phase - general contingent,Tourism,Daytime,Secondary Education,125.0,No,No,No,Yes,Male,No,19,No,6,5,10.8,6,2,10.5,0.833,0.333,10.65,10.8,1.4,1.74,Enrolled
3699,Single,1st phase - general contingent,Nursing,Daytime,Secondary Education,101.0,No,No,No,Yes,Male,No,20,No,7,5,12.87857142857143,8,7,11.85625,0.714,0.875,12.37,15.5,2.8,-4.06,Graduate
3700,Single,1st phase - general contingent,Veterinary Nursing,Daytime,Secondary Education,112.9,No,No,No,Yes,Male,No,18,No,5,0,0.0,5,0,0.0,0.0,0.0,0.0,7.6,2.6,0.32,Dropout
3701,Single,2nd phase - general contingent,Communication Design,Daytime,Secondary Education,120.2,Yes,No,No,Yes,Male,No,18,No,6,6,12.833333333333334,6,5,11.4,1.0,0.833,12.12,15.5,2.8,-4.06,Enrolled
3702,Single,1st phase - general contingent,Management,Daytime,Secondary Education,111.6,No,No,Yes,Yes,Male,Yes,21,No,5,5,12.6,5,3,12.833333333333334,1.0,0.6,12.72,10.8,1.4,1.74,Enrolled
3703,Single,1st phase - general contingent,Management,Daytime,Secondary Education,134.1,Yes,No,No,Yes,Male,No,20,No,5,0,0.0,5,0,0.0,0.0,0.0,0.0,8.9,1.4,3.51,Dropout
3704,Single,Over 23 years old,Informatics Engineering,Daytime,Secondary Education,101.6,No,No,No,Yes,Male,Yes,30,No,5,0,0.0,5,0,0.0,0.0,0.0,0.0,12.7,3.7,-1.7,Dropout
3705,Single,3rd phase - general contingent,Advertising and Marketing Management,Daytime,Secondary Education,111.9,Yes,No,No,Yes,Male,No,19,No,6,6,14.166666666666666,6,6,14.0,1.0,1.0,14.08,13.9,-0.3,0.79,Graduate
3706,Single,Change of institution/course,Management,Daytime,Secondary Education,118.4,Yes,No,No,Yes,Male,No,30,No,5,5,13.4,5,4,13.25,1.0,0.8,13.32,8.9,1.4,3.51,Dropout
3707,Single,1st phase - general contingent,Management,Daytime,Secondary Education,127.1,Yes,No,No,Yes,Male,Yes,22,No,5,5,11.2,5,4,11.25,1.0,0.8,11.22,12.7,3.7,-1.7,Graduate
3708,Single,2nd phase - general contingent,Animation and Multimedia Design,Daytime,Secondary Education,120.5,Yes,No,No,Yes,Male,No,22,No,0,0,0.0,0,0,0.0,0,0,0.0,12.4,0.5,1.79,Graduate
3709,Single,2nd phase - general contingent,Communication Design,Daytime,Secondary Education,136.1,Yes,No,Yes,No,Male,No,19,No,6,6,12.666666666666666,6,5,11.8,1.0,0.833,12.23,11.1,0.6,2.02,Dropout
3710,Single,2nd phase - general contingent,Advertising and Marketing Management,Daytime,Secondary Education,124.0,Yes,No,No,Yes,Male,No,21,No,5,3,12.333333333333334,5,4,11.25,0.6,0.8,11.79,7.6,2.6,0.32,Dropout
3711,Single,2nd phase - general contingent,Veterinary Nursing,Daytime,Secondary Education,141.6,No,No,No,Yes,Male,No,21,No,5,4,12.25,5,5,12.0,0.8,1.0,12.12,7.6,2.6,0.32,Graduate
3712,Single,Technological specialization diploma holders,Animation and Multimedia Design,Daytime,Technological Specialization Course,160.0,Yes,No,Yes,Yes,Male,Yes,21,No,0,0,0.0,0,0,0.0,0,0,0.0,15.5,2.8,-4.06,Dropout
3713,Single,Over 23 years old,Management,Daytime,Secondary Education,110.0,No,No,No,Yes,Male,No,27,No,5,3,10.75,5,3,10.333333333333334,0.6,0.6,10.54,15.5,2.8,-4.06,Dropout
3714,Single,Change of course,Biofuel Production Technologies,Daytime,Secondary Education,100.0,Yes,No,No,Yes,Male,No,32,No,7,0,0.0,7,0,0.0,0.0,0.0,0.0,13.9,-0.3,0.79,Dropout
3715,Single,Over 23 years old,Advertising and Marketing Management,Daytime,Other - 11th Year,120.0,No,No,Yes,No,Male,No,40,No,6,0,0.0,6,0,0.0,0.0,0.0,0.0,15.5,2.8,-4.06,Dropout
3716,Single,1st phase - general contingent,Management,Daytime,Secondary Education,124.8,Yes,No,No,Yes,Male,No,20,No,5,2,14.333333333333334,5,2,12.5,0.4,0.4,13.42,7.6,2.6,0.32,Enrolled
3717,Single,Technological specialization diploma holders,Equinculture,Daytime,Technological Specialization Course,140.0,Yes,No,No,Yes,Male,No,20,No,5,2,11.5,5,2,11.5,0.4,0.4,11.5,12.7,3.7,-1.7,Dropout
3718,Single,1st phase - general contingent,Animation and Multimedia Design,Daytime,Secondary Education,124.3,Yes,No,No,Yes,Male,No,18,No,0,0,0.0,0,0,0.0,0,0,0.0,7.6,2.6,0.32,Graduate
3719,Single,Change of course,Management,Daytime,Secondary Education,118.9,No,No,No,Yes,Male,No,21,No,5,2,10.5,5,0,0.0,0.4,0.0,5.25,12.7,3.7,-1.7,Dropout
3720,Single,2nd phase - general contingent,Advertising and Marketing Management,Daytime,Secondary Education,130.2,No,No,No,Yes,Male,No,18,No,6,6,13.5,6,0,0.0,1.0,0.0,6.75,12.7,3.7,-1.7,Dropout
3721,Single,Technological specialization diploma holders,Agronomy,Daytime,Secondary Education,120.0,No,No,No,Yes,Male,No,19,No,6,1,11.0,6,0,0.0,0.167,0.0,5.5,16.2,0.3,-0.92,Enrolled
3722,Facto Union,Holders of other higher courses,Communication Design,Daytime,Higher Education - Degree,140.0,No,No,No,No,Male,No,30,No,6,1,10.0,6,0,0.0,0.167,0.0,5.0,15.5,2.8,-4.06,Dropout
3723,Single,Over 23 years old,Agronomy,Daytime,Other - 11th Year,130.0,No,No,No,Yes,Male,No,29,No,6,0,0.0,6,0,0.0,0.0,0.0,0.0,15.5,2.8,-4.06,Dropout
3724,Single,2nd phase - general contingent,Informatics Engineering,Daytime,Secondary Education,130.4,Yes,No,Yes,Yes,Male,No,18,No,5,1,12.0,5,3,10.666666666666666,0.2,0.6,11.33,7.6,2.6,0.32,Dropout
3725,Single,1st phase - general contingent,Advertising and Marketing Management,Daytime,Secondary Education,116.1,Yes,No,No,Yes,Male,Yes,18,No,5,4,12.25,5,5,12.2,0.8,1.0,12.22,9.4,-0.8,-3.12,Dropout
3726,Single,Technological specialization diploma holders,Agronomy,Daytime,Technological Specialization Course,130.0,No,No,No,Yes,Male,No,22,No,10,5,11.4,7,6,11.666666666666666,0.5,0.857,11.53,15.5,2.8,-4.06,Dropout
3727,Single,Change of course,Management (evening attendance),Evening,Secondary Education,124.3,Yes,No,No,No,Male,No,27,No,5,0,0.0,5,0,0.0,0.0,0.0,0.0,12.7,3.7,-1.7,Dropout
3728,Single,2nd phase - general contingent,Advertising and Marketing Management,Daytime,Secondary Education,125.0,Yes,No,No,Yes,Male,No,20,No,6,4,14.25,6,5,14.0,0.667,0.833,14.12,10.8,1.4,1.74,Graduate
3729,Single,Change of institution/course,Social Service (evening attendance),Evening,Higher Education - Bachelor's,110.0,No,No,No,Yes,Male,No,42,No,12,11,14.454545454545457,11,10,14.2,0.917,0.909,14.33,11.1,0.6,2.02,Graduate
3730,Single,1st phase - general contingent,Agronomy,Daytime,Secondary Education,115.0,No,No,Yes,Yes,Male,No,21,No,12,12,14.538461538461538,12,12,14.461538461538462,1.0,1.0,14.5,15.5,2.8,-4.06,Graduate
3731,Single,Change of course,Nursing,Daytime,Secondary Education,129.6,No,Yes,No,Yes,Male,No,23,No,7,6,12.733333333333334,8,7,11.95,0.857,0.875,12.34,16.2,0.3,-0.92,Graduate
3732,Single,Change of institution/course,Communication Design,Daytime,Secondary Education,128.8,Yes,No,No,Yes,Male,No,21,No,12,5,13.2,12,4,13.5,0.417,0.333,13.35,8.9,1.4,3.51,Dropout
3733,Single,1st phase - general contingent,Animation and Multimedia Design,Daytime,Secondary Education,144.2,Yes,No,No,Yes,Male,No,19,No,0,0,0.0,0,0,0.0,0,0,0.0,12.7,3.7,-1.7,Graduate
3734,Married,Over 23 years old,Social Service,Daytime,Secondary Education,134.0,No,No,No,Yes,Male,Yes,40,No,6,6,12.333333333333334,6,4,12.75,1.0,0.667,12.54,8.9,1.4,3.51,Dropout
3735,Single,Change of course,Management,Daytime,Secondary Education,112.0,No,No,No,Yes,Male,No,22,No,9,5,11.2,9,7,11.25,0.556,0.778,11.22,12.7,3.7,-1.7,Dropout
3736,Single,1st phase - general contingent,Nursing,Daytime,Secondary Education,128.8,Yes,No,No,Yes,Male,No,19,No,7,6,13.2,7,6,13.2,0.857,0.857,13.2,7.6,2.6,0.32,Graduate
3737,Single,Over 23 years old,Informatics Engineering,Daytime,Secondary Education,134.0,No,No,No,Yes,Male,Yes,24,No,5,5,11.833333333333334,5,4,14.0,1.0,0.8,12.92,12.7,3.7,-1.7,Enrolled
3738,Single,1st phase - general contingent,Tourism,Daytime,Secondary Education,125.0,No,No,No,Yes,Male,No,21,No,6,5,11.333333333333334,6,2,11.5,0.833,0.333,11.42,12.7,3.7,-1.7,Enrolled
3739,Single,2nd phase - general contingent,Informatics Engineering,Daytime,Secondary Education,123.2,Yes,No,No,Yes,Male,No,18,No,5,5,13.6,5,5,14.6,1.0,1.0,14.1,8.9,1.4,3.51,Graduate
3740,Single,2nd phase - general contingent,Informatics Engineering,Daytime,Secondary Education,118.4,No,No,No,Yes,Male,No,18,No,5,0,0.0,5,2,11.5,0.0,0.4,5.75,7.6,2.6,0.32,Dropout
3741,Single,Change of institution/course,Advertising and Marketing Management,Daytime,Secondary Education,116.2,No,No,No,Yes,Male,No,24,No,6,5,12.857142857142858,6,5,13.666666666666666,0.833,0.833,13.26,11.1,0.6,2.02,Dropout
3742,Single,Over 23 years old,Informatics Engineering,Daytime,Secondary Education,123.0,No,No,No,Yes,Male,Yes,28,No,5,3,14.333333333333334,5,5,12.428571428571429,0.6,1.0,13.38,9.4,-0.8,-3.12,Enrolled
3743,Single,2nd phase - general contingent,Advertising and Marketing Management,Daytime,Secondary Education,113.5,Yes,No,No,Yes,Female,Yes,19,No,6,5,13.5,6,6,14.0,0.833,1.0,13.75,12.4,0.5,1.79,Graduate
3744,Single,Change of institution/course,Veterinary Nursing,Daytime,Higher Education - Degree (1st cycle),125.0,No,No,No,Yes,Female,No,28,No,6,6,14.428571428571429,6,4,15.6,1.0,0.667,15.01,11.1,0.6,2.02,Enrolled
3745,Single,2nd phase - general contingent,Basic Education,Daytime,Secondary Education,134.8,Yes,No,No,Yes,Female,No,18,No,6,0,0.0,6,0,0.0,0.0,0.0,0.0,7.6,2.6,0.32,Dropout
3746,Single,1st phase - general contingent,Animation and Multimedia Design,Daytime,Secondary Education,149.9,Yes,No,No,No,Female,No,19,No,0,0,0.0,0,0,0.0,0,0,0.0,16.2,0.3,-0.92,Graduate
3747,Single,1st phase - general contingent,Nursing,Daytime,Secondary Education,119.8,Yes,No,No,Yes,Female,Yes,19,No,8,8,12.82875,8,8,12.82875,1.0,1.0,12.83,9.4,-0.8,-3.12,Graduate
3748,Single,Change of course,Equinculture,Daytime,Secondary Education,125.0,Yes,No,No,Yes,Female,No,21,No,5,0,0.0,5,4,13.75,0.0,0.8,6.88,10.8,1.4,1.74,Graduate
3749,Single,1st phase - general contingent,Nursing,Daytime,Secondary Education,135.1,Yes,No,Yes,Yes,Female,No,18,No,7,0,0.0,8,0,0.0,0.0,0.0,0.0,13.9,-0.3,0.79,Dropout
3750,Single,1st phase - general contingent,Communication Design,Daytime,Secondary Education,138.3,Yes,No,No,Yes,Female,No,19,No,6,6,14.666666666666666,6,6,13.166666666666666,1.0,1.0,13.92,9.4,-0.8,-3.12,Graduate
3751,Single,2nd phase - general contingent,Nursing,Daytime,Secondary Education,122.5,Yes,No,No,Yes,Female,No,19,No,8,7,13.937142857142858,8,7,13.937142857142858,0.875,0.875,13.94,10.8,1.4,1.74,Graduate
3752,Single,1st phase - general contingent,Communication Design,Daytime,Secondary Education,148.0,Yes,No,No,Yes,Female,No,20,No,12,10,14.7,12,12,14.583333333333334,0.833,1.0,14.64,15.5,2.8,-4.06,Graduate
3753,Single,1st phase - general contingent,Journalism and Communication,Daytime,Secondary Education,126.2,Yes,No,No,Yes,Female,No,18,No,6,6,11.666666666666666,6,5,12.2,1.0,0.833,11.93,12.7,3.7,-1.7,Graduate
3754,Single,Change of course,Nursing,Daytime,Frequency of Higher Education,129.8,Yes,No,No,Yes,Female,No,20,No,7,6,14.85,7,6,14.85,0.857,0.857,14.85,7.6,2.6,0.32,Graduate
3755,Single,Over 23 years old,Veterinary Nursing,Daytime,Basic Education 3rd Cycle,104.0,No,No,No,Yes,Female,No,26,No,5,1,12.0,5,0,0.0,0.2,0.0,6.0,10.8,1.4,1.74,Dropout
3756,Single,3rd phase - general contingent,Nursing,Daytime,Secondary Education,126.7,Yes,No,No,Yes,Female,No,18,No,7,7,13.6875,8,8,15.622222222222222,1.0,1.0,14.65,13.9,-0.3,0.79,Dropout
3757,Single,Over 23 years old,Social Service (evening attendance),Evening,Secondary Education,120.0,No,No,No,Yes,Female,No,58,No,6,5,12.4,6,5,11.6,0.833,0.833,12.0,9.4,-0.8,-3.12,Graduate
3758,Single,1st phase - general contingent,Nursing,Daytime,Secondary Education,124.6,No,No,No,Yes,Female,No,18,No,7,7,13.398,8,8,13.5425,1.0,1.0,13.47,15.5,2.8,-4.06,Graduate
3759,Single,Technological specialization diploma holders,Veterinary Nursing,Daytime,Secondary Education,130.0,Yes,No,No,Yes,Female,No,20,No,6,5,11.8,6,4,12.0,0.833,0.667,11.9,12.4,0.5,1.79,Enrolled
3760,Single,2nd phase - general contingent,Management (evening attendance),Evening,Secondary Education,127.3,No,No,No,Yes,Female,No,20,No,5,0,0.0,5,0,0.0,0.0,0.0,0.0,11.1,0.6,2.02,Dropout
3761,Single,Ordinance No. 612/93,Management,Daytime,Secondary Education,122.0,Yes,No,No,Yes,Female,No,29,No,15,13,11.76923076923077,14,14,11.928571428571429,0.867,1.0,11.85,9.4,-0.8,-3.12,Graduate
3762,Single,Holders of other higher courses,Social Service,Daytime,Higher Education - Degree,125.1,No,No,Yes,No,Female,No,27,No,6,0,0.0,5,0,0.0,0.0,0.0,0.0,16.2,0.3,-0.92,Dropout
3763,Single,1st phase - general contingent,Veterinary Nursing,Daytime,Secondary Education,110.0,Yes,No,No,Yes,Female,Yes,21,No,6,6,13.285714285714286,6,6,13.0,1.0,1.0,13.14,11.1,0.6,2.02,Graduate
3764,Single,1st phase - general contingent,Social Service,Daytime,Secondary Education,129.8,No,No,No,Yes,Female,Yes,20,No,6,6,11.666666666666666,6,6,11.166666666666666,1.0,1.0,11.42,15.5,2.8,-4.06,Graduate
3765,Single,2nd phase - general contingent,Social Service,Daytime,Secondary Education,114.9,No,No,No,Yes,Female,Yes,19,No,6,6,11.5,6,5,12.2,1.0,0.833,11.85,11.1,0.6,2.02,Graduate
3766,Single,1st phase - general contingent,Nursing,Daytime,Secondary Education,125.6,Yes,No,No,Yes,Female,Yes,22,No,7,6,13.081666666666669,8,6,13.15,0.857,0.75,13.12,11.1,0.6,2.02,Graduate
3767,Single,3rd phase - general contingent,Communication Design,Daytime,Secondary Education,125.1,Yes,No,No,Yes,Female,Yes,19,No,6,6,12.666666666666666,6,6,13.0,1.0,1.0,12.83,15.5,2.8,-4.06,Graduate
3768,Single,2nd phase - general contingent,Journalism and Communication,Daytime,Secondary Education,115.7,Yes,No,Yes,No,Female,No,19,No,6,3,11.333333333333334,6,0,0.0,0.5,0.0,5.67,12.4,0.5,1.79,Dropout
3769,Single,1st phase - general contingent,Basic Education,Daytime,Secondary Education,112.6,Yes,No,No,Yes,Female,No,23,No,6,5,13.6,6,5,11.6,0.833,0.833,12.6,7.6,2.6,0.32,Enrolled
3770,Single,1st phase - general contingent,Journalism and Communication,Daytime,Secondary Education,127.2,Yes,No,No,Yes,Female,Yes,18,No,6,6,13.166666666666666,6,5,13.2,1.0,0.833,13.18,12.4,0.5,1.79,Dropout
3771,Single,Technological specialization diploma holders,Equinculture,Daytime,Technological Specialization Course,140.0,No,No,No,Yes,Female,No,19,No,6,0,0.0,6,0,0.0,0.0,0.0,0.0,12.7,3.7,-1.7,Dropout
3772,Single,Technological specialization diploma holders,Agronomy,Daytime,Technological Specialization Course,140.0,Yes,No,No,Yes,Female,No,20,No,6,5,11.666666666666666,6,5,12.6,0.833,0.833,12.13,12.4,0.5,1.79,Graduate
3773,Single,1st phase - general contingent,Social Service,Daytime,Secondary Education,120.4,Yes,No,No,Yes,Female,Yes,19,No,6,6,13.5,6,6,13.428571428571429,1.0,1.0,13.46,11.1,0.6,2.02,Graduate
3774,Single,Over 23 years old,Veterinary Nursing,Daytime,Basic Education 3rd Cycle,100.0,Yes,No,Yes,No,Female,Yes,26,No,6,0,0.0,6,0,0.0,0.0,0.0,0.0,13.9,-0.3,0.79,Dropout
3775,Single,1st phase - general contingent,Social Service,Daytime,Secondary Education,113.5,Yes,No,No,Yes,Female,Yes,18,No,6,6,13.166666666666666,6,6,14.142857142857142,1.0,1.0,13.65,11.1,0.6,2.02,Graduate
3776,Single,1st phase - general contingent,Veterinary Nursing,Daytime,Secondary Education,132.1,Yes,No,Yes,Yes,Female,No,29,No,5,4,12.5,5,2,12.5,0.8,0.4,12.5,12.7,3.7,-1.7,Dropout
3777,Single,Technological specialization diploma holders,Agronomy,Daytime,Technological Specialization Course,160.0,Yes,No,No,No,Female,No,20,No,6,6,13.375,6,6,13.0,1.0,1.0,13.19,16.2,0.3,-0.92,Graduate
3778,Single,1st phase - general contingent,Communication Design,Daytime,Secondary Education,126.3,Yes,No,No,Yes,Female,No,19,No,6,6,13.166666666666666,6,6,12.666666666666666,1.0,1.0,12.92,15.5,2.8,-4.06,Graduate
3779,Single,Technological specialization diploma holders,Veterinary Nursing,Daytime,Technological Specialization Course,160.0,Yes,No,No,Yes,Female,No,23,No,6,4,13.4,6,2,13.5,0.667,0.333,13.45,12.4,0.5,1.79,Enrolled
3780,Single,Change of course,Oral Hygiene,Daytime,Secondary Education,100.0,No,No,No,Yes,Female,No,25,No,7,3,13.0,8,3,11.666666666666666,0.429,0.375,12.33,10.8,1.4,1.74,Enrolled
3781,Single,3rd phase - general contingent,Nursing,Daytime,Secondary Education,125.8,Yes,No,No,Yes,Female,No,18,No,8,7,13.154285714285717,8,7,13.154285714285717,0.875,0.875,13.15,10.8,1.4,1.74,Graduate
3782,Single,1st phase - general contingent,Communication Design,Daytime,Secondary Education,142.2,Yes,No,No,Yes,Female,Yes,19,No,6,6,12.833333333333334,6,6,12.833333333333334,1.0,1.0,12.83,9.4,-0.8,-3.12,Graduate
3783,Single,2nd phase - general contingent,Basic Education,Daytime,Secondary Education,119.4,Yes,No,No,Yes,Female,No,18,No,7,7,12.142857142857142,7,7,13.142857142857142,1.0,1.0,12.64,12.4,0.5,1.79,Graduate
3784,Single,1st phase - general contingent,Nursing,Daytime,Secondary Education,106.4,Yes,No,No,Yes,Female,Yes,19,No,7,5,13.34,7,6,12.385714285714286,0.714,0.857,12.86,12.4,0.5,1.79,Enrolled
3785,Single,Holders of other higher courses,Social Service (evening attendance),Evening,Higher Education - Degree (1st cycle),120.0,No,No,No,Yes,Female,No,36,No,10,4,13.0,9,4,13.75,0.4,0.444,13.38,8.9,1.4,3.51,Dropout
3786,Single,Technological specialization diploma holders,Agronomy,Daytime,Technological Specialization Course,150.0,No,No,No,Yes,Male,Yes,20,No,6,3,12.0,6,3,11.666666666666666,0.5,0.5,11.83,15.5,2.8,-4.06,Enrolled
3787,Single,2nd phase - general contingent,Animation and Multimedia Design,Daytime,Secondary Education,148.6,Yes,No,No,Yes,Male,No,20,Yes,0,0,0.0,0,0,0.0,0,0,0.0,11.1,0.6,2.02,Dropout
3788,Single,1st phase - general contingent,Social Service,Daytime,Secondary Education,108.7,Yes,No,No,Yes,Male,No,18,No,6,5,11.0,6,0,0.0,0.833,0.0,5.5,11.1,0.6,2.02,Dropout
3789,Single,Technological specialization diploma holders,Agronomy,Daytime,Technological Specialization Course,130.0,No,No,No,Yes,Male,No,19,No,6,5,11.5,6,6,11.333333333333334,0.833,1.0,11.42,12.4,0.5,1.79,Enrolled
3790,Single,2nd phase - general contingent,Social Service,Daytime,Secondary Education,124.6,Yes,No,Yes,No,Male,No,20,No,9,3,13.333333333333334,6,2,12.5,0.333,0.333,12.92,8.9,1.4,3.51,Dropout
3791,Single,1st phase - general contingent,Nursing,Daytime,Secondary Education,131.0,Yes,No,No,Yes,Male,No,18,No,7,7,14.594444444444443,8,8,13.472,1.0,1.0,14.03,15.5,2.8,-4.06,Graduate
3792,Single,Technological specialization diploma holders,Equinculture,Daytime,Technological Specialization Course,130.0,Yes,No,Yes,Yes,Male,No,20,No,6,4,11.0,6,3,10.666666666666666,0.667,0.5,10.83,12.4,0.5,1.79,Dropout
3793,Single,3rd phase - general contingent,Informatics Engineering,Daytime,Secondary Education,116.1,Yes,No,Yes,No,Male,No,24,No,5,0,0.0,5,0,0.0,0.0,0.0,0.0,9.4,-0.8,-3.12,Dropout
3794,Single,2nd phase - general contingent,Journalism and Communication,Daytime,Secondary Education,125.6,Yes,No,No,Yes,Male,No,19,No,6,0,0.0,6,0,0.0,0.0,0.0,0.0,8.9,1.4,3.51,Dropout
3795,Single,2nd phase - general contingent,Informatics Engineering,Daytime,Secondary Education,121.3,Yes,No,No,Yes,Male,No,18,No,5,1,12.0,5,2,12.0,0.2,0.4,12.0,7.6,2.6,0.32,Dropout
3796,Single,1st phase - general contingent,Informatics Engineering,Daytime,Secondary Education,107.4,Yes,No,No,Yes,Male,No,18,No,5,5,14.0,5,5,13.2,1.0,1.0,13.6,8.9,1.4,3.51,Graduate
3797,Single,1st phase - general contingent,Tourism,Daytime,Secondary Education,116.9,No,No,No,Yes,Male,No,18,No,6,6,13.571428571428571,6,5,11.8,1.0,0.833,12.69,8.9,1.4,3.51,Graduate
3798,Single,Change of course,Advertising and Marketing Management,Daytime,Secondary Education,123.5,Yes,No,No,Yes,Male,No,22,No,6,0,0.0,6,0,0.0,0.0,0.0,0.0,16.2,0.3,-0.92,Dropout
3799,Single,1st phase - general contingent,Advertising and Marketing Management,Daytime,Secondary Education,130.5,No,No,No,Yes,Male,No,19,No,6,6,14.25,6,6,13.857142857142858,1.0,1.0,14.05,11.1,0.6,2.02,Graduate
3800,Married,Over 23 years old,Veterinary Nursing,Daytime,Other - 11th Year,140.0,Yes,No,Yes,No,Female,No,32,No,6,0,0.0,6,0,0.0,0.0,0.0,0.0,13.9,-0.3,0.79,Dropout
3801,Single,2nd phase - general contingent,Basic Education,Daytime,Secondary Education,117.1,Yes,No,No,Yes,Female,Yes,21,No,6,0,0.0,6,0,0.0,0.0,0.0,0.0,7.6,2.6,0.32,Dropout
3802,Single,3rd phase - general contingent,Nursing,Daytime,Secondary Education,127.5,Yes,No,No,Yes,Female,Yes,19,No,8,7,13.542857142857144,8,7,13.542857142857144,0.875,0.875,13.54,12.7,3.7,-1.7,Graduate
3803,Divorced,Change of course,Social Service (evening attendance),Evening,Secondary Education,126.0,No,No,No,Yes,Female,Yes,39,No,9,9,13.11111111111111,7,7,11.714285714285714,1.0,1.0,12.41,12.7,3.7,-1.7,Graduate
3804,Single,Change of course,Social Service (evening attendance),Evening,11th Year - Not Completed,113.0,Yes,No,No,Yes,Female,No,30,No,9,9,12.666666666666666,7,7,12.142857142857142,1.0,1.0,12.4,7.6,2.6,0.32,Graduate
3805,Single,1st phase - general contingent,Management,Daytime,Secondary Education,130.1,Yes,No,No,Yes,Female,No,18,No,5,4,10.75,5,2,10.0,0.8,0.4,10.38,9.4,-0.8,-3.12,Dropout
3806,Married,Change of course,Management (evening attendance),Evening,Secondary Education,110.0,Yes,No,No,Yes,Female,No,38,No,10,4,10.75,10,2,10.0,0.4,0.2,10.38,7.6,2.6,0.32,Dropout
3807,Single,1st phase - general contingent,Communication Design,Daytime,Secondary Education,135.8,Yes,No,No,Yes,Female,No,20,No,6,6,13.666666666666666,6,6,13.333333333333334,1.0,1.0,13.5,9.4,-0.8,-3.12,Graduate
3808,Single,Over 23 years old,Social Service (evening attendance),Evening,Basic Education 3rd Cycle,126.3,No,No,No,Yes,Female,No,55,No,6,6,13.833333333333334,6,6,12.833333333333334,1.0,1.0,13.33,7.6,2.6,0.32,Graduate
3809,Divorced,"Ordinance No. 533-A/99, item b3 (Other Institution)",Communication Design,Daytime,Higher Education - Bachelor's,130.0,No,No,No,Yes,Female,No,53,No,18,17,13.176470588235292,18,16,13.0,0.944,0.889,13.09,7.6,2.6,0.32,Dropout
3810,Married,Over 23 years old,Social Service (evening attendance),Evening,Secondary Education,104.0,No,No,No,Yes,Female,No,54,No,6,4,12.75,6,5,12.6,0.667,0.833,12.68,7.6,2.6,0.32,Dropout
3811,Single,Change of course,Nursing,Daytime,Secondary Education,123.6,Yes,No,No,Yes,Female,Yes,18,No,7,5,12.86,7,5,12.86,0.714,0.714,12.86,7.6,2.6,0.32,Enrolled
3812,Single,Over 23 years old,Social Service (evening attendance),Evening,Secondary Education,121.0,No,No,Yes,No,Female,No,44,No,8,4,12.0,7,4,12.0,0.5,0.571,12.0,8.9,1.4,3.51,Dropout
3813,Single,Change of course,Social Service,Daytime,Secondary Education,130.5,Yes,No,No,Yes,Female,No,28,No,11,9,11.666666666666666,11,9,12.555555555555555,0.818,0.818,12.11,10.8,1.4,1.74,Graduate
3814,Single,Holders of other higher courses,Social Service (evening attendance),Evening,Higher Education - Master (2nd cycle),180.0,No,No,No,Yes,Female,No,37,No,14,14,16.5,11,11,16.90909090909091,1.0,1.0,16.7,8.9,1.4,3.51,Graduate
3815,Single,Change of course,Social Service,Daytime,Secondary Education,112.5,Yes,No,No,Yes,Female,No,20,No,10,9,12.333333333333334,7,7,11.77777777777778,0.9,1.0,12.06,7.6,2.6,0.32,Graduate
3816,Single,1st phase - general contingent,Nursing,Daytime,Secondary Education,126.1,Yes,No,No,Yes,Female,No,18,No,7,7,12.59125,8,7,12.820000000000002,1.0,0.875,12.71,15.5,2.8,-4.06,Enrolled
3817,Single,1st phase - general contingent,Social Service,Daytime,Secondary Education,111.8,Yes,No,No,Yes,Male,No,19,No,6,4,11.5,6,3,11.0,0.667,0.5,11.25,8.9,1.4,3.51,Dropout
3818,Single,2nd phase - general contingent,Agronomy,Daytime,Secondary Education,131.4,Yes,No,No,Yes,Male,Yes,23,No,18,18,11.894736842105264,13,13,12.923076923076923,1.0,1.0,12.41,15.5,2.8,-4.06,Graduate
3819,Single,2nd phase - general contingent,Social Service,Daytime,Secondary Education,144.3,No,No,No,Yes,Male,No,22,No,6,0,0.0,6,0,0.0,0.0,0.0,0.0,13.9,-0.3,0.79,Dropout
3820,Single,Over 23 years old,Tourism,Daytime,Secondary Education,115.0,No,No,No,No,Male,No,24,No,6,0,0.0,6,0,0.0,0.0,0.0,0.0,11.1,0.6,2.02,Dropout
3821,Single,Technological specialization diploma holders,Agronomy,Daytime,Technological Specialization Course,120.0,Yes,No,No,Yes,Male,No,22,No,6,5,13.0,6,2,11.5,0.833,0.333,12.25,12.4,0.5,1.79,Enrolled
3822,Single,Over 23 years old,Agronomy,Daytime,Secondary Education,168.6,No,No,No,Yes,Male,No,26,No,6,0,0.0,6,0,0.0,0.0,0.0,0.0,13.9,-0.3,0.79,Dropout
3823,Single,2nd phase - general contingent,Journalism and Communication,Daytime,Secondary Education,127.7,Yes,No,No,Yes,Male,No,18,No,6,6,15.166666666666666,6,6,14.833333333333334,1.0,1.0,15.0,9.4,-0.8,-3.12,Graduate
3824,Single,Technological specialization diploma holders,Equinculture,Daytime,Technological Specialization Course,150.0,No,No,No,Yes,Male,No,24,No,6,4,11.75,6,2,13.5,0.667,0.333,12.62,11.1,0.6,2.02,Dropout
3825,Single,1st phase - general contingent,Informatics Engineering,Daytime,Secondary Education,129.8,Yes,No,No,Yes,Male,No,18,No,5,0,0.0,5,1,15.0,0.0,0.2,7.5,10.8,1.4,1.74,Enrolled
3826,Single,1st phase - general contingent,Animation and Multimedia Design,Daytime,Secondary Education,135.6,Yes,No,No,Yes,Male,No,26,No,0,0,0.0,0,0,0.0,0,0,0.0,11.1,0.6,2.02,Dropout
3827,Single,Over 23 years old,Tourism,Daytime,Basic Education 3rd Cycle,100.0,No,No,No,Yes,Male,No,27,No,6,3,11.333333333333334,6,3,14.75,0.5,0.5,13.04,16.2,0.3,-0.92,Dropout
3828,Single,Technological specialization diploma holders,Agronomy,Daytime,Technological Specialization Course,140.0,Yes,No,No,Yes,Male,Yes,20,No,6,5,12.6,6,5,13.2,0.833,0.833,12.9,12.4,0.5,1.79,Graduate
3829,Single,1st phase - general contingent,Informatics Engineering,Daytime,Secondary Education,124.1,Yes,No,No,Yes,Male,No,19,No,5,0,0.0,5,1,14.0,0.0,0.2,7.0,7.6,2.6,0.32,Dropout
3830,Single,1st phase - general contingent,Veterinary Nursing,Daytime,Secondary Education,131.6,No,No,No,Yes,Male,Yes,18,No,6,6,15.5,6,4,15.5,1.0,0.667,15.5,11.1,0.6,2.02,Dropout
3831,Single,1st phase - general contingent,Nursing,Daytime,Secondary Education,129.0,Yes,No,No,Yes,Male,No,18,No,8,7,12.365714285714288,8,7,12.365714285714288,0.875,0.875,12.37,10.8,1.4,1.74,Graduate
3832,Single,2nd phase - general contingent,Advertising and Marketing Management,Daytime,Secondary Education,135.7,Yes,No,No,Yes,Male,No,19,No,6,5,13.2,6,5,13.25,0.833,0.833,13.22,10.8,1.4,1.74,Enrolled
3833,Single,Change of course,Communication Design,Daytime,Secondary Education,108.0,Yes,No,No,Yes,Male,No,34,No,12,7,11.428571428571429,12,7,11.857142857142858,0.583,0.583,11.64,7.6,2.6,0.32,Enrolled
3834,Single,1st phase - general contingent,Social Service,Daytime,Secondary Education,110.8,Yes,No,No,Yes,Male,No,19,No,6,0,0.0,6,0,0.0,0.0,0.0,0.0,16.2,0.3,-0.92,Dropout
3835,Single,1st phase - general contingent,Journalism and Communication,Daytime,Secondary Education,124.5,No,No,No,Yes,Male,Yes,19,No,6,4,14.0,6,6,12.333333333333334,0.667,1.0,13.17,9.4,-0.8,-3.12,Graduate
3836,Married,Over 23 years old,Agronomy,Daytime,Secondary Education,100.0,No,No,No,Yes,Male,No,30,No,12,3,12.0,12,5,11.8,0.25,0.417,11.9,15.5,2.8,-4.06,Dropout
3837,Single,Change of course,Journalism and Communication,Daytime,Secondary Education,123.8,No,No,No,No,Male,No,22,No,4,0,0.0,5,3,12.0,0.0,0.6,6.0,10.8,1.4,1.74,Dropout
3838,Single,2nd phase - general contingent,Management,Daytime,Secondary Education,131.4,No,No,No,No,Male,No,19,No,5,4,10.0,5,3,11.333333333333334,0.8,0.6,10.67,15.5,2.8,-4.06,Dropout
3839,Single,1st phase - general contingent,Management,Daytime,Secondary Education,118.5,No,No,No,Yes,Male,No,21,No,5,1,10.0,5,1,10.0,0.2,0.2,10.0,7.6,2.6,0.32,Dropout
3840,Single,1st phase - general contingent,Animation and Multimedia Design,Daytime,Secondary Education,122.0,Yes,No,No,No,Male,No,22,No,0,0,0.0,0,0,0.0,0,0,0.0,7.6,2.6,0.32,Dropout
3841,Single,1st phase - general contingent,Tourism,Daytime,Secondary Education,122.9,No,No,No,Yes,Male,Yes,19,No,6,6,11.166666666666666,6,3,11.666666666666666,1.0,0.5,11.42,10.8,1.4,1.74,Enrolled
3842,Single,1st phase - general contingent,Social Service,Daytime,Secondary Education,118.7,No,No,No,Yes,Male,No,20,No,6,4,11.75,6,3,11.333333333333334,0.667,0.5,11.54,15.5,2.8,-4.06,Enrolled
3843,Single,Over 23 years old,Agronomy,Daytime,Basic Education 3rd Cycle,100.0,Yes,No,No,Yes,Male,No,35,No,6,3,11.75,6,0,0.0,0.5,0.0,5.88,13.9,-0.3,0.79,Dropout
3844,Single,1st phase - special contingent (Madeira Island),Management,Daytime,Secondary Education,135.9,Yes,No,No,Yes,Male,No,20,No,5,1,10.0,5,1,11.0,0.2,0.2,10.5,7.6,2.6,0.32,Dropout
3845,Single,1st phase - general contingent,Equinculture,Daytime,Secondary Education,138.4,No,No,No,Yes,Male,No,21,No,5,3,14.0,5,5,12.8,0.6,1.0,13.4,7.6,2.6,0.32,Graduate
3846,Single,Over 23 years old,Veterinary Nursing,Daytime,Other - 11th Year,128.2,No,No,Yes,No,Male,No,27,No,5,0,0.0,5,0,0.0,0.0,0.0,0.0,7.6,2.6,0.32,Dropout
3847,Single,Change of course,Journalism and Communication,Daytime,Secondary Education,107.4,Yes,No,No,No,Male,No,26,No,6,3,12.0,6,0,0.0,0.5,0.0,6.0,9.4,-0.8,-3.12,Dropout
3848,Single,2nd phase - general contingent,Journalism and Communication,Daytime,Secondary Education,129.8,No,No,No,No,Male,No,20,No,6,0,0.0,5,0,0.0,0.0,0.0,0.0,10.8,1.4,1.74,Dropout
3849,Single,Over 23 years old,Agronomy,Daytime,Secondary Education,100.0,No,No,Yes,No,Male,No,28,No,10,8,11.88888888888889,8,5,11.6,0.8,0.625,11.74,15.5,2.8,-4.06,Dropout
3850,Single,1st phase - general contingent,Journalism and Communication,Daytime,Secondary Education,113.0,Yes,No,No,Yes,Male,No,19,No,6,6,13.833333333333334,6,6,13.666666666666666,1.0,1.0,13.75,11.1,0.6,2.02,Graduate
3851,Single,Change of course,Management (evening attendance),Evening,Secondary Education,107.0,No,No,No,No,Male,No,47,No,5,0,0.0,5,0,0.0,0.0,0.0,0.0,12.7,3.7,-1.7,Dropout
3852,Divorced,Over 23 years old,Journalism and Communication,Daytime,Other - 11th Year,130.0,No,No,No,No,Male,No,55,No,6,5,11.4,6,5,12.4,0.833,0.833,11.9,10.8,1.4,1.74,Dropout
3853,Single,Change of course,Agronomy,Daytime,Secondary Education,120.0,Yes,No,No,Yes,Male,No,39,No,6,0,0.0,6,2,11.0,0.0,0.333,5.5,16.2,0.3,-0.92,Dropout
3854,Married,1st phase - general contingent,Agronomy,Daytime,Secondary Education,120.5,Yes,No,Yes,Yes,Male,No,35,No,17,14,10.642857142857142,12,12,10.666666666666666,0.824,1.0,10.65,15.5,2.8,-4.06,Dropout
3855,Single,Over 23 years old,Social Service,Daytime,Secondary Education,120.5,No,No,No,No,Male,No,32,No,6,2,11.0,6,0,0.0,0.333,0.0,5.5,7.6,2.6,0.32,Dropout
3856,Single,1st phase - general contingent,Journalism and Communication,Daytime,Secondary Education,137.0,Yes,No,No,Yes,Male,No,20,No,6,6,16.833333333333332,6,6,16.666666666666668,1.0,1.0,16.75,8.9,1.4,3.51,Graduate
3857,Single,Over 23 years old,Tourism,Daytime,Secondary Education,115.0,No,No,No,Yes,Male,No,36,No,6,6,13.571428571428571,6,5,13.2,1.0,0.833,13.39,12.7,3.7,-1.7,Graduate
3858,Single,Over 23 years old,Management (evening attendance),Evening,Basic Education 3rd Cycle,142.7,No,No,Yes,Yes,Male,Yes,34,No,5,5,14.714285714285714,5,5,14.375,1.0,1.0,14.54,16.2,0.3,-0.92,Graduate
3859,Single,1st phase - general contingent,Advertising and Marketing Management,Daytime,Secondary Education,116.7,Yes,No,No,Yes,Male,No,21,No,5,0,0.0,5,0,0.0,0.0,0.0,0.0,9.4,-0.8,-3.12,Dropout
3860,Single,Change of course,Management (evening attendance),Evening,Secondary Education,136.1,No,No,No,Yes,Male,Yes,42,No,5,1,10.0,5,1,11.0,0.2,0.2,10.5,13.9,-0.3,0.79,Dropout
3861,Single,Over 23 years old,Agronomy,Daytime,Basic Education 3rd Cycle,134.3,No,No,No,Yes,Male,No,25,No,6,1,11.0,6,4,11.75,0.167,0.667,11.38,12.4,0.5,1.79,Dropout
3862,Single,3rd phase - general contingent,Journalism and Communication,Daytime,Secondary Education,153.0,Yes,No,No,Yes,Male,Yes,18,No,6,1,11.0,6,0,0.0,0.167,0.0,5.5,8.9,1.4,3.51,Dropout
3863,Single,1st phase - general contingent,Journalism and Communication,Daytime,Secondary Education,132.0,No,No,No,Yes,Male,Yes,18,No,6,5,12.0,6,6,12.833333333333334,0.833,1.0,12.42,12.7,3.7,-1.7,Graduate
3864,Single,1st phase - general contingent,Social Service,Daytime,Secondary Education,129.6,Yes,No,No,Yes,Male,No,19,No,6,6,11.125,6,6,11.857142857142858,1.0,1.0,11.49,7.6,2.6,0.32,Graduate
3865,Single,Change of course,Veterinary Nursing,Daytime,Secondary Education,105.0,No,No,Yes,No,Male,No,34,No,6,3,11.333333333333334,6,2,11.5,0.5,0.333,11.42,13.9,-0.3,0.79,Dropout
3866,Single,2nd phase - general contingent,Journalism and Communication,Daytime,Secondary Education,130.8,No,No,No,Yes,Male,No,20,No,6,2,12.0,6,0,0.0,0.333,0.0,6.0,10.8,1.4,1.74,Dropout
3867,Single,1st phase - general contingent,Nursing,Daytime,Secondary Education,119.7,No,No,No,Yes,Male,No,20,No,7,0,0.0,7,0,0.0,0.0,0.0,0.0,13.9,-0.3,0.79,Dropout
3868,Single,2nd phase - general contingent,Nursing,Daytime,Secondary Education,132.5,No,No,No,Yes,Male,No,21,No,8,7,14.54,8,7,14.54,0.875,0.875,14.54,10.8,1.4,1.74,Graduate
3869,Single,Technological specialization diploma holders,Agronomy,Daytime,Technological Specialization Course,130.0,Yes,No,No,Yes,Male,No,19,No,6,6,12.166666666666666,6,4,13.0,1.0,0.667,12.58,12.4,0.5,1.79,Graduate
3870,Single,Over 23 years old,Veterinary Nursing,Daytime,Secondary Education,120.0,No,No,Yes,No,Male,No,31,No,5,4,13.5,5,3,11.666666666666666,0.8,0.6,12.58,9.4,-0.8,-3.12,Dropout
3871,Single,2nd phase - general contingent,Advertising and Marketing Management,Daytime,Secondary Education,150.0,No,No,No,Yes,Male,No,21,No,6,6,14.75,6,5,14.333333333333334,1.0,0.833,14.54,11.1,0.6,2.02,Graduate
3872,Single,1st phase - general contingent,Management,Daytime,Secondary Education,115.6,No,No,No,Yes,Male,Yes,20,No,5,5,12.375,5,5,11.666666666666666,1.0,1.0,12.02,13.9,-0.3,0.79,Graduate
3873,Single,Change of course,Nursing,Daytime,Frequency of Higher Education,119.1,No,No,No,Yes,Male,No,22,No,7,6,12.733333333333334,7,6,12.733333333333334,0.857,0.857,12.73,7.6,2.6,0.32,Graduate
3874,Single,1st phase - general contingent,Communication Design,Daytime,Secondary Education,123.5,Yes,Yes,No,No,Male,No,19,No,6,4,12.5,6,0,0.0,0.667,0.0,6.25,9.4,-0.8,-3.12,Dropout
3875,Single,Over 23 years old,Equinculture,Daytime,Secondary Education,120.0,Yes,No,Yes,No,Male,No,41,No,5,0,0.0,5,0,0.0,0.0,0.0,0.0,12.7,3.7,-1.7,Dropout
3876,Single,Change of course,Nursing,Daytime,Basic Education 3rd Cycle,110.0,Yes,No,No,Yes,Male,No,27,No,7,0,0.0,7,0,0.0,0.0,0.0,0.0,7.6,2.6,0.32,Dropout
3877,Single,2nd phase - general contingent,Nursing,Daytime,Secondary Education,131.4,No,No,No,Yes,Female,No,19,No,7,7,13.44285714285714,8,7,13.771428571428572,1.0,0.875,13.61,13.9,-0.3,0.79,Dropout
3878,Single,3rd phase - general contingent,Nursing,Daytime,Secondary Education,126.8,Yes,No,No,Yes,Female,Yes,20,Yes,8,8,14.2,8,8,14.2,1.0,1.0,14.2,9.4,-0.8,-3.12,Graduate
3879,Single,Change of course,Nursing,Daytime,Frequency of Higher Education,118.9,Yes,No,No,Yes,Female,Yes,19,No,7,6,13.55,7,6,13.55,0.857,0.857,13.55,7.6,2.6,0.32,Graduate
3880,Married,Over 23 years old,Management (evening attendance),Evening,Secondary Education,160.0,No,No,No,Yes,Female,No,35,No,5,5,11.6,5,5,11.166666666666666,1.0,1.0,11.38,15.5,2.8,-4.06,Graduate
3881,Single,2nd phase - general contingent,Journalism and Communication,Daytime,Secondary Education,115.9,Yes,No,No,Yes,Female,No,22,No,6,6,13.571428571428571,6,6,15.285714285714286,1.0,1.0,14.43,13.9,-0.3,0.79,Graduate
3882,Single,1st phase - general contingent,Tourism,Daytime,Secondary Education,109.3,Yes,No,No,Yes,Female,Yes,20,No,6,6,13.833333333333334,6,6,15.0,1.0,1.0,14.42,11.1,0.6,2.02,Graduate
3883,Single,1st phase - general contingent,Advertising and Marketing Management,Daytime,Secondary Education,113.9,Yes,No,Yes,No,Female,No,18,No,6,4,11.25,6,4,10.857142857142858,0.667,0.667,11.05,10.8,1.4,1.74,Dropout
3884,Single,1st phase - general contingent,Social Service,Daytime,Secondary Education,121.8,Yes,No,No,Yes,Female,Yes,18,No,6,5,10.2,6,4,11.25,0.833,0.667,10.72,12.4,0.5,1.79,Graduate
3885,Single,Holders of other higher courses,Nursing,Daytime,Higher Education - Degree,140.0,No,No,No,Yes,Female,No,30,No,8,7,15.675714285714283,8,7,15.675714285714283,0.875,0.875,15.68,10.8,1.4,1.74,Graduate
3886,Single,3rd phase - general contingent,Social Service,Daytime,Secondary Education,114.7,No,No,Yes,Yes,Female,Yes,18,No,6,6,10.833333333333334,6,6,12.0,1.0,1.0,11.42,11.1,0.6,2.02,Graduate
3887,Single,1st phase - general contingent,Tourism,Daytime,Secondary Education,120.0,Yes,No,No,Yes,Female,Yes,20,No,6,6,14.5,6,5,15.0,1.0,0.833,14.75,12.4,0.5,1.79,Enrolled
3888,Single,1st phase - general contingent,Social Service,Daytime,Secondary Education,107.3,No,Yes,No,Yes,Female,Yes,19,No,6,4,10.4,6,4,10.75,0.667,0.667,10.58,12.4,0.5,1.79,Enrolled
3889,Single,2nd phase - general contingent,Veterinary Nursing,Daytime,Secondary Education,136.2,No,No,No,Yes,Female,No,19,No,5,5,13.0,5,5,13.333333333333334,1.0,1.0,13.17,7.6,2.6,0.32,Graduate
3890,Single,1st phase - general contingent,Oral Hygiene,Daytime,Secondary Education,119.5,Yes,No,No,Yes,Female,Yes,21,No,7,7,12.242857142857144,8,8,14.125,1.0,1.0,13.18,15.5,2.8,-4.06,Graduate
3891,Single,3rd phase - general contingent,Basic Education,Daytime,Secondary Education,106.0,Yes,No,Yes,Yes,Female,No,21,No,7,7,13.0,7,6,12.5,1.0,0.857,12.75,8.9,1.4,3.51,Enrolled
3892,Single,1st phase - general contingent,Advertising and Marketing Management,Daytime,Secondary Education,124.1,Yes,No,No,Yes,Female,No,18,No,6,6,14.166666666666666,6,6,13.428571428571429,1.0,1.0,13.8,8.9,1.4,3.51,Enrolled
3893,Single,1st phase - general contingent,Management,Daytime,Secondary Education,133.2,Yes,No,No,Yes,Female,Yes,18,No,5,4,14.25,5,4,12.5,0.8,0.8,13.38,12.7,3.7,-1.7,Graduate
3894,Divorced,Over 23 years old,Veterinary Nursing,Daytime,Secondary Education,110.0,No,No,No,No,Female,No,35,No,5,1,12.0,5,2,10.5,0.2,0.4,11.25,9.4,-0.8,-3.12,Dropout
3895,Single,1st phase - general contingent,Nursing,Daytime,Secondary Education,114.8,Yes,No,No,Yes,Female,No,21,Yes,7,4,13.25,7,5,13.82,0.571,0.714,13.54,11.1,0.6,2.02,Enrolled
3896,Single,1st phase - general contingent,Nursing,Daytime,Secondary Education,130.0,Yes,No,No,Yes,Male,Yes,18,No,7,6,13.183333333333332,7,6,13.183333333333332,0.857,0.857,13.18,7.6,2.6,0.32,Graduate
3897,Single,2nd phase - general contingent,Communication Design,Daytime,Secondary Education,122.6,Yes,No,No,Yes,Male,No,22,No,6,1,11.0,6,0,0.0,0.167,0.0,5.5,9.4,-0.8,-3.12,Enrolled
3898,Single,2nd phase - general contingent,Nursing,Daytime,Secondary Education,133.5,Yes,No,No,Yes,Male,Yes,20,No,7,7,11.9725,8,8,12.65125,1.0,1.0,12.31,15.5,2.8,-4.06,Graduate
3899,Married,Over 23 years old,Tourism,Daytime,Secondary Education,120.0,Yes,No,No,Yes,Female,No,34,No,6,5,12.4,6,5,12.8,0.833,0.833,12.6,9.4,-0.8,-3.12,Graduate
3900,Married,Holders of other higher courses,Management,Daytime,Higher Education - Degree,120.0,No,No,No,Yes,Female,No,33,No,8,5,12.6,7,5,11.25,0.625,0.714,11.92,10.8,1.4,1.74,Enrolled
3901,Single,1st phase - general contingent,Nursing,Daytime,Secondary Education,137.3,Yes,No,No,Yes,Female,Yes,22,No,7,6,13.9,7,6,13.9,0.857,0.857,13.9,7.6,2.6,0.32,Graduate
3902,Single,2nd phase - general contingent,Tourism,Daytime,Secondary Education,123.5,Yes,No,No,Yes,Female,Yes,20,No,6,4,11.5,6,3,11.0,0.667,0.5,11.25,7.6,2.6,0.32,Enrolled
3903,Married,Over 23 years old,Management,Daytime,Secondary Education,131.8,No,No,No,Yes,Female,No,35,No,5,4,14.2,5,4,11.857142857142858,0.8,0.8,13.03,10.8,1.4,1.74,Enrolled
3904,Married,Over 23 years old,Management,Daytime,Secondary Education,130.0,Yes,No,No,No,Female,No,39,No,5,3,10.666666666666666,5,3,10.666666666666666,0.6,0.6,10.67,9.4,-0.8,-3.12,Dropout
3905,Single,3rd phase - general contingent,Nursing,Daytime,Secondary Education,128.0,Yes,No,No,No,Female,No,19,No,7,0,0.0,8,0,0.0,0.0,0.0,0.0,11.1,0.6,2.02,Dropout
3906,Divorced,Over 23 years old,Tourism,Daytime,Secondary Education,95.0,No,No,No,Yes,Female,Yes,36,No,6,6,11.0,6,3,11.333333333333334,1.0,0.5,11.17,10.8,1.4,1.74,Graduate
3907,Single,1st phase - general contingent,Nursing,Daytime,Secondary Education,116.0,Yes,No,No,Yes,Female,Yes,21,No,8,7,13.957142857142856,8,7,13.957142857142856,0.875,0.875,13.96,12.7,3.7,-1.7,Graduate
3908,Single,1st phase - general contingent,Social Service,Daytime,Secondary Education,136.7,Yes,No,No,Yes,Female,No,22,No,6,4,12.5,6,3,13.666666666666666,0.667,0.5,13.08,9.4,-0.8,-3.12,Enrolled
3909,Married,Over 23 years old,Social Service,Daytime,Secondary Education,107.5,No,No,Yes,Yes,Female,Yes,42,No,6,6,13.333333333333334,6,6,15.285714285714286,1.0,1.0,14.31,11.1,0.6,2.02,Graduate
3910,Single,Over 23 years old,Informatics Engineering,Daytime,Secondary Education,108.4,Yes,No,No,Yes,Female,No,34,No,5,0,0.0,5,0,0.0,0.0,0.0,0.0,10.8,1.4,1.74,Dropout
3911,Single,2nd phase - general contingent,Journalism and Communication,Daytime,Secondary Education,130.7,Yes,No,No,Yes,Female,No,20,No,6,6,11.666666666666666,6,5,11.6,1.0,0.833,11.63,7.6,2.6,0.32,Enrolled
3912,Married,Technological specialization diploma holders,Social Service (evening attendance),Evening,Technological Specialization Course,155.9,No,No,No,Yes,Female,No,33,No,6,6,15.714285714285714,6,6,15.5,1.0,1.0,15.61,13.9,-0.3,0.79,Graduate
3913,Single,1st phase - general contingent,Tourism,Daytime,Secondary Education,106.1,Yes,No,No,Yes,Female,No,20,No,6,5,11.0,6,5,11.4,0.833,0.833,11.2,13.9,-0.3,0.79,Graduate
3914,Single,1st phase - general contingent,Advertising and Marketing Management,Daytime,Secondary Education,128.6,Yes,No,Yes,Yes,Female,No,19,No,5,4,12.25,5,4,12.75,0.8,0.8,12.5,7.6,2.6,0.32,Graduate
3915,Married,Change of course,Management (evening attendance),Evening,Higher Education - Degree,140.0,No,No,Yes,Yes,Female,No,34,No,10,5,12.2,9,8,12.22222222222222,0.5,0.889,12.21,16.2,0.3,-0.92,Dropout
3916,Single,1st phase - general contingent,Management,Daytime,Secondary Education,145.0,Yes,No,No,Yes,Female,No,18,No,5,5,13.0,5,5,14.0,1.0,1.0,13.5,7.6,2.6,0.32,Graduate
3917,Single,2nd phase - general contingent,Social Service (evening attendance),Evening,Secondary Education,113.0,No,No,No,Yes,Female,Yes,24,No,6,4,12.0,6,6,13.0,0.667,1.0,12.5,10.8,1.4,1.74,Graduate
3918,Single,1st phase - general contingent,Basic Education,Daytime,Secondary Education,137.1,Yes,No,No,Yes,Female,No,18,No,6,6,13.333333333333334,6,6,12.333333333333334,1.0,1.0,12.83,7.6,2.6,0.32,Graduate
3919,Single,1st phase - general contingent,Advertising and Marketing Management,Daytime,Secondary Education,119.7,Yes,No,No,Yes,Female,No,20,No,5,3,13.0,5,3,13.0,0.6,0.6,13.0,7.6,2.6,0.32,Enrolled
3920,Single,2nd phase - general contingent,Nursing,Daytime,Secondary Education,120.5,Yes,No,No,Yes,Female,No,21,No,8,7,12.91,8,7,12.91,0.875,0.875,12.91,10.8,1.4,1.74,Graduate
3921,Single,1st phase - general contingent,Social Service,Daytime,Secondary Education,125.7,Yes,No,No,Yes,Female,Yes,19,No,6,6,11.0,6,3,11.0,1.0,0.5,11.0,9.4,-0.8,-3.12,Graduate
3922,Single,2nd phase - general contingent,Nursing,Daytime,Secondary Education,125.5,No,No,No,Yes,Female,Yes,19,No,7,6,13.579999999999998,8,8,12.93625,0.857,1.0,13.26,15.5,2.8,-4.06,Graduate
3923,Single,1st phase - general contingent,Social Service,Daytime,Secondary Education,124.5,Yes,No,No,Yes,Female,Yes,18,No,6,4,12.4,6,6,12.5,0.667,1.0,12.45,12.4,0.5,1.79,Graduate
3924,Divorced,Over 23 years old,Social Service (evening attendance),Evening,Secondary Education,126.0,No,No,No,Yes,Female,Yes,38,No,9,8,12.88888888888889,7,7,13.0,0.889,1.0,12.94,13.9,-0.3,0.79,Graduate
3925,Single,1st phase - general contingent,Animation and Multimedia Design,Daytime,Secondary Education,136.2,Yes,No,Yes,Yes,Male,No,21,No,12,11,11.545454545454543,11,9,11.7,0.917,0.818,11.62,8.9,1.4,3.51,Enrolled
3926,Single,Change of course,Management,Daytime,Secondary Education,124.2,Yes,No,No,Yes,Male,No,23,Yes,5,1,10.0,5,0,0.0,0.2,0.0,5.0,15.5,2.8,-4.06,Enrolled
3927,Single,2nd phase - general contingent,Nursing,Daytime,Secondary Education,138.5,Yes,No,No,Yes,Female,No,19,No,8,8,14.34125,8,8,14.34125,1.0,1.0,14.34,9.4,-0.8,-3.12,Graduate
3928,Single,1st phase - general contingent,Journalism and Communication,Daytime,Secondary Education,122.3,Yes,No,Yes,No,Female,No,18,No,6,6,14.142857142857142,6,5,12.0,1.0,0.833,13.07,13.9,-0.3,0.79,Dropout
3929,Single,1st phase - general contingent,Animation and Multimedia Design,Daytime,Secondary Education,126.0,Yes,No,No,Yes,Female,Yes,18,No,0,0,0.0,0,0,0.0,0,0,0.0,9.4,-0.8,-3.12,Graduate
3930,Single,Over 23 years old,Agronomy,Daytime,Secondary Education,135.4,Yes,No,No,Yes,Female,No,24,No,6,5,11.8,6,4,11.25,0.833,0.667,11.52,12.4,0.5,1.79,Enrolled
3931,Single,1st phase - general contingent,Journalism and Communication,Daytime,Secondary Education,146.5,No,No,No,Yes,Female,Yes,18,Yes,6,6,13.333333333333334,6,6,14.166666666666666,1.0,1.0,13.75,12.7,3.7,-1.7,Graduate
3932,Single,1st phase - general contingent,Equinculture,Daytime,Secondary Education,121.9,Yes,No,No,Yes,Female,No,18,No,6,6,14.5,6,6,12.857142857142858,1.0,1.0,13.68,13.9,-0.3,0.79,Graduate
3933,Single,Holders of other higher courses,Management (evening attendance),Evening,Higher Education - Degree (1st cycle),130.0,No,No,No,Yes,Female,No,26,No,10,8,12.666666666666666,10,10,13.4,0.8,1.0,13.03,11.1,0.6,2.02,Graduate
3934,Single,1st phase - general contingent,Management,Daytime,Secondary Education,115.2,No,No,Yes,Yes,Female,No,19,No,5,1,10.0,5,2,10.0,0.2,0.4,10.0,12.4,0.5,1.79,Enrolled
3935,Single,3rd phase - general contingent,Advertising and Marketing Management,Daytime,Secondary Education,115.2,Yes,No,No,Yes,Female,Yes,19,No,6,0,0.0,6,0,0.0,0.0,0.0,0.0,12.7,3.7,-1.7,Dropout
3936,Single,1st phase - general contingent,Tourism,Daytime,Secondary Education,125.1,No,No,No,Yes,Female,No,19,No,6,4,11.0,6,4,12.5,0.667,0.667,11.75,16.2,0.3,-0.92,Enrolled
3937,Single,1st phase - general contingent,Equinculture,Daytime,Secondary Education,108.0,Yes,No,Yes,Yes,Female,No,20,No,5,2,12.0,5,4,11.0,0.4,0.8,11.5,9.4,-0.8,-3.12,Dropout
3938,Single,1st phase - general contingent,Tourism,Daytime,Secondary Education,125.9,Yes,No,No,Yes,Female,No,22,No,6,4,10.0,6,2,13.5,0.667,0.333,11.75,9.4,-0.8,-3.12,Enrolled
3939,Single,1st phase - general contingent,Nursing,Daytime,Secondary Education,128.0,Yes,No,No,Yes,Female,No,19,No,7,7,14.20857142857143,8,8,15.127777777777778,1.0,1.0,14.67,11.1,0.6,2.02,Graduate
3940,Single,1st phase - general contingent,Nursing,Daytime,Secondary Education,113.5,Yes,No,No,Yes,Female,No,20,No,7,7,14.30714285714286,8,8,15.0125,1.0,1.0,14.66,12.4,0.5,1.79,Graduate
3941,Married,Over 23 years old,Management,Daytime,Secondary Education,124.6,No,No,No,Yes,Female,No,36,No,5,3,11.0,5,4,13.375,0.6,0.8,12.19,10.8,1.4,1.74,Enrolled
3942,Single,Over 23 years old,Basic Education,Daytime,Basic Education 3rd Cycle,116.0,Yes,No,No,Yes,Female,No,29,No,7,0,0.0,6,0,0.0,0.0,0.0,0.0,11.1,0.6,2.02,Dropout
3943,Single,2nd phase - general contingent,Social Service,Daytime,Secondary Education,124.9,Yes,No,No,Yes,Female,No,19,No,6,6,12.0,6,4,11.0,1.0,0.667,11.5,12.7,3.7,-1.7,Graduate
3944,Facto Union,Over 23 years old,Management,Daytime,Secondary Education,140.5,No,No,Yes,No,Female,No,24,No,5,0,0.0,5,0,0.0,0.0,0.0,0.0,13.9,-0.3,0.79,Dropout
3945,Facto Union,Over 23 years old,Agronomy,Daytime,Secondary Education,179.6,No,No,Yes,No,Female,No,27,No,6,0,0.0,6,0,0.0,0.0,0.0,0.0,8.9,1.4,3.51,Dropout
3946,Single,2nd phase - general contingent,Journalism and Communication,Daytime,Secondary Education,116.1,Yes,No,No,Yes,Female,Yes,18,No,6,6,13.857142857142858,6,6,14.285714285714286,1.0,1.0,14.07,13.9,-0.3,0.79,Graduate
3947,Single,2nd phase - general contingent,Animation and Multimedia Design,Daytime,Secondary Education,139.4,Yes,No,No,Yes,Female,Yes,18,No,0,0,0.0,0,0,0.0,0,0,0.0,15.5,2.8,-4.06,Graduate
3948,Single,2nd phase - general contingent,Oral Hygiene,Daytime,Secondary Education,129.0,Yes,No,No,Yes,Female,No,21,No,7,0,0.0,7,0,0.0,0.0,0.0,0.0,12.7,3.7,-1.7,Dropout
3949,Married,Over 23 years old,Advertising and Marketing Management,Daytime,Secondary Education,135.6,No,No,No,Yes,Female,Yes,43,No,6,5,11.0,6,5,13.0,0.833,0.833,12.0,12.4,0.5,1.79,Graduate
3950,Single,Change of course,Management,Daytime,Secondary Education,147.8,No,No,No,Yes,Female,Yes,18,No,5,5,13.2,5,5,14.4,1.0,1.0,13.8,16.2,0.3,-0.92,Graduate
3951,Single,3rd phase - general contingent,Veterinary Nursing,Daytime,Secondary Education,138.0,Yes,No,No,Yes,Female,Yes,21,No,6,6,13.5,6,3,15.333333333333334,1.0,0.5,14.42,8.9,1.4,3.51,Dropout
3952,Single,Holders of other higher courses,Management,Daytime,Higher Education - Degree,150.0,No,No,No,Yes,Female,No,26,No,5,0,0.0,5,0,0.0,0.0,0.0,0.0,9.4,-0.8,-3.12,Dropout
3953,Single,1st phase - general contingent,Nursing,Daytime,Secondary Education,130.8,Yes,No,No,Yes,Female,Yes,19,No,8,7,14.214285714285714,8,7,14.214285714285714,0.875,0.875,14.21,12.7,3.7,-1.7,Graduate
3954,Single,1st phase - general contingent,Veterinary Nursing,Daytime,Secondary Education,122.6,No,No,No,Yes,Female,No,18,No,5,5,13.0,5,5,12.4,1.0,1.0,12.7,7.6,2.6,0.32,Graduate
3955,Single,1st phase - general contingent,Journalism and Communication,Daytime,Secondary Education,119.1,Yes,No,No,Yes,Female,No,22,No,6,2,12.0,6,1,10.0,0.333,0.167,11.0,9.4,-0.8,-3.12,Dropout
3956,Single,Over 23 years old,Nursing,Daytime,Basic Education 3rd Cycle,111.8,Yes,No,No,Yes,Female,No,27,No,7,0,0.0,8,0,0.0,0.0,0.0,0.0,11.1,0.6,2.02,Dropout
3957,Single,1st phase - general contingent,Management,Daytime,Secondary Education,125.0,Yes,No,No,Yes,Female,No,18,No,5,5,12.8,5,5,12.6,1.0,1.0,12.7,9.4,-0.8,-3.12,Graduate
3958,Single,2nd phase - general contingent,Veterinary Nursing,Daytime,Secondary Education,129.9,No,No,No,Yes,Female,No,19,No,5,4,13.6,5,4,12.2,0.8,0.8,12.9,9.4,-0.8,-3.12,Graduate
3959,Single,2nd phase - general contingent,Nursing,Daytime,Secondary Education,131.1,Yes,No,No,Yes,Female,No,18,No,7,7,13.971428571428572,8,8,15.75,1.0,1.0,14.86,13.9,-0.3,0.79,Graduate
3960,Single,1st phase - general contingent,Veterinary Nursing,Daytime,Secondary Education,141.4,No,No,No,Yes,Female,Yes,19,No,6,6,15.0,6,6,14.857142857142858,1.0,1.0,14.93,11.1,0.6,2.02,Graduate
3961,Single,Over 23 years old,Veterinary Nursing,Daytime,Secondary Education,120.0,No,No,No,No,Female,No,32,No,6,0,0.0,6,0,0.0,0.0,0.0,0.0,11.1,0.6,2.02,Dropout
3962,Single,Transfer,Nursing,Daytime,Secondary Education,133.4,Yes,No,No,Yes,Female,No,23,No,26,26,15.07777777777778,17,17,15.023529411764704,1.0,1.0,15.05,15.5,2.8,-4.06,Graduate
3963,Single,2nd phase - general contingent,Nursing,Daytime,Secondary Education,127.3,Yes,No,No,Yes,Female,No,20,No,7,6,13.383333333333333,7,6,13.383333333333333,0.857,0.857,13.38,7.6,2.6,0.32,Graduate
3964,Single,1st phase - general contingent,Animation and Multimedia Design,Daytime,Secondary Education,131.8,Yes,No,Yes,Yes,Female,No,20,No,12,12,13.25,11,10,13.090909090909092,1.0,0.909,13.17,8.9,1.4,3.51,Graduate
3965,Single,2nd phase - general contingent,Social Service,Daytime,Secondary Education,114.8,Yes,No,Yes,No,Female,No,19,No,6,5,11.714285714285714,6,2,10.666666666666666,0.833,0.333,11.19,16.2,0.3,-0.92,Dropout
3966,Single,1st phase - general contingent,Nursing,Daytime,Secondary Education,132.8,Yes,No,No,Yes,Female,Yes,18,No,8,8,13.01125,8,8,13.01125,1.0,1.0,13.01,9.4,-0.8,-3.12,Graduate
3967,Single,Technological specialization diploma holders,Agronomy,Daytime,Technological Specialization Course,140.0,No,No,No,Yes,Female,No,21,No,6,3,10.666666666666666,6,4,12.0,0.5,0.667,11.33,15.5,2.8,-4.06,Dropout
3968,Single,1st phase - general contingent,Nursing,Daytime,Secondary Education,108.3,No,No,No,Yes,Female,Yes,20,No,7,0,0.0,7,0,0.0,0.0,0.0,0.0,11.1,0.6,2.02,Enrolled
3969,Single,Technological specialization diploma holders,Veterinary Nursing,Daytime,Technological Specialization Course,150.0,Yes,No,No,Yes,Female,No,22,No,6,6,13.0,6,3,12.666666666666666,1.0,0.5,12.83,12.4,0.5,1.79,Graduate
3970,Single,Technological specialization diploma holders,Management (evening attendance),Evening,Technological Specialization Course,160.0,No,No,No,Yes,Female,No,26,No,5,5,12.0,5,5,11.4,1.0,1.0,11.7,12.7,3.7,-1.7,Graduate
3971,Single,1st phase - general contingent,Communication Design,Daytime,Secondary Education,131.7,Yes,No,No,Yes,Female,No,20,No,6,6,12.166666666666666,6,5,13.8,1.0,0.833,12.98,12.7,3.7,-1.7,Graduate
3972,Single,1st phase - general contingent,Nursing,Daytime,Secondary Education,112.6,Yes,No,No,Yes,Female,No,19,No,7,6,11.85,8,7,13.65,0.857,0.875,12.75,16.2,0.3,-0.92,Graduate
3973,Single,Over 23 years old,Management (evening attendance),Evening,Secondary Education,111.1,No,No,No,Yes,Female,No,31,No,5,4,11.0,5,5,11.2,0.8,1.0,11.1,7.6,2.6,0.32,Graduate
3974,Single,Change of course,Nursing,Daytime,Secondary Education,127.5,Yes,No,Yes,Yes,Female,Yes,20,No,7,7,12.327777777777778,8,8,11.736,1.0,1.0,12.03,15.5,2.8,-4.06,Graduate
3975,Single,Change of course,Veterinary Nursing,Daytime,Secondary Education,120.2,Yes,No,No,Yes,Female,No,20,No,5,4,12.0,5,5,13.428571428571429,0.8,1.0,12.71,10.8,1.4,1.74,Graduate
3976,Single,2nd phase - general contingent,Nursing,Daytime,Secondary Education,118.9,Yes,No,No,Yes,Female,No,21,No,7,7,14.428571428571429,8,8,14.511111111111113,1.0,1.0,14.47,16.2,0.3,-0.92,Graduate
3977,Single,1st phase - general contingent,Nursing,Daytime,Secondary Education,119.9,Yes,No,No,Yes,Female,No,18,No,7,7,13.78,8,8,12.6125,1.0,1.0,13.2,12.4,0.5,1.79,Graduate
3978,Single,2nd phase - general contingent,Nursing,Daytime,Secondary Education,127.3,Yes,No,No,Yes,Female,Yes,19,No,7,6,13.8,7,6,13.8,0.857,0.857,13.8,7.6,2.6,0.32,Graduate
3979,Single,1st phase - general contingent,Basic Education,Daytime,Secondary Education,127.9,Yes,No,No,Yes,Female,Yes,18,No,7,7,14.857142857142858,7,7,15.142857142857142,1.0,1.0,15.0,13.9,-0.3,0.79,Graduate
3980,Divorced,Over 23 years old,Journalism and Communication,Daytime,Basic Education 2nd Cycle,133.0,No,No,No,Yes,Female,No,40,No,6,5,13.0,6,5,12.6,0.833,0.833,12.8,16.2,0.3,-0.92,Enrolled
3981,Single,2nd phase - general contingent,Social Service,Daytime,Secondary Education,114.6,No,No,No,Yes,Female,Yes,18,No,6,6,12.142857142857142,6,6,13.333333333333334,1.0,1.0,12.74,13.9,-0.3,0.79,Graduate
3982,Single,1st phase - general contingent,Veterinary Nursing,Daytime,Secondary Education,144.5,Yes,No,No,Yes,Female,No,18,No,6,6,15.666666666666666,6,6,14.833333333333334,1.0,1.0,15.25,8.9,1.4,3.51,Graduate
3983,Single,2nd phase - general contingent,Nursing,Daytime,Secondary Education,125.4,Yes,No,No,Yes,Female,No,19,No,7,5,12.5,8,7,12.166666666666666,0.714,0.875,12.33,15.5,2.8,-4.06,Graduate
3984,Single,2nd phase - general contingent,Social Service,Daytime,Secondary Education,145.0,No,No,No,Yes,Female,Yes,19,No,6,6,12.833333333333334,6,6,13.166666666666666,1.0,1.0,13.0,12.4,0.5,1.79,Graduate
3985,Single,Over 23 years old,Agronomy,Daytime,Secondary Education,138.1,No,No,Yes,No,Female,No,28,No,6,0,0.0,6,0,0.0,0.0,0.0,0.0,8.9,1.4,3.51,Dropout
3986,Single,2nd phase - general contingent,Communication Design,Daytime,Secondary Education,124.6,Yes,No,No,Yes,Female,No,20,No,6,6,12.5,6,6,12.666666666666666,1.0,1.0,12.58,7.6,2.6,0.32,Graduate
3987,Single,1st phase - general contingent,Journalism and Communication,Daytime,Secondary Education,130.8,Yes,No,No,Yes,Female,No,18,No,6,4,11.25,6,5,13.0,0.667,0.833,12.12,9.4,-0.8,-3.12,Graduate
3988,Single,1st phase - general contingent,Nursing,Daytime,Secondary Education,140.5,Yes,No,No,Yes,Female,No,18,No,7,6,15.25,7,6,15.25,0.857,0.857,15.25,7.6,2.6,0.32,Graduate
3989,Single,1st phase - general contingent,Veterinary Nursing,Daytime,Secondary Education,124.1,Yes,No,No,Yes,Female,Yes,20,No,5,5,14.0,5,3,12.0,1.0,0.6,13.0,9.4,-0.8,-3.12,Graduate
3990,Single,Change of course,Social Service,Daytime,Secondary Education,118.4,No,No,Yes,Yes,Female,No,28,No,16,13,12.076923076923077,13,11,12.090909090909092,0.812,0.846,12.08,16.2,0.3,-0.92,Graduate
3991,Single,International student (bachelor),Basic Education,Daytime,Secondary Education,128.2,No,No,No,Yes,Female,No,23,Yes,16,16,14.625,10,9,14.88888888888889,1.0,0.9,14.76,8.9,1.4,3.51,Graduate
3992,Single,1st phase - general contingent,Basic Education,Daytime,Secondary Education,109.5,Yes,No,No,Yes,Female,No,19,No,7,4,10.5,7,2,10.5,0.571,0.286,10.5,16.2,0.3,-0.92,Dropout
3993,Single,2nd phase - general contingent,Social Service,Daytime,Secondary Education,131.1,Yes,No,No,Yes,Female,Yes,18,No,6,6,12.833333333333334,6,6,12.166666666666666,1.0,1.0,12.5,8.9,1.4,3.51,Graduate
3994,Single,1st phase - general contingent,Journalism and Communication,Daytime,Secondary Education,137.9,No,No,Yes,No,Female,Yes,20,Yes,6,6,12.5,6,5,11.8,1.0,0.833,12.15,10.8,1.4,1.74,Graduate
3995,Single,1st phase - general contingent,Animation and Multimedia Design,Daytime,Secondary Education,128.2,Yes,No,No,Yes,Female,No,20,No,12,12,11.23076923076923,11,9,12.77777777777778,1.0,0.818,12.0,11.1,0.6,2.02,Graduate
3996,Married,Over 23 years old,Management (evening attendance),Evening,Secondary Education,126.5,No,No,No,Yes,Female,No,27,No,5,2,10.5,5,0,0.0,0.4,0.0,5.25,7.6,2.6,0.32,Dropout
3997,Single,1st phase - general contingent,Basic Education,Daytime,Secondary Education,120.0,Yes,No,No,Yes,Female,No,18,No,6,3,12.0,6,2,12.0,0.5,0.333,12.0,12.7,3.7,-1.7,Dropout
3998,Divorced,Over 23 years old,Oral Hygiene,Daytime,Basic Education 3rd Cycle,123.0,No,No,No,Yes,Female,Yes,37,No,7,7,10.985714285714286,8,8,12.3,1.0,1.0,11.64,10.8,1.4,1.74,Graduate
3999,Divorced,Holders of other higher courses,Nursing,Daytime,Higher Education - Degree (1st cycle),130.0,No,No,No,No,Female,No,42,No,7,5,12.62,7,3,14.166666666666666,0.714,0.429,13.39,12.4,0.5,1.79,Dropout
4000,Single,2nd phase - general contingent,Nursing,Daytime,Secondary Education,141.1,Yes,No,No,Yes,Female,No,20,No,7,6,13.0,8,8,14.2125,0.857,1.0,13.61,13.9,-0.3,0.79,Dropout
4001,Married,Over 23 years old,Informatics Engineering,Daytime,Secondary Education,140.0,No,No,No,No,Male,No,34,No,5,0,0.0,5,0,0.0,0.0,0.0,0.0,15.5,2.8,-4.06,Dropout
4002,Single,Transfer,Informatics Engineering,Daytime,Secondary Education,133.6,Yes,No,No,Yes,Male,No,22,No,5,0,0.0,5,0,0.0,0.0,0.0,0.0,10.8,1.4,1.74,Dropout
4003,Married,Over 23 years old,Tourism,Daytime,Basic Education 3rd Cycle,123.5,No,No,No,Yes,Male,No,39,No,6,6,13.5,6,6,13.333333333333334,1.0,1.0,13.42,12.4,0.5,1.79,Graduate
4004,Single,1st phase - general contingent,Nursing,Daytime,Secondary Education,136.3,Yes,No,No,Yes,Male,Yes,18,No,7,6,13.516666666666666,7,6,13.516666666666666,0.857,0.857,13.52,7.6,2.6,0.32,Graduate
4005,Single,1st phase - general contingent,Communication Design,Daytime,Secondary Education,123.5,Yes,No,No,Yes,Male,Yes,21,No,6,6,13.166666666666666,6,6,13.285714285714286,1.0,1.0,13.23,8.9,1.4,3.51,Graduate
4006,Married,Over 23 years old,Veterinary Nursing,Daytime,Secondary Education,112.0,No,No,No,Yes,Male,No,34,No,6,0,0.0,6,0,0.0,0.0,0.0,0.0,10.8,1.4,1.74,Dropout
4007,Single,Technological specialization diploma holders,Agronomy,Daytime,Technological Specialization Course,160.0,No,No,No,Yes,Male,Yes,22,No,6,6,13.125,6,6,13.0,1.0,1.0,13.06,16.2,0.3,-0.92,Graduate
4008,Single,Over 23 years old,Agronomy,Daytime,Secondary Education,110.0,No,No,No,Yes,Male,No,31,No,6,3,14.4,6,0,0.0,0.5,0.0,7.2,16.2,0.3,-0.92,Dropout
4009,Single,3rd phase - general contingent,Basic Education,Daytime,Secondary Education,116.8,Yes,No,No,No,Male,No,19,No,6,4,12.0,6,0,0.0,0.667,0.0,6.0,10.8,1.4,1.74,Dropout
4010,Single,2nd phase - general contingent,Tourism,Daytime,Secondary Education,109.5,No,No,No,Yes,Male,No,19,No,5,0,0.0,5,0,0.0,0.0,0.0,0.0,10.8,1.4,1.74,Dropout
4011,Single,Over 23 years old,Oral Hygiene,Daytime,Basic Education 3rd Cycle,100.0,No,No,No,Yes,Male,No,31,No,7,0,0.0,7,0,0.0,0.0,0.0,0.0,15.5,2.8,-4.06,Dropout
4012,Single,1st phase - special contingent (Azores Island),Management,Daytime,Secondary Education,117.3,Yes,No,No,Yes,Female,No,19,No,5,3,10.8,5,3,10.5,0.6,0.6,10.65,13.9,-0.3,0.79,Enrolled
4013,Married,Over 23 years old,Advertising and Marketing Management,Daytime,Secondary Education,130.0,No,No,No,Yes,Female,No,30,Yes,6,0,0.0,6,0,0.0,0.0,0.0,0.0,9.4,-0.8,-3.12,Dropout
4014,Single,Change of institution/course,Nursing,Daytime,Secondary Education,137.8,Yes,No,No,Yes,Female,Yes,20,No,7,7,16.13142857142857,8,8,15.52222222222222,1.0,1.0,15.83,11.1,0.6,2.02,Graduate
4015,Single,2nd phase - general contingent,Nursing,Daytime,Secondary Education,136.5,Yes,No,No,Yes,Female,Yes,18,No,7,7,14.838571428571427,8,8,14.8,1.0,1.0,14.82,12.4,0.5,1.79,Graduate
4016,Divorced,Over 23 years old,Management (evening attendance),Evening,Secondary Education,138.7,No,No,No,Yes,Female,No,31,No,5,3,10.333333333333334,5,3,12.0,0.6,0.6,11.17,10.8,1.4,1.74,Dropout
4017,Single,2nd phase - general contingent,Tourism,Daytime,Secondary Education,124.9,Yes,No,No,Yes,Female,No,19,No,6,3,12.0,6,4,11.25,0.5,0.667,11.62,7.6,2.6,0.32,Dropout
4018,Divorced,Over 23 years old,Social Service (evening attendance),Evening,Secondary Education,140.0,No,No,No,Yes,Female,Yes,43,No,6,0,0.0,5,0,0.0,0.0,0.0,0.0,8.9,1.4,3.51,Dropout
4019,Single,2nd phase - general contingent,Tourism,Daytime,Secondary Education,122.6,Yes,No,No,Yes,Female,Yes,20,No,6,6,13.166666666666666,6,6,14.0,1.0,1.0,13.58,13.9,-0.3,0.79,Graduate
4020,Single,1st phase - general contingent,Nursing,Daytime,Secondary Education,129.5,Yes,No,No,Yes,Female,Yes,19,No,8,8,13.9475,8,8,13.9475,1.0,1.0,13.95,9.4,-0.8,-3.12,Graduate
4021,Single,1st phase - general contingent,Advertising and Marketing Management,Daytime,Secondary Education,155.0,No,No,No,Yes,Female,No,22,No,5,3,11.333333333333334,5,0,0.0,0.6,0.0,5.67,9.4,-0.8,-3.12,Dropout
4022,Single,1st phase - general contingent,Social Service (evening attendance),Evening,Secondary Education,100.0,No,No,No,Yes,Female,No,26,No,8,7,12.75,7,7,12.285714285714286,0.875,1.0,12.52,16.2,0.3,-0.92,Graduate
4023,Single,3rd phase - general contingent,Management,Daytime,Secondary Education,137.6,Yes,No,No,Yes,Female,Yes,19,No,5,5,12.6,5,5,11.25,1.0,1.0,11.92,10.8,1.4,1.74,Graduate
4024,Single,Holders of other higher courses,Nursing,Daytime,Higher Education - Degree,120.0,Yes,No,No,Yes,Female,No,29,No,8,6,12.25,8,6,12.25,0.75,0.75,12.25,12.7,3.7,-1.7,Dropout
4025,Single,International student (bachelor),Oral Hygiene,Daytime,Secondary Education,114.0,No,No,No,Yes,Female,No,20,Yes,7,0,0.0,7,2,11.666666666666666,0.0,0.286,5.83,8.9,1.4,3.51,Enrolled
4026,Divorced,1st phase - general contingent,Management (evening attendance),Evening,Secondary Education,139.0,No,No,No,Yes,Female,Yes,38,No,5,5,11.0,5,5,11.4,1.0,1.0,11.2,9.4,-0.8,-3.12,Enrolled
4027,Single,Over 23 years old,Agronomy,Daytime,Secondary Education,110.0,No,No,No,Yes,Female,No,41,No,12,12,11.833333333333334,12,9,12.7,1.0,0.75,12.27,15.5,2.8,-4.06,Graduate
4028,Single,1st phase - general contingent,Nursing,Daytime,Secondary Education,128.5,Yes,No,No,Yes,Female,No,19,No,8,6,13.066666666666668,8,6,13.066666666666668,0.75,0.75,13.07,12.7,3.7,-1.7,Dropout
4029,Single,1st phase - general contingent,Communication Design,Daytime,Secondary Education,132.2,No,No,Yes,Yes,Female,No,19,No,6,6,13.833333333333334,6,6,13.875,1.0,1.0,13.85,10.8,1.4,1.74,Graduate
4030,Divorced,Holders of other higher courses,Nursing,Daytime,Higher Education - Degree,130.0,No,No,No,Yes,Female,No,43,No,7,3,13.833333333333334,7,0,0.0,0.429,0.0,6.92,16.2,0.3,-0.92,Dropout
4031,Single,2nd phase - general contingent,Equinculture,Daytime,Secondary Education,129.3,Yes,No,No,Yes,Female,No,19,No,5,5,11.8,5,5,13.2,1.0,1.0,12.5,10.8,1.4,1.74,Graduate
4032,Single,1st phase - general contingent,Animation and Multimedia Design,Daytime,Secondary Education,128.2,Yes,No,No,Yes,Male,Yes,19,No,12,12,13.333333333333334,11,10,12.818181818181818,1.0,0.909,13.08,8.9,1.4,3.51,Enrolled
4033,Single,1st phase - general contingent,Nursing,Daytime,Secondary Education,130.3,Yes,No,No,Yes,Male,No,18,No,8,8,13.74625,8,8,13.74625,1.0,1.0,13.75,9.4,-0.8,-3.12,Graduate
4034,Single,1st phase - general contingent,Animation and Multimedia Design,Daytime,Secondary Education,162.5,Yes,No,No,Yes,Male,No,19,No,0,0,0.0,0,0,0.0,0,0,0.0,16.2,0.3,-0.92,Dropout
4035,Married,Over 23 years old,Social Service (evening attendance),Evening,Basic Education 3rd Cycle,130.0,No,No,No,Yes,Male,No,38,No,6,0,0.0,6,0,0.0,0.0,0.0,0.0,9.4,-0.8,-3.12,Dropout
4036,Married,Holders of other higher courses,Equinculture,Daytime,Higher Education - Bachelor's,110.0,Yes,No,No,Yes,Male,No,37,No,6,0,0.0,6,0,0.0,0.0,0.0,0.0,16.2,0.3,-0.92,Dropout
4037,Single,Over 23 years old,Advertising and Marketing Management,Daytime,Secondary Education,142.3,Yes,No,No,Yes,Female,Yes,26,No,6,6,13.333333333333334,6,5,14.5,1.0,0.833,13.92,10.8,1.4,1.74,Graduate
4038,Single,2nd phase - general contingent,Social Service,Daytime,Secondary Education,122.0,Yes,No,No,Yes,Female,Yes,21,No,6,1,10.0,6,5,11.4,0.167,0.833,10.7,12.7,3.7,-1.7,Enrolled
4039,Single,1st phase - general contingent,Veterinary Nursing,Daytime,Secondary Education,153.6,Yes,No,No,Yes,Female,Yes,18,No,6,6,15.666666666666666,6,6,15.285714285714286,1.0,1.0,15.48,8.9,1.4,3.51,Graduate
4040,Single,1st phase - general contingent,Basic Education,Daytime,Secondary Education,112.9,No,No,No,Yes,Female,No,18,No,7,7,11.857142857142858,7,7,11.857142857142858,1.0,1.0,11.86,16.2,0.3,-0.92,Graduate
4041,Single,1st phase - general contingent,Veterinary Nursing,Daytime,Secondary Education,124.1,No,No,No,Yes,Female,No,18,No,5,5,14.5,5,5,13.6,1.0,1.0,14.05,9.4,-0.8,-3.12,Graduate
4042,Single,2nd phase - general contingent,Social Service,Daytime,Secondary Education,129.7,No,No,No,Yes,Female,No,19,No,6,6,12.166666666666666,6,6,13.714285714285714,1.0,1.0,12.94,15.5,2.8,-4.06,Graduate
4043,Single,1st phase - general contingent,Journalism and Communication,Daytime,Secondary Education,110.0,Yes,No,No,Yes,Female,No,18,No,6,5,12.6,6,6,12.0,0.833,1.0,12.3,11.1,0.6,2.02,Graduate
4044,Single,2nd phase - general contingent,Nursing,Daytime,Secondary Education,136.3,Yes,No,No,Yes,Female,No,18,No,8,7,12.285714285714286,8,7,12.285714285714286,0.875,0.875,12.29,12.7,3.7,-1.7,Enrolled
4045,Single,2nd phase - general contingent,Social Service,Daytime,Secondary Education,146.0,No,No,Yes,Yes,Female,Yes,19,No,6,6,12.666666666666666,6,6,13.0,1.0,1.0,12.83,8.9,1.4,3.51,Graduate
4046,Single,1st phase - general contingent,Nursing,Daytime,Secondary Education,129.9,No,No,No,Yes,Female,No,19,No,7,0,0.0,8,0,0.0,0.0,0.0,0.0,16.2,0.3,-0.92,Dropout
4047,Single,1st phase - general contingent,Tourism,Daytime,Secondary Education,140.9,Yes,No,No,Yes,Female,Yes,18,No,6,6,12.857142857142858,6,4,13.0,1.0,0.667,12.93,12.7,3.7,-1.7,Graduate
4048,Married,1st phase - general contingent,Nursing,Daytime,Secondary Education,135.5,No,No,No,Yes,Female,No,18,No,8,7,13.9,8,7,13.9,0.875,0.875,13.9,12.7,3.7,-1.7,Graduate
4049,Single,1st phase - general contingent,Nursing,Daytime,Secondary Education,122.0,Yes,No,No,Yes,Female,Yes,20,No,8,7,13.817142857142857,8,7,13.817142857142857,0.875,0.875,13.82,10.8,1.4,1.74,Graduate
4050,Single,Short cycle diploma holders,Oral Hygiene,Daytime,Professional Higher Technical Course,140.0,No,No,No,Yes,Female,Yes,22,No,7,6,13.314285714285717,8,7,12.875,0.857,0.875,13.09,8.9,1.4,3.51,Graduate
4051,Single,1st phase - general contingent,Equinculture,Daytime,Secondary Education,163.0,No,No,No,Yes,Female,No,18,No,6,0,0.0,6,0,0.0,0.0,0.0,0.0,7.6,2.6,0.32,Dropout
4052,Single,2nd phase - general contingent,Tourism,Daytime,Secondary Education,107.4,Yes,No,No,Yes,Female,Yes,19,No,6,6,12.166666666666666,6,6,12.166666666666666,1.0,1.0,12.17,12.4,0.5,1.79,Graduate
4053,Single,1st phase - general contingent,Tourism,Daytime,Secondary Education,114.3,Yes,No,No,No,Female,Yes,20,No,6,4,11.25,6,3,11.333333333333334,0.667,0.5,11.29,7.6,2.6,0.32,Dropout
4054,Single,Change of course,Communication Design,Daytime,Secondary Education,140.8,No,No,No,Yes,Female,No,19,No,6,5,12.4,6,6,12.75,0.833,1.0,12.58,10.8,1.4,1.74,Enrolled
4055,Single,1st phase - general contingent,Journalism and Communication,Daytime,Secondary Education,126.3,Yes,Yes,No,Yes,Female,Yes,20,No,6,6,14.666666666666666,6,6,14.571428571428571,1.0,1.0,14.62,8.9,1.4,3.51,Graduate
4056,Single,Over 23 years old,Veterinary Nursing,Daytime,Secondary Education,110.0,No,No,No,Yes,Female,No,28,No,6,4,12.0,6,4,12.0,0.667,0.667,12.0,11.1,0.6,2.02,Dropout
4057,Single,1st phase - general contingent,Veterinary Nursing,Daytime,Secondary Education,126.2,No,No,No,Yes,Female,No,19,No,6,6,14.0,6,3,12.666666666666666,1.0,0.5,13.33,12.4,0.5,1.79,Graduate
4058,Single,Transfer,Agronomy,Daytime,Technological Specialization Course,140.0,No,No,No,Yes,Female,No,22,No,6,6,12.571428571428571,6,4,13.666666666666666,1.0,0.667,13.12,15.5,2.8,-4.06,Enrolled
4059,Single,1st phase - general contingent,Veterinary Nursing,Daytime,Secondary Education,123.0,Yes,No,No,Yes,Female,No,19,No,6,6,15.538461538461538,6,6,12.625,1.0,1.0,14.08,15.5,2.8,-4.06,Graduate
4060,Single,1st phase - general contingent,Journalism and Communication,Daytime,Secondary Education,157.0,Yes,No,No,No,Female,No,18,No,6,0,0.0,6,0,0.0,0.0,0.0,0.0,13.9,-0.3,0.79,Dropout
4061,Single,1st phase - special contingent (Azores Island),Equinculture,Daytime,Secondary Education,149.7,Yes,No,No,Yes,Female,No,18,No,6,6,15.0,6,6,14.833333333333334,1.0,1.0,14.92,8.9,1.4,3.51,Graduate
4062,Single,Change of course,Equinculture,Daytime,Secondary Education,140.0,Yes,No,No,Yes,Female,No,22,No,5,4,12.25,5,5,13.285714285714286,0.8,1.0,12.77,12.7,3.7,-1.7,Graduate
4063,Single,Short cycle diploma holders,Veterinary Nursing,Daytime,Professional Higher Technical Course,170.0,No,No,No,Yes,Female,No,20,No,11,11,15.692307692307692,9,9,15.555555555555555,1.0,1.0,15.62,8.9,1.4,3.51,Graduate
4064,Single,Over 23 years old,Management (evening attendance),Evening,Secondary Education,130.2,No,No,No,Yes,Female,Yes,24,No,5,5,12.285714285714286,5,5,12.75,1.0,1.0,12.52,16.2,0.3,-0.92,Graduate
4065,Single,2nd phase - general contingent,Animation and Multimedia Design,Daytime,Secondary Education,135.5,Yes,No,Yes,Yes,Female,No,22,No,17,12,11.833333333333334,17,11,11.25,0.706,0.647,11.54,11.1,0.6,2.02,Enrolled
4066,Single,Change of course,Social Service (evening attendance),Evening,Secondary Education,118.3,No,No,No,Yes,Female,No,20,No,6,6,12.166666666666666,6,5,14.0,1.0,0.833,13.08,12.7,3.7,-1.7,Enrolled
4067,Single,1st phase - general contingent,Oral Hygiene,Daytime,Secondary Education,116.3,Yes,No,No,Yes,Female,Yes,20,No,7,7,11.88888888888889,8,8,11.95625,1.0,1.0,11.92,12.7,3.7,-1.7,Graduate
4068,Married,Holders of other higher courses,Social Service (evening attendance),Evening,Higher Education - Degree,120.0,No,No,No,No,Female,No,35,No,6,0,0.0,6,0,0.0,0.0,0.0,0.0,10.8,1.4,1.74,Dropout
4069,Single,1st phase - general contingent,Advertising and Marketing Management,Daytime,Secondary Education,154.7,No,No,No,Yes,Female,Yes,18,No,5,5,11.8,5,5,12.6,1.0,1.0,12.2,9.4,-0.8,-3.12,Graduate
4070,Single,2nd phase - general contingent,Social Service,Daytime,Secondary Education,132.7,Yes,No,No,Yes,Female,No,19,No,6,6,11.166666666666666,6,6,11.666666666666666,1.0,1.0,11.42,9.4,-0.8,-3.12,Graduate
4071,Single,3rd phase - general contingent,Nursing,Daytime,Secondary Education,130.8,No,No,No,Yes,Female,No,18,No,7,7,14.05714285714286,8,8,14.6,1.0,1.0,14.33,16.2,0.3,-0.92,Graduate
4072,Single,1st phase - general contingent,Tourism,Daytime,Secondary Education,122.7,Yes,No,No,Yes,Female,No,18,No,6,4,11.75,6,4,10.0,0.667,0.667,10.88,7.6,2.6,0.32,Dropout
4073,Married,Over 23 years old,Social Service,Daytime,Basic Education 3rd Cycle,130.0,No,No,No,Yes,Female,No,31,No,6,6,13.166666666666666,6,6,13.0,1.0,1.0,13.08,9.4,-0.8,-3.12,Enrolled
4074,Single,2nd phase - general contingent,Social Service,Daytime,Secondary Education,123.6,No,No,No,Yes,Female,Yes,19,No,6,6,13.5,6,6,14.0,1.0,1.0,13.75,15.5,2.8,-4.06,Graduate
4075,Single,3rd phase - general contingent,Nursing,Daytime,Secondary Education,116.5,Yes,No,No,Yes,Female,Yes,20,No,7,7,12.625,8,8,13.0625,1.0,1.0,12.84,15.5,2.8,-4.06,Graduate
4076,Single,2nd phase - general contingent,Veterinary Nursing,Daytime,Secondary Education,111.1,No,No,No,Yes,Female,No,21,No,6,0,0.0,6,0,0.0,0.0,0.0,0.0,15.5,2.8,-4.06,Dropout
4077,Single,1st phase - general contingent,Nursing,Daytime,Secondary Education,136.3,Yes,No,No,Yes,Female,Yes,18,No,8,7,13.971428571428572,8,7,13.971428571428572,0.875,0.875,13.97,12.7,3.7,-1.7,Graduate
4078,Single,1st phase - general contingent,Communication Design,Daytime,Secondary Education,129.8,Yes,No,No,Yes,Female,No,18,No,6,2,11.0,6,0,0.0,0.333,0.0,5.5,9.4,-0.8,-3.12,Dropout
4079,Married,Over 23 years old,Management (evening attendance),Evening,Secondary Education,134.7,No,No,No,Yes,Female,No,33,No,5,5,12.8,5,5,15.333333333333334,1.0,1.0,14.07,10.8,1.4,1.74,Graduate
4080,Single,1st phase - general contingent,Advertising and Marketing Management,Daytime,Secondary Education,131.8,Yes,No,No,Yes,Female,Yes,18,No,6,6,13.571428571428571,6,5,12.8,1.0,0.833,13.19,12.4,0.5,1.79,Enrolled
4081,Single,1st phase - general contingent,Animation and Multimedia Design,Daytime,Secondary Education,126.8,Yes,No,No,No,Female,Yes,18,No,0,0,0.0,0,0,0.0,0,0,0.0,12.7,3.7,-1.7,Dropout
4082,Single,1st phase - general contingent,Veterinary Nursing,Daytime,Secondary Education,130.7,No,No,Yes,Yes,Female,No,21,No,5,2,11.5,5,4,11.0,0.4,0.8,11.25,10.8,1.4,1.74,Enrolled
4083,Single,2nd phase - general contingent,Tourism,Daytime,Secondary Education,109.8,Yes,No,No,Yes,Female,No,19,No,6,4,11.25,6,4,12.0,0.667,0.667,11.62,10.8,1.4,1.74,Enrolled
4084,Single,Holders of other higher courses,Management (evening attendance),Evening,Higher Education - Degree,133.9,No,No,No,Yes,Female,No,28,No,5,5,13.714285714285714,5,5,13.142857142857142,1.0,1.0,13.43,16.2,0.3,-0.92,Graduate
4085,Married,Over 23 years old,Management,Daytime,Secondary Education,109.9,No,No,No,No,Female,No,29,No,4,0,0.0,5,0,0.0,0.0,0.0,0.0,12.7,3.7,-1.7,Dropout
4086,Single,Technological specialization diploma holders,Equinculture,Daytime,Technological Specialization Course,160.0,Yes,No,Yes,No,Female,No,36,No,6,6,12.0,6,3,14.666666666666666,1.0,0.5,13.33,12.4,0.5,1.79,Dropout
4087,Single,Over 23 years old,Social Service (evening attendance),Evening,Basic Education 3rd Cycle,106.5,No,No,No,Yes,Female,Yes,32,No,6,6,12.666666666666666,6,6,13.333333333333334,1.0,1.0,13.0,12.7,3.7,-1.7,Graduate
4088,Single,Over 23 years old,Nursing,Daytime,Secondary Education,120.0,Yes,No,No,Yes,Female,Yes,25,No,8,7,13.29,8,7,13.29,0.875,0.875,13.29,9.4,-0.8,-3.12,Enrolled
4089,Married,Change of course,Management (evening attendance),Evening,Secondary Education,107.8,No,No,No,Yes,Female,No,33,No,10,8,10.375,10,9,10.444444444444445,0.8,0.9,10.41,7.6,2.6,0.32,Enrolled
4090,Married,Change of course,Social Service (evening attendance),Evening,10th Year,100.0,No,No,No,No,Female,No,34,No,7,3,12.0,7,1,13.0,0.429,0.143,12.5,9.4,-0.8,-3.12,Dropout
4091,Married,Over 23 years old,Social Service (evening attendance),Evening,Secondary Education,112.5,No,No,No,Yes,Female,No,33,No,6,5,11.4,6,6,11.166666666666666,0.833,1.0,11.28,7.6,2.6,0.32,Graduate
4092,Single,Change of course,Management (evening attendance),Evening,Secondary Education,135.5,No,No,Yes,No,Female,No,29,No,5,2,13.25,5,3,12.6,0.4,0.6,12.92,16.2,0.3,-0.92,Dropout
4093,Single,1st phase - general contingent,Nursing,Daytime,Secondary Education,145.0,No,No,No,Yes,Female,No,18,No,7,6,13.861666666666666,8,0,0.0,0.857,0.0,6.93,12.4,0.5,1.79,Dropout
4094,Single,1st phase - general contingent,Journalism and Communication,Daytime,Secondary Education,119.0,No,No,No,Yes,Female,Yes,18,No,6,6,12.166666666666666,6,6,12.142857142857142,1.0,1.0,12.15,15.5,2.8,-4.06,Graduate
4095,Married,Holders of other higher courses,Social Service,Daytime,Higher Education - Degree,130.0,No,No,No,Yes,Female,No,38,No,6,4,13.75,6,6,14.5,0.667,1.0,14.12,16.2,0.3,-0.92,Graduate
4096,Single,1st phase - general contingent,Nursing,Daytime,Secondary Education,126.3,Yes,No,No,Yes,Female,Yes,19,No,7,6,15.433333333333332,7,6,15.433333333333332,0.857,0.857,15.43,7.6,2.6,0.32,Graduate
4097,Divorced,Over 23 years old,Social Service (evening attendance),Evening,Basic Education 3rd Cycle,113.5,No,No,No,Yes,Female,Yes,39,No,6,6,13.833333333333334,6,6,15.5,1.0,1.0,14.67,11.1,0.6,2.02,Graduate
4098,Single,Change of course,Management (evening attendance),Evening,Higher Education - Degree,120.0,No,No,No,Yes,Female,No,37,No,14,12,11.833333333333334,12,11,11.363636363636363,0.857,0.917,11.6,12.7,3.7,-1.7,Graduate
4099,Single,2nd phase - general contingent,Oral Hygiene,Daytime,Secondary Education,111.3,Yes,No,No,Yes,Female,No,32,No,7,0,0.0,8,0,0.0,0.0,0.0,0.0,16.2,0.3,-0.92,Dropout
4100,Single,3rd phase - general contingent,Social Service,Daytime,Secondary Education,130.2,No,No,No,Yes,Female,No,18,No,1,0,0.0,6,0,0.0,0.0,0.0,0.0,10.8,1.4,1.74,Dropout
4101,Single,Change of course,Oral Hygiene,Daytime,Secondary Education,140.2,Yes,Yes,No,Yes,Female,No,20,No,7,7,12.333333333333334,8,8,12.625,1.0,1.0,12.48,12.7,3.7,-1.7,Enrolled
4102,Single,1st phase - general contingent,Communication Design,Daytime,Secondary Education,113.9,Yes,No,No,Yes,Female,No,20,No,6,6,11.166666666666666,6,6,12.166666666666666,1.0,1.0,11.67,7.6,2.6,0.32,Graduate
4103,Single,2nd phase - general contingent,Veterinary Nursing,Daytime,Secondary Education,99.0,Yes,No,No,Yes,Female,Yes,23,No,6,6,14.666666666666666,6,6,12.428571428571429,1.0,1.0,13.55,8.9,1.4,3.51,Graduate
4104,Single,1st phase - general contingent,Management,Daytime,Secondary Education,124.0,Yes,No,No,Yes,Female,No,19,No,5,5,11.2,5,4,11.75,1.0,0.8,11.48,10.8,1.4,1.74,Enrolled
4105,Single,1st phase - general contingent,Social Service,Daytime,Secondary Education,138.9,No,No,No,Yes,Female,No,18,No,6,6,13.714285714285714,6,6,14.166666666666666,1.0,1.0,13.94,13.9,-0.3,0.79,Graduate
4106,Single,1st phase - general contingent,Management,Daytime,Secondary Education,130.0,Yes,No,No,Yes,Male,No,19,No,5,5,12.8,5,5,11.444444444444445,1.0,1.0,12.12,10.8,1.4,1.74,Graduate
4107,Single,2nd phase - general contingent,Journalism and Communication,Daytime,Secondary Education,120.8,Yes,No,No,Yes,Female,No,20,No,6,4,13.25,6,5,11.8,0.667,0.833,12.52,12.4,0.5,1.79,Graduate
4108,Single,1st phase - general contingent,Nursing,Daytime,Secondary Education,127.8,Yes,No,No,Yes,Female,No,19,No,8,6,13.78,8,6,13.78,0.75,0.75,13.78,9.4,-0.8,-3.12,Dropout
4109,Single,2nd phase - general contingent,Nursing,Daytime,Secondary Education,126.0,Yes,No,No,Yes,Female,No,19,No,8,7,15.11,8,7,15.11,0.875,0.875,15.11,10.8,1.4,1.74,Graduate
4110,Single,1st phase - general contingent,Social Service,Daytime,Secondary Education,126.0,No,No,No,Yes,Female,No,18,No,6,4,11.0,6,5,11.2,0.667,0.833,11.1,10.8,1.4,1.74,Graduate
4111,Single,1st phase - general contingent,Nursing,Daytime,Secondary Education,138.5,Yes,No,No,Yes,Female,Yes,20,No,8,7,15.798571428571426,8,7,15.798571428571426,0.875,0.875,15.8,10.8,1.4,1.74,Graduate
4112,Single,1st phase - general contingent,Nursing,Daytime,Secondary Education,119.4,Yes,No,No,Yes,Female,No,20,No,7,7,13.775714285714288,8,8,15.599999999999998,1.0,1.0,14.69,12.4,0.5,1.79,Graduate
4113,Divorced,Over 23 years old,Nursing,Daytime,Secondary Education,101.5,Yes,No,No,Yes,Female,No,24,No,8,7,12.16,8,7,12.16,0.875,0.875,12.16,10.8,1.4,1.74,Graduate
4114,Divorced,Over 23 years old,Oral Hygiene,Daytime,Secondary Education,101.5,Yes,No,No,Yes,Female,No,24,No,7,0,0.0,7,0,0.0,0.0,0.0,0.0,10.8,1.4,1.74,Dropout
4115,Single,2nd phase - general contingent,Journalism and Communication,Daytime,Secondary Education,126.2,Yes,No,No,Yes,Female,No,20,No,6,6,14.333333333333334,6,6,15.5,1.0,1.0,14.92,12.4,0.5,1.79,Graduate
4116,Single,1st phase - general contingent,Communication Design,Daytime,Secondary Education,129.8,Yes,No,No,Yes,Female,No,20,No,6,6,11.833333333333334,6,3,13.333333333333334,1.0,0.5,12.58,9.4,-0.8,-3.12,Enrolled
4117,Single,1st phase - general contingent,Veterinary Nursing,Daytime,Secondary Education,138.4,Yes,No,No,No,Female,No,18,No,6,6,14.833333333333334,6,6,12.5,1.0,1.0,13.67,8.9,1.4,3.51,Enrolled
4118,Single,1st phase - general contingent,Nursing,Daytime,Secondary Education,129.3,No,No,No,Yes,Female,No,18,No,8,7,14.2,8,7,14.2,0.875,0.875,14.2,12.7,3.7,-1.7,Graduate
4119,Single,1st phase - general contingent,Veterinary Nursing,Daytime,Secondary Education,113.1,Yes,No,No,Yes,Female,No,21,No,5,5,12.2,5,5,13.2,1.0,1.0,12.7,10.8,1.4,1.74,Graduate
4120,Single,2nd phase - general contingent,Basic Education,Daytime,Secondary Education,144.3,Yes,No,No,Yes,Female,No,18,No,6,4,13.0,6,5,13.666666666666666,0.667,0.833,13.33,9.4,-0.8,-3.12,Graduate
4121,Single,2nd phase - general contingent,Nursing,Daytime,Secondary Education,141.0,Yes,No,No,Yes,Female,Yes,19,No,8,7,12.485714285714286,8,7,12.485714285714286,0.875,0.875,12.49,12.7,3.7,-1.7,Graduate
4122,Single,Holders of other higher courses,Veterinary Nursing,Daytime,Higher Education - Degree (1st cycle),130.0,Yes,No,No,Yes,Female,No,22,No,6,6,17.0,6,6,16.285714285714285,1.0,1.0,16.64,11.1,0.6,2.02,Graduate
4123,Single,2nd phase - general contingent,Social Service,Daytime,Secondary Education,117.5,Yes,No,No,Yes,Female,No,19,No,6,5,10.8,6,6,10.166666666666666,0.833,1.0,10.48,8.9,1.4,3.51,Graduate
4124,Single,1st phase - general contingent,Nursing,Daytime,Secondary Education,131.8,Yes,No,No,Yes,Female,No,18,Yes,7,6,14.716666666666669,7,6,14.716666666666669,0.857,0.857,14.72,7.6,2.6,0.32,Graduate
4125,Single,1st phase - general contingent,Veterinary Nursing,Daytime,Secondary Education,133.7,Yes,No,No,Yes,Female,Yes,19,No,5,2,13.5,5,5,11.4,0.4,1.0,12.45,10.8,1.4,1.74,Enrolled
4126,Single,Change of course,Nursing,Daytime,Secondary Education,115.4,Yes,No,No,Yes,Female,Yes,24,No,8,7,11.971428571428572,8,7,11.971428571428572,0.875,0.875,11.97,12.7,3.7,-1.7,Enrolled
4127,Single,1st phase - general contingent,Veterinary Nursing,Daytime,Secondary Education,129.1,No,No,No,Yes,Female,No,19,No,5,3,12.0,5,4,13.5,0.6,0.8,12.75,7.6,2.6,0.32,Enrolled
4128,Single,1st phase - general contingent,Social Service (evening attendance),Evening,Secondary Education,135.5,No,No,No,Yes,Female,No,34,No,6,6,12.333333333333334,6,6,11.666666666666666,1.0,1.0,12.0,10.8,1.4,1.74,Graduate
4129,Single,2nd phase - general contingent,Veterinary Nursing,Daytime,Secondary Education,112.4,Yes,No,No,Yes,Female,No,19,No,12,6,15.307692307692308,10,6,13.875,0.5,0.6,14.59,15.5,2.8,-4.06,Graduate
4130,Single,1st phase - general contingent,Nursing,Daytime,Secondary Education,130.8,Yes,No,No,Yes,Female,Yes,18,No,7,6,12.666666666666666,7,6,12.666666666666666,0.857,0.857,12.67,7.6,2.6,0.32,Graduate
4131,Single,1st phase - general contingent,Nursing,Daytime,Secondary Education,131.6,Yes,No,No,Yes,Female,Yes,19,No,7,7,14.368,8,8,14.44875,1.0,1.0,14.41,15.5,2.8,-4.06,Graduate
4132,Single,Over 23 years old,Nursing,Daytime,Secondary Education,140.8,No,No,No,Yes,Female,No,25,No,8,7,12.084285714285716,8,7,12.084285714285716,0.875,0.875,12.08,10.8,1.4,1.74,Graduate
4133,Single,Technological specialization diploma holders,Veterinary Nursing,Daytime,Technological Specialization Course,140.0,Yes,No,No,Yes,Female,No,21,No,12,8,12.25,12,8,12.2,0.667,0.667,12.22,12.4,0.5,1.79,Enrolled
4134,Single,1st phase - general contingent,Tourism,Daytime,Secondary Education,114.2,No,No,No,Yes,Female,No,18,No,6,5,12.2,6,5,11.6,0.833,0.833,11.9,16.2,0.3,-0.92,Enrolled
4135,Single,1st phase - general contingent,Social Service,Daytime,Secondary Education,127.3,No,No,No,Yes,Female,Yes,18,No,6,4,11.0,6,6,11.5,0.667,1.0,11.25,9.4,-0.8,-3.12,Graduate
4136,Single,1st phase - general contingent,Social Service (evening attendance),Evening,Secondary Education,115.0,Yes,No,No,Yes,Female,No,28,No,6,5,12.8,6,5,11.0,0.833,0.833,11.9,9.4,-0.8,-3.12,Graduate
4137,Facto Union,Change of course,Nursing,Daytime,Secondary Education,118.8,No,No,No,Yes,Female,Yes,18,No,8,7,11.857142857142858,8,7,11.857142857142858,0.875,0.875,11.86,12.7,3.7,-1.7,Graduate
4138,Married,Over 23 years old,Tourism,Daytime,Secondary Education,125.0,No,No,No,Yes,Female,No,41,No,6,6,12.285714285714286,6,5,13.0,1.0,0.833,12.64,8.9,1.4,3.51,Graduate
4139,Single,2nd phase - general contingent,Basic Education,Daytime,Secondary Education,111.5,No,No,No,Yes,Female,No,18,No,6,3,12.333333333333334,6,4,13.5,0.5,0.667,12.92,7.6,2.6,0.32,Dropout
4140,Single,2nd phase - general contingent,Social Service,Daytime,Secondary Education,124.2,No,No,No,Yes,Female,Yes,21,No,6,4,11.25,6,4,11.4,0.667,0.667,11.32,15.5,2.8,-4.06,Graduate
4141,Divorced,Holders of other higher courses,Social Service,Daytime,Higher Education - Degree (1st cycle),130.0,No,No,Yes,Yes,Female,No,41,No,6,0,0.0,6,0,0.0,0.0,0.0,0.0,11.1,0.6,2.02,Dropout
4142,Single,Holders of other higher courses,Communication Design,Daytime,Higher Education - Degree,120.0,Yes,No,No,Yes,Female,No,32,No,3,2,16.0,3,1,16.0,0.667,0.333,16.0,7.6,2.6,0.32,Dropout
4143,Single,Change of course,Social Service (evening attendance),Evening,Other - 11th Year,110.0,No,No,No,Yes,Female,No,29,No,6,6,11.666666666666666,6,6,11.0,1.0,1.0,11.33,7.6,2.6,0.32,Graduate
4144,Single,Over 23 years old,Oral Hygiene,Daytime,Secondary Education,113.3,No,No,No,Yes,Female,No,24,No,7,5,12.4,8,7,12.15,0.714,0.875,12.28,12.4,0.5,1.79,Enrolled
4145,Single,Change of course,Oral Hygiene,Daytime,Secondary Education,123.5,Yes,No,No,Yes,Female,No,22,No,7,6,10.744444444444444,8,8,11.8375,0.857,1.0,11.29,12.7,3.7,-1.7,Enrolled
4146,Single,1st phase - general contingent,Social Service,Daytime,Secondary Education,101.0,No,No,No,Yes,Female,No,21,No,6,0,0.0,6,0,0.0,0.0,0.0,0.0,15.5,2.8,-4.06,Dropout
4147,Married,Over 23 years old,Nursing,Daytime,Basic Education 3rd Cycle,120.9,Yes,No,No,Yes,Female,No,39,No,7,4,12.0,7,4,12.5625,0.571,0.571,12.28,11.1,0.6,2.02,Dropout
4148,Divorced,Over 23 years old,Veterinary Nursing,Daytime,Secondary Education,154.6,No,No,No,No,Female,Yes,44,No,6,4,12.75,6,2,10.0,0.667,0.333,11.38,8.9,1.4,3.51,Enrolled
4149,Single,1st phase - general contingent,Management,Daytime,Secondary Education,120.2,Yes,No,No,Yes,Female,No,20,No,5,2,10.0,5,2,11.0,0.4,0.4,10.5,7.6,2.6,0.32,Enrolled
4150,Single,Change of course,Nursing,Daytime,Secondary Education,146.5,No,No,No,Yes,Female,No,21,No,14,12,13.417391304347827,14,12,13.417391304347827,0.857,0.857,13.42,7.6,2.6,0.32,Graduate
4151,Single,1st phase - general contingent,Journalism and Communication,Daytime,Secondary Education,160.1,Yes,No,No,Yes,Female,No,18,No,6,6,15.166666666666666,6,6,14.857142857142858,1.0,1.0,15.01,7.6,2.6,0.32,Graduate
4152,Single,Over 23 years old,Agronomy,Daytime,Secondary Education,150.0,No,No,Yes,Yes,Female,No,34,No,6,5,13.833333333333334,6,5,12.5,0.833,0.833,13.17,16.2,0.3,-0.92,Graduate
4153,Single,1st phase - general contingent,Veterinary Nursing,Daytime,Secondary Education,135.8,Yes,No,No,Yes,Female,No,18,No,5,5,13.333333333333334,5,4,14.8,1.0,0.8,14.07,7.6,2.6,0.32,Graduate
4154,Single,1st phase - general contingent,Animation and Multimedia Design,Daytime,Secondary Education,143.8,Yes,No,Yes,Yes,Female,No,19,No,0,0,0.0,0,0,0.0,0,0,0.0,12.7,3.7,-1.7,Enrolled
4155,Single,1st phase - general contingent,Basic Education,Daytime,Secondary Education,116.8,Yes,No,No,Yes,Female,No,18,No,6,3,11.666666666666666,6,3,10.666666666666666,0.5,0.5,11.17,9.4,-0.8,-3.12,Dropout
4156,Single,1st phase - general contingent,Veterinary Nursing,Daytime,Secondary Education,113.9,Yes,No,No,Yes,Female,No,19,No,6,5,15.0,6,6,13.428571428571429,0.833,1.0,14.21,16.2,0.3,-0.92,Graduate
4157,Single,1st phase - general contingent,Nursing,Daytime,Secondary Education,118.0,Yes,No,No,Yes,Female,Yes,18,No,8,7,13.242857142857144,8,7,13.242857142857144,0.875,0.875,13.24,12.7,3.7,-1.7,Enrolled
4158,Single,1st phase - general contingent,Equinculture,Daytime,Secondary Education,150.2,Yes,No,No,Yes,Female,No,19,No,5,1,13.0,5,2,12.5,0.2,0.4,12.75,12.7,3.7,-1.7,Dropout
4159,Single,1st phase - general contingent,Nursing,Daytime,Secondary Education,115.1,Yes,No,No,Yes,Female,Yes,19,No,7,6,13.075,8,7,12.05,0.857,0.875,12.56,12.4,0.5,1.79,Graduate
4160,Single,1st phase - general contingent,Advertising and Marketing Management,Daytime,Secondary Education,131.3,Yes,No,No,Yes,Female,Yes,18,No,6,6,13.5,6,6,13.666666666666666,1.0,1.0,13.58,10.8,1.4,1.74,Graduate
4161,Single,Technological specialization diploma holders,Management (evening attendance),Evening,Technological Specialization Course,120.0,Yes,No,No,Yes,Female,Yes,23,No,6,5,11.8,6,6,12.333333333333334,0.833,1.0,12.07,9.4,-0.8,-3.12,Graduate
4162,Single,2nd phase - general contingent,Tourism,Daytime,Secondary Education,110.3,Yes,No,No,No,Female,No,18,Yes,6,5,12.6,6,5,11.8,0.833,0.833,12.2,11.1,0.6,2.02,Enrolled
4163,Divorced,Change of course,Basic Education,Daytime,Secondary Education,100.0,No,No,No,Yes,Female,No,33,Yes,6,6,12.166666666666666,6,3,11.0,1.0,0.5,11.58,7.6,2.6,0.32,Dropout
4164,Single,2nd phase - general contingent,Social Service,Daytime,Secondary Education,110.7,Yes,No,No,Yes,Female,No,19,No,6,6,12.166666666666666,6,6,11.0,1.0,1.0,11.58,8.9,1.4,3.51,Graduate
4165,Single,Change of course,Animation and Multimedia Design,Daytime,Secondary Education,143.4,Yes,No,No,Yes,Female,No,21,No,0,0,0.0,0,0,0.0,0,0,0.0,9.4,-0.8,-3.12,Dropout
4166,Single,1st phase - general contingent,Nursing,Daytime,Secondary Education,115.9,No,No,No,Yes,Female,No,18,No,7,7,13.557142857142855,8,8,13.2,1.0,1.0,13.38,12.4,0.5,1.79,Graduate
4167,Single,3rd phase - general contingent,Management (evening attendance),Evening,Secondary Education,145.0,No,No,No,Yes,Female,Yes,21,No,5,4,12.25,5,4,11.8,0.8,0.8,12.02,10.8,1.4,1.74,Enrolled
4168,Single,2nd phase - general contingent,Communication Design,Daytime,Secondary Education,140.9,Yes,No,No,Yes,Female,No,19,No,6,6,14.333333333333334,6,6,13.5,1.0,1.0,13.92,9.4,-0.8,-3.12,Graduate
4169,Single,1st phase - general contingent,Journalism and Communication,Daytime,Secondary Education,108.4,Yes,No,No,Yes,Female,No,20,No,6,4,10.5,6,4,11.75,0.667,0.667,11.12,7.6,2.6,0.32,Graduate
4170,Single,1st phase - general contingent,Journalism and Communication,Daytime,Secondary Education,114.3,Yes,No,No,Yes,Female,No,20,No,4,0,0.0,4,0,0.0,0.0,0.0,0.0,7.6,2.6,0.32,Dropout
4171,Single,3rd phase - general contingent,Basic Education,Daytime,Secondary Education,110.0,Yes,No,No,Yes,Female,No,20,No,6,4,12.75,6,3,11.333333333333334,0.667,0.5,12.04,10.8,1.4,1.74,Enrolled
4172,Single,1st phase - general contingent,Social Service,Daytime,Secondary Education,121.7,Yes,No,No,Yes,Female,Yes,18,No,6,0,0.0,6,4,11.0,0.0,0.667,5.5,7.6,2.6,0.32,Enrolled
4173,Single,Change of course,Management,Daytime,Secondary Education,123.7,Yes,No,No,Yes,Female,No,18,No,5,1,14.0,5,1,14.0,0.2,0.2,14.0,7.6,2.6,0.32,Enrolled
4174,Single,1st phase - general contingent,Nursing,Daytime,Secondary Education,116.5,Yes,No,No,Yes,Female,Yes,20,No,7,7,14.093333333333332,8,8,15.0,1.0,1.0,14.55,11.1,0.6,2.02,Graduate
4175,Single,1st phase - general contingent,Social Service,Daytime,Secondary Education,155.0,No,No,No,Yes,Female,Yes,21,No,6,6,13.333333333333334,6,6,13.166666666666666,1.0,1.0,13.25,9.4,-0.8,-3.12,Graduate
4176,Single,Change of course,Nursing,Daytime,Secondary Education,129.3,Yes,No,No,Yes,Female,No,19,No,8,7,12.071428571428571,8,7,12.071428571428571,0.875,0.875,12.07,12.7,3.7,-1.7,Graduate
4177,Single,1st phase - general contingent,Tourism,Daytime,Secondary Education,121.7,Yes,No,No,Yes,Female,Yes,18,No,6,6,12.666666666666666,6,6,12.5,1.0,1.0,12.58,12.4,0.5,1.79,Graduate
4178,Single,Over 23 years old,Veterinary Nursing,Daytime,Secondary Education,148.2,Yes,No,Yes,Yes,Female,No,27,No,6,6,12.125,6,5,12.0,1.0,0.833,12.06,12.4,0.5,1.79,Enrolled
4179,Single,1st phase - general contingent,Nursing,Daytime,Secondary Education,125.5,Yes,No,No,Yes,Female,Yes,21,No,7,7,13.2,8,7,13.2575,1.0,0.875,13.23,15.5,2.8,-4.06,Graduate
4180,Single,2nd phase - general contingent,Nursing,Daytime,Secondary Education,131.9,Yes,No,No,Yes,Female,Yes,18,No,7,7,14.15,8,8,14.51125,1.0,1.0,14.33,15.5,2.8,-4.06,Graduate
4181,Single,2nd phase - general contingent,Basic Education,Daytime,Secondary Education,121.8,Yes,No,Yes,Yes,Female,No,18,No,6,4,13.5,6,3,10.666666666666666,0.667,0.5,12.08,10.8,1.4,1.74,Enrolled
4182,Single,Change of course,Basic Education,Daytime,Secondary Education,107.7,No,No,Yes,No,Female,No,28,No,6,0,0.0,5,0,0.0,0.0,0.0,0.0,10.8,1.4,1.74,Dropout
4183,Single,Over 23 years old,Oral Hygiene,Daytime,Secondary Education,115.5,No,No,No,Yes,Female,No,36,No,7,5,12.2,7,3,11.4,0.714,0.429,11.8,11.1,0.6,2.02,Dropout
4184,Single,1st phase - general contingent,Veterinary Nursing,Daytime,Secondary Education,139.8,Yes,No,No,Yes,Female,No,20,No,5,5,14.8,5,5,14.0,1.0,1.0,14.4,12.7,3.7,-1.7,Graduate
4185,Single,1st phase - general contingent,Social Service,Daytime,Secondary Education,133.2,Yes,No,No,Yes,Female,No,19,No,6,5,11.0,6,5,11.4,0.833,0.833,11.2,7.6,2.6,0.32,Graduate
4186,Single,1st phase - general contingent,Management (evening attendance),Evening,Secondary Education,118.4,Yes,No,No,Yes,Female,No,20,No,5,0,0.0,5,0,0.0,0.0,0.0,0.0,7.6,2.6,0.32,Enrolled
4187,Single,2nd phase - general contingent,Veterinary Nursing,Daytime,Secondary Education,123.3,Yes,No,No,Yes,Female,No,19,No,5,3,14.0,5,4,11.75,0.6,0.8,12.88,9.4,-0.8,-3.12,Enrolled
4188,Married,Over 23 years old,Social Service (evening attendance),Evening,Secondary Education,134.5,No,No,No,Yes,Female,No,28,No,6,5,11.833333333333334,6,6,13.0,0.833,1.0,12.42,16.2,0.3,-0.92,Graduate
4189,Single,1st phase - general contingent,Advertising and Marketing Management,Daytime,Secondary Education,110.6,No,No,No,Yes,Female,No,20,No,5,4,11.75,5,5,11.8,0.8,1.0,11.78,7.6,2.6,0.32,Graduate
4190,Single,Transfer,Tourism,Daytime,Secondary Education,154.0,Yes,No,No,Yes,Female,No,28,No,14,12,12.333333333333334,12,8,12.0,0.857,0.667,12.17,9.4,-0.8,-3.12,Graduate
4191,Single,Change of course,Management (evening attendance),Evening,Technological Specialization Course,160.0,No,No,No,Yes,Female,No,24,No,10,3,11.666666666666666,10,6,11.833333333333334,0.3,0.6,11.75,9.4,-0.8,-3.12,Dropout
4192,Single,Technological specialization diploma holders,Veterinary Nursing,Daytime,Technological Specialization Course,140.0,Yes,No,No,Yes,Female,No,20,No,6,6,12.666666666666666,6,4,11.5,1.0,0.667,12.08,13.9,-0.3,0.79,Enrolled
4193,Single,2nd phase - general contingent,Basic Education,Daytime,Secondary Education,132.5,Yes,No,No,Yes,Female,No,22,No,6,4,12.25,6,5,11.6,0.667,0.833,11.92,10.8,1.4,1.74,Enrolled
4194,Single,2nd phase - general contingent,Tourism,Daytime,Secondary Education,127.7,No,No,No,Yes,Female,Yes,18,No,6,6,11.285714285714286,6,4,13.5,1.0,0.667,12.39,16.2,0.3,-0.92,Graduate
4195,Single,1st phase - general contingent,Management,Daytime,Secondary Education,117.5,Yes,No,Yes,No,Female,No,22,No,5,2,11.5,5,0,0.0,0.4,0.0,5.75,12.7,3.7,-1.7,Dropout
4196,Single,1st phase - general contingent,Tourism,Daytime,Secondary Education,127.0,Yes,No,No,Yes,Female,Yes,18,No,6,6,11.666666666666666,6,4,12.25,1.0,0.667,11.96,9.4,-0.8,-3.12,Graduate
4197,Single,1st phase - general contingent,Nursing,Daytime,Secondary Education,125.5,No,No,No,Yes,Female,Yes,21,No,8,7,13.514285714285714,8,7,13.514285714285714,0.875,0.875,13.51,12.7,3.7,-1.7,Graduate
4198,Single,2nd phase - general contingent,Journalism and Communication,Daytime,Secondary Education,140.5,Yes,No,No,Yes,Female,No,19,No,6,6,13.0,6,6,13.714285714285714,1.0,1.0,13.36,7.6,2.6,0.32,Graduate
4199,Single,1st phase - special contingent (Azores Island),Basic Education,Daytime,Secondary Education,118.3,Yes,No,No,Yes,Female,No,22,No,6,3,15.0,6,4,10.25,0.5,0.667,12.62,9.4,-0.8,-3.12,Enrolled
4200,Single,1st phase - general contingent,Nursing,Daytime,Secondary Education,120.8,Yes,No,No,Yes,Female,Yes,20,No,8,7,12.744285714285716,8,7,12.744285714285716,0.875,0.875,12.74,10.8,1.4,1.74,Graduate
4201,Single,1st phase - general contingent,Management,Daytime,Secondary Education,95.0,No,No,No,Yes,Female,No,20,No,5,4,11.75,5,5,11.8,0.8,1.0,11.78,11.1,0.6,2.02,Graduate
4202,Single,2nd phase - general contingent,Social Service (evening attendance),Evening,Secondary Education,122.2,Yes,No,Yes,Yes,Female,No,19,No,6,6,12.166666666666666,6,6,11.666666666666666,1.0,1.0,11.92,10.8,1.4,1.74,Graduate
4203,Single,2nd phase - general contingent,Animation and Multimedia Design,Daytime,Secondary Education,143.9,Yes,No,No,Yes,Female,No,20,No,0,0,0.0,0,0,0.0,0,0,0.0,15.5,2.8,-4.06,Enrolled
4204,Single,1st phase - general contingent,Communication Design,Daytime,Secondary Education,127.2,Yes,No,No,Yes,Female,Yes,20,No,6,5,13.4,6,6,12.375,0.833,1.0,12.89,13.9,-0.3,0.79,Graduate
4205,Single,1st phase - general contingent,Social Service,Daytime,Secondary Education,120.2,Yes,No,No,Yes,Female,No,20,No,6,5,11.8,6,4,11.5,0.833,0.667,11.65,7.6,2.6,0.32,Dropout
4206,Single,1st phase - general contingent,Nursing,Daytime,Secondary Education,134.8,Yes,No,No,Yes,Female,No,19,No,7,6,13.533333333333331,7,6,13.533333333333331,0.857,0.857,13.53,7.6,2.6,0.32,Graduate
4207,Single,1st phase - general contingent,Tourism,Daytime,Secondary Education,142.6,Yes,No,No,Yes,Female,Yes,18,No,6,6,14.166666666666666,6,4,14.0,1.0,0.667,14.08,15.5,2.8,-4.06,Graduate
4208,Single,1st phase - general contingent,Nursing,Daytime,Secondary Education,147.9,No,No,No,Yes,Female,Yes,18,No,7,7,14.652857142857142,8,8,14.755555555555556,1.0,1.0,14.7,12.4,0.5,1.79,Graduate
4209,Single,1st phase - general contingent,Animation and Multimedia Design,Daytime,Secondary Education,160.4,Yes,No,No,No,Female,No,19,No,0,0,0.0,0,0,0.0,0,0,0.0,7.6,2.6,0.32,Dropout
4210,Single,1st phase - general contingent,Management,Daytime,Secondary Education,134.6,No,No,No,Yes,Male,No,20,Yes,5,5,13.6,5,5,13.0,1.0,1.0,13.3,9.4,-0.8,-3.12,Graduate
4211,Single,1st phase - general contingent,Tourism,Daytime,Secondary Education,121.0,No,No,No,Yes,Female,Yes,22,No,6,6,12.833333333333334,6,4,13.25,1.0,0.667,13.04,16.2,0.3,-0.92,Graduate
4212,Single,1st phase - general contingent,Social Service,Daytime,Secondary Education,142.7,Yes,No,No,Yes,Female,Yes,18,No,6,6,14.666666666666666,6,6,15.166666666666666,1.0,1.0,14.92,9.4,-0.8,-3.12,Graduate
4213,Single,2nd phase - general contingent,Journalism and Communication,Daytime,Secondary Education,115.6,Yes,No,No,Yes,Female,No,19,No,6,6,13.333333333333334,6,6,14.666666666666666,1.0,1.0,14.0,12.4,0.5,1.79,Graduate
4214,Single,1st phase - general contingent,Social Service,Daytime,Secondary Education,130.0,No,No,No,No,Female,Yes,20,No,6,5,13.4,6,5,11.4,0.833,0.833,12.4,10.8,1.4,1.74,Graduate
4215,Single,1st phase - general contingent,Nursing,Daytime,Secondary Education,124.3,Yes,No,No,Yes,Female,Yes,19,No,7,7,13.3125,8,8,15.6375,1.0,1.0,14.48,13.9,-0.3,0.79,Graduate
4216,Single,1st phase - general contingent,Animation and Multimedia Design,Daytime,Secondary Education,137.9,Yes,No,Yes,No,Female,No,18,No,0,0,0.0,0,0,0.0,0,0,0.0,8.9,1.4,3.51,Dropout
4217,Single,1st phase - general contingent,Journalism and Communication,Daytime,Secondary Education,100.0,Yes,No,Yes,No,Female,No,20,No,4,0,0.0,5,0,0.0,0.0,0.0,0.0,12.4,0.5,1.79,Dropout
4218,Single,1st phase - general contingent,Journalism and Communication,Daytime,Secondary Education,128.2,Yes,No,No,Yes,Female,Yes,19,No,6,6,12.333333333333334,6,6,13.5,1.0,1.0,12.92,9.4,-0.8,-3.12,Graduate
4219,Single,2nd phase - general contingent,Journalism and Communication,Daytime,Secondary Education,135.0,No,No,No,Yes,Female,No,18,No,6,6,13.5,6,6,13.333333333333334,1.0,1.0,13.42,12.4,0.5,1.79,Enrolled
4220,Single,1st phase - special contingent (Madeira Island),Social Service,Daytime,Secondary Education,121.0,Yes,No,No,Yes,Female,No,18,No,6,5,13.0,6,6,11.833333333333334,0.833,1.0,12.42,10.8,1.4,1.74,Graduate
4221,Single,1st phase - general contingent,Advertising and Marketing Management,Daytime,Secondary Education,147.0,No,No,No,Yes,Female,No,22,No,5,2,12.5,5,0,0.0,0.4,0.0,6.25,9.4,-0.8,-3.12,Dropout
4222,Single,1st phase - general contingent,Social Service,Daytime,Secondary Education,149.5,No,No,No,Yes,Female,No,18,No,6,6,17.0,6,6,16.0,1.0,1.0,16.5,12.4,0.5,1.79,Graduate
4223,Single,1st phase - general contingent,Social Service,Daytime,Secondary Education,144.4,Yes,No,No,Yes,Female,No,20,No,6,6,13.5,6,6,13.0,1.0,1.0,13.25,10.8,1.4,1.74,Graduate
4224,Single,2nd phase - general contingent,Tourism,Daytime,Secondary Education,116.0,Yes,No,No,Yes,Female,No,19,No,6,6,12.714285714285714,6,6,11.833333333333334,1.0,1.0,12.27,8.9,1.4,3.51,Graduate
4225,Single,Change of course,Nursing,Daytime,Secondary Education,120.7,No,No,No,Yes,Female,Yes,19,No,7,6,13.0,8,8,13.927272727272726,0.857,1.0,13.46,16.2,0.3,-0.92,Graduate
4226,Single,Technological specialization diploma holders,Social Service,Daytime,Technological Specialization Course,141.8,No,No,No,Yes,Female,No,21,No,6,6,12.571428571428571,6,6,13.5,1.0,1.0,13.04,12.4,0.5,1.79,Graduate
4227,Single,2nd phase - general contingent,Social Service (evening attendance),Evening,Secondary Education,119.7,Yes,No,No,Yes,Female,Yes,19,No,6,4,11.5,6,6,11.5,0.667,1.0,11.5,9.4,-0.8,-3.12,Dropout
4228,Single,1st phase - general contingent,Social Service,Daytime,Secondary Education,118.4,Yes,No,No,Yes,Female,Yes,19,No,6,6,13.5,6,6,13.285714285714286,1.0,1.0,13.39,11.1,0.6,2.02,Graduate
4229,Married,Over 23 years old,Social Service (evening attendance),Evening,Secondary Education,134.5,No,No,No,Yes,Female,No,45,No,6,5,13.6,6,5,13.0,0.833,0.833,13.3,15.5,2.8,-4.06,Enrolled
4230,Married,Over 23 years old,Veterinary Nursing,Daytime,Secondary Education,128.2,No,No,No,No,Female,Yes,28,No,5,1,12.0,5,0,0.0,0.2,0.0,6.0,9.4,-0.8,-3.12,Dropout
4231,Married,Change of course,Nursing,Daytime,Secondary Education,115.0,No,No,No,Yes,Female,No,28,No,7,7,14.95,8,8,14.7375,1.0,1.0,14.84,13.9,-0.3,0.79,Graduate
4232,Single,Over 23 years old,Management (evening attendance),Evening,Secondary Education,130.0,No,No,Yes,Yes,Female,No,25,No,5,4,11.25,5,4,12.0,0.8,0.8,11.62,12.7,3.7,-1.7,Enrolled
4233,Single,Change of course,Advertising and Marketing Management,Daytime,Secondary Education,120.7,No,No,Yes,No,Female,No,19,No,6,3,10.666666666666666,6,4,12.25,0.5,0.667,11.46,15.5,2.8,-4.06,Dropout
4234,Single,1st phase - general contingent,Nursing,Daytime,Secondary Education,130.5,Yes,No,No,Yes,Female,No,19,No,8,7,14.992857142857142,8,7,14.992857142857142,0.875,0.875,14.99,10.8,1.4,1.74,Graduate
4235,Single,1st phase - general contingent,Management,Daytime,Secondary Education,107.4,Yes,No,No,Yes,Male,No,20,No,5,3,10.5,5,4,11.25,0.6,0.8,10.88,12.4,0.5,1.79,Enrolled
4236,Single,1st phase - general contingent,Social Service,Daytime,Secondary Education,100.0,Yes,No,No,Yes,Male,No,22,No,6,4,11.25,6,3,11.0,0.667,0.5,11.12,8.9,1.4,3.51,Enrolled
4237,Single,Change of course,Journalism and Communication,Daytime,Secondary Education,125.0,Yes,No,No,Yes,Male,Yes,20,No,6,6,12.333333333333334,6,6,14.0,1.0,1.0,13.17,12.4,0.5,1.79,Graduate
4238,Single,1st phase - general contingent,Nursing,Daytime,Secondary Education,121.5,Yes,No,No,Yes,Male,No,20,No,7,6,13.016666666666666,7,6,13.016666666666666,0.857,0.857,13.02,7.6,2.6,0.32,Enrolled
4239,Single,1st phase - general contingent,Veterinary Nursing,Daytime,Secondary Education,127.2,No,No,Yes,No,Male,No,20,No,5,3,11.333333333333334,5,2,11.5,0.6,0.4,11.42,7.6,2.6,0.32,Dropout
4240,Single,Over 23 years old,Veterinary Nursing,Daytime,Higher Education - Degree (1st cycle),160.0,Yes,No,No,Yes,Female,No,27,No,6,6,16.142857142857142,6,6,14.666666666666666,1.0,1.0,15.4,13.9,-0.3,0.79,Graduate
4241,Single,Change of institution/course,Veterinary Nursing,Daytime,Secondary Education,120.0,No,No,No,Yes,Female,No,22,No,6,6,14.833333333333334,6,5,13.833333333333334,1.0,0.833,14.33,11.1,0.6,2.02,Graduate
4242,Single,1st phase - general contingent,Nursing,Daytime,Secondary Education,141.5,Yes,No,Yes,No,Female,No,19,No,8,7,13.327142857142857,8,7,13.327142857142857,0.875,0.875,13.33,10.8,1.4,1.74,Dropout
4243,Single,2nd phase - general contingent,Social Service,Daytime,Secondary Education,111.4,Yes,No,No,No,Female,No,19,No,6,4,11.0,6,2,11.5,0.667,0.333,11.25,12.7,3.7,-1.7,Dropout
4244,Single,1st phase - general contingent,Communication Design,Daytime,Secondary Education,136.6,Yes,No,No,Yes,Female,No,18,No,6,6,11.714285714285714,6,6,10.375,1.0,1.0,11.04,13.9,-0.3,0.79,Enrolled
4245,Single,1st phase - general contingent,Animation and Multimedia Design,Daytime,Secondary Education,154.6,Yes,No,No,Yes,Female,No,19,No,12,12,12.333333333333334,11,10,12.727272727272728,1.0,0.909,12.53,8.9,1.4,3.51,Dropout
4246,Single,3rd phase - general contingent,Basic Education,Daytime,Secondary Education,111.4,Yes,No,Yes,No,Female,No,20,No,7,0,0.0,6,0,0.0,0.0,0.0,0.0,11.1,0.6,2.02,Dropout
4247,Married,Change of course,Management (evening attendance),Evening,Secondary Education,120.1,No,No,No,No,Female,No,39,No,15,12,11.916666666666666,13,8,11.25,0.8,0.615,11.58,10.8,1.4,1.74,Dropout
4248,Married,Over 23 years old,Social Service (evening attendance),Evening,Basic Education 3rd Cycle,100.0,No,No,Yes,Yes,Female,No,37,No,6,6,11.833333333333334,6,6,11.0,1.0,1.0,11.42,7.6,2.6,0.32,Graduate
4249,Married,Over 23 years old,Nursing,Daytime,Higher Education - Degree,140.0,No,No,Yes,No,Female,No,30,No,7,3,12.333333333333334,7,3,11.666666666666666,0.429,0.429,12.0,13.9,-0.3,0.79,Dropout
4250,Married,Change of course,Management (evening attendance),Evening,Higher Education - Degree,130.0,No,No,No,Yes,Female,No,41,No,10,10,14.3,10,10,14.2,1.0,1.0,14.25,12.7,3.7,-1.7,Graduate
4251,Divorced,Over 23 years old,Nursing,Daytime,Basic Education 3rd Cycle,100.0,No,No,No,No,Female,No,40,No,8,5,11.832,8,5,11.832,0.625,0.625,11.83,9.4,-0.8,-3.12,Dropout
4252,Single,1st phase - general contingent,Management,Daytime,Secondary Education,106.1,No,No,No,Yes,Female,No,20,No,5,2,10.0,5,0,0.0,0.4,0.0,5.0,9.4,-0.8,-3.12,Dropout
4253,Married,1st phase - general contingent,Management (evening attendance),Evening,Secondary Education,151.4,No,No,No,Yes,Female,No,28,No,5,5,12.0,5,5,11.6,1.0,1.0,11.8,7.6,2.6,0.32,Graduate
4254,Single,3rd phase - general contingent,Basic Education,Daytime,Secondary Education,113.7,Yes,No,Yes,No,Female,No,19,No,7,5,12.2,7,0,0.0,0.714,0.0,6.1,12.4,0.5,1.79,Dropout
4255,Single,1st phase - general contingent,Advertising and Marketing Management,Daytime,Secondary Education,116.5,Yes,No,No,Yes,Female,No,23,No,5,3,11.333333333333334,5,4,11.25,0.6,0.8,11.29,7.6,2.6,0.32,Dropout
4256,Single,Holders of other higher courses,Social Service (evening attendance),Evening,Higher Education - Master's,120.0,No,No,No,Yes,Female,No,18,No,16,13,13.846153846153848,11,9,12.555555555555555,0.812,0.818,13.2,15.5,2.8,-4.06,Dropout
4257,Single,Over 23 years old,Nursing,Daytime,Secondary Education,122.0,No,No,No,Yes,Female,No,24,No,8,7,12.412857142857144,8,7,12.412857142857144,0.875,0.875,12.41,10.8,1.4,1.74,Graduate
4258,Single,2nd phase - general contingent,Advertising and Marketing Management,Daytime,Secondary Education,117.1,No,No,No,Yes,Female,No,21,No,5,3,12.666666666666666,5,4,12.75,0.6,0.8,12.71,7.6,2.6,0.32,Enrolled
4259,Single,1st phase - general contingent,Nursing,Daytime,Secondary Education,120.8,Yes,No,No,Yes,Female,No,19,No,8,7,12.545714285714286,8,7,12.545714285714286,0.875,0.875,12.55,10.8,1.4,1.74,Graduate
4260,Single,1st phase - general contingent,Journalism and Communication,Daytime,Secondary Education,141.4,Yes,No,No,Yes,Female,No,19,No,6,3,13.0,6,2,14.0,0.5,0.333,13.5,9.4,-0.8,-3.12,Dropout
4261,Single,Over 23 years old,Agronomy,Daytime,Secondary Education,110.0,No,No,Yes,No,Female,No,48,No,6,0,0.0,6,0,0.0,0.0,0.0,0.0,11.1,0.6,2.02,Dropout
4262,Married,Change of course,Management (evening attendance),Evening,Higher Education - Bachelor's,120.0,No,No,No,No,Female,No,38,No,12,9,12.22222222222222,12,9,13.0,0.75,0.75,12.61,9.4,-0.8,-3.12,Dropout
4263,Single,2nd phase - general contingent,Management,Daytime,Secondary Education,120.2,No,No,No,Yes,Female,No,19,No,5,5,13.285714285714286,5,5,13.0,1.0,1.0,13.14,12.7,3.7,-1.7,Graduate
4264,Married,Over 23 years old,Management (evening attendance),Evening,Other - 11th Year,138.4,No,No,No,Yes,Male,No,30,No,5,3,11.666666666666666,5,1,11.0,0.6,0.2,11.33,7.6,2.6,0.32,Dropout
4265,Single,Technological specialization diploma holders,Agronomy,Daytime,Technological Specialization Course,150.0,No,No,No,Yes,Male,Yes,24,No,6,6,13.555555555555555,6,6,12.666666666666666,1.0,1.0,13.11,13.9,-0.3,0.79,Graduate
4266,Single,2nd phase - general contingent,Journalism and Communication,Daytime,Secondary Education,121.8,Yes,No,No,Yes,Male,No,19,No,6,6,13.166666666666666,6,6,12.428571428571429,1.0,1.0,12.8,16.2,0.3,-0.92,Graduate
4267,Single,Technological specialization diploma holders,Animation and Multimedia Design,Daytime,Technological Specialization Course,140.0,No,No,No,Yes,Male,No,21,No,0,0,0.0,0,0,0.0,0,0,0.0,15.5,2.8,-4.06,Enrolled
4268,Single,1st phase - general contingent,Tourism,Daytime,Secondary Education,116.3,Yes,No,No,Yes,Male,Yes,21,No,6,6,11.666666666666666,6,5,12.2,1.0,0.833,11.93,10.8,1.4,1.74,Graduate
4269,Single,1st phase - general contingent,Management (evening attendance),Evening,Secondary Education,131.5,No,No,No,Yes,Male,No,19,No,5,4,11.0,5,4,12.25,0.8,0.8,11.62,15.5,2.8,-4.06,Dropout
4270,Single,2nd phase - general contingent,Communication Design,Daytime,Secondary Education,141.0,Yes,No,No,Yes,Male,No,18,No,6,6,13.0,6,1,10.0,1.0,0.167,11.5,10.8,1.4,1.74,Enrolled
4271,Single,2nd phase - general contingent,Communication Design,Daytime,Secondary Education,138.0,No,No,No,Yes,Male,Yes,18,No,6,6,13.666666666666666,6,6,12.0,1.0,1.0,12.83,12.4,0.5,1.79,Graduate
4272,Single,2nd phase - general contingent,Informatics Engineering,Daytime,Secondary Education,127.5,Yes,No,No,Yes,Male,No,19,No,5,5,14.6,5,5,15.2,1.0,1.0,14.9,8.9,1.4,3.51,Dropout
4273,Single,1st phase - general contingent,Nursing,Daytime,Secondary Education,127.0,No,No,No,Yes,Male,Yes,19,No,8,7,12.514285714285714,8,7,12.514285714285714,0.875,0.875,12.51,12.7,3.7,-1.7,Graduate
4274,Single,2nd phase - general contingent,Veterinary Nursing,Daytime,Secondary Education,118.9,No,No,No,Yes,Male,No,18,No,5,3,14.0,5,3,12.666666666666666,0.6,0.6,13.33,7.6,2.6,0.32,Enrolled
4275,Single,1st phase - general contingent,Tourism,Daytime,Secondary Education,134.5,Yes,No,No,Yes,Male,No,25,No,6,6,13.166666666666666,6,5,12.6,1.0,0.833,12.88,7.6,2.6,0.32,Enrolled
4276,Single,2nd phase - general contingent,Informatics Engineering,Daytime,Secondary Education,133.0,Yes,No,No,Yes,Male,No,18,No,5,4,13.0,5,3,12.333333333333334,0.8,0.6,12.67,7.6,2.6,0.32,Enrolled
4277,Facto Union,Over 23 years old,Management,Daytime,Secondary Education,114.0,No,No,No,No,Male,No,29,No,5,1,13.0,5,0,0.0,0.2,0.0,6.5,8.9,1.4,3.51,Dropout
4278,Single,2nd phase - general contingent,Informatics Engineering,Daytime,Secondary Education,116.7,Yes,No,No,Yes,Male,No,21,No,5,1,10.0,5,3,13.666666666666666,0.2,0.6,11.83,7.6,2.6,0.32,Dropout
4279,Single,1st phase - general contingent,Journalism and Communication,Daytime,Secondary Education,125.1,Yes,No,Yes,Yes,Male,Yes,18,No,6,6,14.333333333333334,6,6,15.333333333333334,1.0,1.0,14.83,11.1,0.6,2.02,Graduate
4280,Single,2nd phase - general contingent,Tourism,Daytime,Secondary Education,137.2,No,No,No,Yes,Male,Yes,20,No,6,0,0.0,6,0,0.0,0.0,0.0,0.0,10.8,1.4,1.74,Dropout
4281,Single,Over 23 years old,Management (evening attendance),Evening,Secondary Education,111.4,No,No,No,Yes,Male,No,27,No,5,1,11.0,5,0,0.0,0.2,0.0,5.5,13.9,-0.3,0.79,Dropout
4282,Single,1st phase - general contingent,Veterinary Nursing,Daytime,Secondary Education,105.0,Yes,No,No,Yes,Male,No,21,No,6,3,11.25,6,0,0.0,0.5,0.0,5.62,12.4,0.5,1.79,Enrolled
4283,Single,3rd phase - general contingent,Management,Daytime,Secondary Education,124.3,Yes,No,No,Yes,Male,No,20,No,5,4,10.75,5,3,10.571428571428571,0.8,0.6,10.66,10.8,1.4,1.74,Dropout
4284,Single,Over 23 years old,Management,Daytime,Basic Education 3rd Cycle,132.0,No,No,Yes,No,Male,No,28,No,5,1,11.0,5,0,0.0,0.2,0.0,5.5,10.8,1.4,1.74,Dropout
4285,Single,Over 23 years old,Oral Hygiene,Daytime,Secondary Education,110.0,No,No,No,Yes,Male,Yes,24,No,7,6,10.857142857142858,7,7,11.857142857142858,0.857,1.0,11.36,12.7,3.7,-1.7,Enrolled
4286,Single,1st phase - general contingent,Management,Daytime,Secondary Education,134.7,No,No,No,Yes,Male,No,22,No,5,4,11.75,5,3,11.0,0.8,0.6,11.38,7.6,2.6,0.32,Enrolled
4287,Single,1st phase - general contingent,Veterinary Nursing,Daytime,Secondary Education,136.8,Yes,No,No,Yes,Male,No,20,No,5,5,12.8,5,4,13.666666666666666,1.0,0.8,13.23,10.8,1.4,1.74,Graduate
4288,Single,Technological specialization diploma holders,Veterinary Nursing,Daytime,Technological Specialization Course,160.0,No,No,No,Yes,Male,No,21,No,5,3,12.333333333333334,5,5,11.4,0.6,1.0,11.87,9.4,-0.8,-3.12,Graduate
4289,Single,Technological specialization diploma holders,Agronomy,Daytime,Technological Specialization Course,130.0,Yes,No,Yes,No,Male,No,23,No,6,2,11.333333333333334,6,2,13.0,0.333,0.333,12.17,13.9,-0.3,0.79,Dropout
4290,Single,1st phase - general contingent,Social Service,Daytime,Secondary Education,128.8,Yes,No,No,Yes,Male,No,18,No,6,5,11.6,6,6,11.166666666666666,0.833,1.0,11.38,10.8,1.4,1.74,Graduate
4291,Single,1st phase - general contingent,Animation and Multimedia Design,Daytime,Secondary Education,148.4,Yes,No,No,Yes,Male,Yes,20,No,14,12,10.923076923076923,13,11,12.181818181818182,0.857,0.846,11.55,11.1,0.6,2.02,Graduate
4292,Single,1st phase - general contingent,Animation and Multimedia Design,Daytime,Secondary Education,130.4,Yes,No,No,Yes,Male,No,19,No,0,0,0.0,0,0,0.0,0,0,0.0,15.5,2.8,-4.06,Graduate
4293,Married,Over 23 years old,Nursing,Daytime,Higher Education - Degree,126.0,No,No,No,Yes,Male,No,32,No,7,7,13.62857142857143,8,8,13.9125,1.0,1.0,13.77,13.9,-0.3,0.79,Graduate
4294,Single,1st phase - general contingent,Tourism,Daytime,Secondary Education,118.7,Yes,No,No,Yes,Male,No,20,No,6,3,10.333333333333334,6,1,11.0,0.5,0.167,10.67,10.8,1.4,1.74,Dropout
4295,Single,Over 23 years old,Agronomy,Daytime,Secondary Education,120.0,No,No,No,Yes,Male,No,32,No,18,18,13.736842105263158,13,12,13.75,1.0,0.923,13.74,15.5,2.8,-4.06,Graduate
4296,Single,Over 23 years old,Agronomy,Daytime,Secondary Education,120.0,Yes,No,No,Yes,Male,No,28,No,13,8,11.625,10,6,11.0,0.615,0.6,11.31,15.5,2.8,-4.06,Enrolled
4297,Single,Technological specialization diploma holders,Communication Design,Daytime,Technological Specialization Course,116.3,Yes,Yes,No,Yes,Male,Yes,21,No,7,4,11.5,9,7,12.142857142857142,0.571,0.778,11.82,12.4,0.5,1.79,Graduate
4298,Single,1st phase - general contingent,Journalism and Communication,Daytime,Secondary Education,133.9,No,No,No,Yes,Male,Yes,19,No,6,5,14.0,6,6,13.0,0.833,1.0,13.5,10.8,1.4,1.74,Graduate
4299,Single,Over 23 years old,Management (evening attendance),Evening,Technological Specialization Course,150.3,No,No,No,Yes,Male,No,24,No,5,3,11.333333333333334,5,0,0.0,0.6,0.0,5.67,10.8,1.4,1.74,Dropout
4300,Single,2nd phase - general contingent,Management,Daytime,Secondary Education,118.3,No,No,No,Yes,Male,No,18,No,5,1,10.0,5,1,10.0,0.2,0.2,10.0,12.7,3.7,-1.7,Dropout
4301,Single,Technological specialization diploma holders,Agronomy,Daytime,Technological Specialization Course,130.0,Yes,No,No,Yes,Male,No,20,No,6,5,11.714285714285714,6,5,12.0,0.833,0.833,11.86,16.2,0.3,-0.92,Graduate
4302,Single,Change of course,Animation and Multimedia Design,Daytime,Technological Specialization Course,140.0,No,No,No,No,Male,No,25,No,0,0,0.0,0,0,0.0,0,0,0.0,15.5,2.8,-4.06,Dropout
4303,Single,2nd phase - general contingent,Management,Daytime,Secondary Education,110.4,Yes,No,No,Yes,Male,No,25,No,15,13,10.76923076923077,14,12,11.833333333333334,0.867,0.857,11.3,7.6,2.6,0.32,Dropout
4304,Single,2nd phase - general contingent,Journalism and Communication,Daytime,Secondary Education,139.7,Yes,No,No,Yes,Male,No,18,No,6,5,11.6,6,6,12.0,0.833,1.0,11.8,9.4,-0.8,-3.12,Dropout
4305,Single,1st phase - general contingent,Management,Daytime,Secondary Education,138.3,Yes,No,No,Yes,Male,No,19,No,5,4,13.75,5,0,0.0,0.8,0.0,6.88,12.4,0.5,1.79,Dropout
4306,Single,1st phase - general contingent,Management,Daytime,Secondary Education,123.2,Yes,No,No,Yes,Male,No,18,No,5,4,11.0,5,5,10.5,0.8,1.0,10.75,13.9,-0.3,0.79,Dropout
4307,Single,Transfer,Management,Daytime,Secondary Education,120.0,No,No,No,No,Male,No,25,No,5,0,0.0,5,0,0.0,0.0,0.0,0.0,15.5,2.8,-4.06,Dropout
4308,Single,Over 23 years old,Animation and Multimedia Design,Daytime,Secondary Education,127.0,Yes,No,No,Yes,Male,No,38,No,0,0,0.0,0,0,0.0,0,0,0.0,7.6,2.6,0.32,Dropout
4309,Single,Technological specialization diploma holders,Animation and Multimedia Design,Daytime,Technological Specialization Course,114.2,No,No,No,Yes,Male,No,19,No,0,0,0.0,0,0,0.0,0,0,0.0,12.4,0.5,1.79,Dropout
4310,Single,1st phase - general contingent,Journalism and Communication,Daytime,Secondary Education,119.7,Yes,No,No,Yes,Male,No,19,No,6,6,12.333333333333334,6,5,13.2,1.0,0.833,12.77,16.2,0.3,-0.92,Graduate
4311,Single,Technological specialization diploma holders,Veterinary Nursing,Daytime,Technological Specialization Course,150.0,Yes,No,No,Yes,Male,Yes,22,No,6,6,13.428571428571429,6,6,13.625,1.0,1.0,13.53,12.4,0.5,1.79,Graduate
4312,Single,1st phase - general contingent,Informatics Engineering,Daytime,Secondary Education,123.5,Yes,No,No,Yes,Male,No,18,No,5,0,0.0,5,1,10.0,0.0,0.2,5.0,7.6,2.6,0.32,Enrolled
4313,Single,Holders of other higher courses,Management (evening attendance),Evening,Higher Education - Degree,130.0,No,No,No,No,Male,No,32,No,5,4,14.75,5,2,15.0,0.8,0.4,14.88,16.2,0.3,-0.92,Dropout
4314,Single,Change of course,Basic Education,Daytime,Secondary Education,124.6,No,No,No,Yes,Male,No,37,No,21,21,12.476190476190476,19,19,12.210526315789474,1.0,1.0,12.34,12.4,0.5,1.79,Graduate
4315,Single,2nd phase - general contingent,Informatics Engineering,Daytime,Secondary Education,119.4,Yes,No,No,Yes,Male,No,21,No,5,0,0.0,5,0,0.0,0.0,0.0,0.0,7.6,2.6,0.32,Dropout
4316,Single,1st phase - general contingent,Tourism,Daytime,Secondary Education,121.9,Yes,No,No,Yes,Male,No,18,No,6,3,11.666666666666666,6,2,12.5,0.5,0.333,12.08,10.8,1.4,1.74,Dropout
4317,Single,1st phase - general contingent,Communication Design,Daytime,Secondary Education,110.0,Yes,No,Yes,Yes,Male,No,19,No,6,6,12.0,6,6,13.571428571428571,1.0,1.0,12.79,8.9,1.4,3.51,Graduate
4318,Single,2nd phase - general contingent,Advertising and Marketing Management,Daytime,Secondary Education,118.7,No,No,No,Yes,Male,Yes,19,No,6,6,12.0,6,6,14.0,1.0,1.0,13.0,12.4,0.5,1.79,Graduate
4319,Single,1st phase - general contingent,Animation and Multimedia Design,Daytime,Secondary Education,163.1,Yes,No,No,No,Female,No,19,Yes,12,12,15.25,11,11,15.0,1.0,1.0,15.12,8.9,1.4,3.51,Graduate
4320,Single,2nd phase - general contingent,Journalism and Communication,Daytime,Secondary Education,121.7,Yes,No,No,Yes,Male,Yes,19,No,6,5,12.4,6,6,13.166666666666666,0.833,1.0,12.78,12.7,3.7,-1.7,Graduate
4321,Single,International student (bachelor),Management,Daytime,Secondary Education,135.0,No,No,Yes,Yes,Male,No,21,Yes,5,3,12.333333333333334,5,4,11.25,0.6,0.8,11.79,8.9,1.4,3.51,Enrolled
4322,Divorced,Over 23 years old,Management (evening attendance),Evening,Secondary Education,147.9,No,No,No,Yes,Female,No,28,No,5,4,11.5,5,4,12.0,0.8,0.8,11.75,10.8,1.4,1.74,Enrolled
4323,Single,1st phase - general contingent,Journalism and Communication,Daytime,Secondary Education,118.1,Yes,No,Yes,No,Female,No,19,Yes,6,5,12.2,6,4,11.75,0.833,0.667,11.98,16.2,0.3,-0.92,Dropout
4324,Single,Over 23 years old,Management (evening attendance),Evening,Basic Education 3rd Cycle,105.3,No,No,Yes,Yes,Female,No,28,No,5,2,10.5,5,0,0.0,0.4,0.0,5.25,12.4,0.5,1.79,Dropout
4325,Single,1st phase - general contingent,Nursing,Daytime,Secondary Education,139.8,No,No,No,Yes,Female,Yes,19,No,8,7,14.4,8,7,14.4,0.875,0.875,14.4,12.7,3.7,-1.7,Graduate
4326,Married,Holders of other higher courses,Social Service (evening attendance),Evening,Higher Education - Degree,130.0,No,No,No,Yes,Female,No,32,No,14,13,12.846153846153848,11,10,12.8,0.929,0.909,12.82,10.8,1.4,1.74,Graduate
4327,Single,Over 23 years old,Social Service (evening attendance),Evening,Technological Specialization Course,127.5,No,No,Yes,No,Female,No,26,No,6,4,12.0,6,5,13.2,0.667,0.833,12.6,16.2,0.3,-0.92,Dropout
4328,Married,Over 23 years old,Management,Daytime,Other - 11th Year,120.0,No,No,No,Yes,Female,No,25,No,5,0,0.0,5,0,0.0,0.0,0.0,0.0,9.4,-0.8,-3.12,Dropout
4329,Married,Change of course,Basic Education,Daytime,Secondary Education,124.2,No,No,No,Yes,Female,No,31,No,7,6,13.666666666666666,6,5,13.5,0.857,0.833,13.58,9.4,-0.8,-3.12,Dropout
4330,Single,2nd phase - general contingent,Social Service,Daytime,Secondary Education,113.4,Yes,No,No,Yes,Female,Yes,20,No,6,5,11.857142857142858,6,6,11.666666666666666,0.833,1.0,11.76,12.7,3.7,-1.7,Graduate
4331,Single,1st phase - general contingent,Social Service,Daytime,Secondary Education,118.0,Yes,No,No,Yes,Female,No,19,No,6,0,0.0,6,0,0.0,0.0,0.0,0.0,12.7,3.7,-1.7,Dropout
4332,Single,2nd phase - general contingent,Animation and Multimedia Design,Daytime,Secondary Education,130.0,Yes,No,No,Yes,Female,No,23,No,0,0,0.0,0,0,0.0,0,0,0.0,11.1,0.6,2.02,Dropout
4333,Single,1st phase - general contingent,Social Service,Daytime,Secondary Education,135.9,Yes,No,No,Yes,Female,No,18,No,6,5,13.2,6,6,11.333333333333334,0.833,1.0,12.27,9.4,-0.8,-3.12,Graduate
4334,Single,1st phase - general contingent,Social Service,Daytime,Secondary Education,135.8,Yes,No,No,Yes,Female,Yes,19,No,6,6,12.714285714285714,6,5,11.0,1.0,0.833,11.86,13.9,-0.3,0.79,Dropout
4335,Single,1st phase - general contingent,Tourism,Daytime,Secondary Education,133.1,No,No,No,Yes,Female,No,18,No,6,6,12.5,6,6,12.666666666666666,1.0,1.0,12.58,15.5,2.8,-4.06,Graduate
4336,Single,1st phase - general contingent,Management,Daytime,Secondary Education,118.8,Yes,No,No,Yes,Female,No,21,No,5,3,10.666666666666666,5,2,12.5,0.6,0.4,11.58,7.6,2.6,0.32,Enrolled
4337,Single,1st phase - general contingent,Journalism and Communication,Daytime,Secondary Education,117.1,Yes,No,No,Yes,Female,No,20,No,6,1,17.0,6,1,17.0,0.167,0.167,17.0,9.4,-0.8,-3.12,Enrolled
4338,Single,1st phase - general contingent,Veterinary Nursing,Daytime,Secondary Education,114.5,Yes,No,No,Yes,Female,No,24,No,5,5,13.0,5,4,13.25,1.0,0.8,13.12,12.7,3.7,-1.7,Graduate
4339,Single,1st phase - general contingent,Advertising and Marketing Management,Daytime,Secondary Education,127.2,No,No,No,Yes,Female,Yes,18,No,5,3,12.666666666666666,5,4,12.5,0.6,0.8,12.58,9.4,-0.8,-3.12,Enrolled
4340,Single,Transfer,Nursing,Daytime,Secondary Education,130.0,Yes,No,No,Yes,Female,No,25,No,14,12,13.291666666666666,14,12,13.291666666666666,0.857,0.857,13.29,7.6,2.6,0.32,Graduate
4341,Single,2nd phase - general contingent,Veterinary Nursing,Daytime,Secondary Education,116.1,No,No,No,Yes,Female,No,20,No,5,3,11.666666666666666,5,4,11.5,0.6,0.8,11.58,9.4,-0.8,-3.12,Graduate
4342,Single,2nd phase - general contingent,Nursing,Daytime,Secondary Education,130.5,Yes,No,No,Yes,Female,No,18,No,8,7,14.24,8,7,14.24,0.875,0.875,14.24,10.8,1.4,1.74,Graduate
4343,Single,Over 23 years old,Advertising and Marketing Management,Daytime,Secondary Education,104.0,Yes,No,No,Yes,Female,No,24,No,5,3,13.0,5,3,11.333333333333334,0.6,0.6,12.17,7.6,2.6,0.32,Dropout
4344,Single,2nd phase - general contingent,Nursing,Daytime,Secondary Education,128.5,Yes,No,No,Yes,Female,No,18,No,7,5,14.06,7,6,12.571428571428571,0.714,0.857,13.32,12.4,0.5,1.79,Enrolled
4345,Single,2nd phase - general contingent,Social Service,Daytime,Secondary Education,126.0,No,No,Yes,No,Female,No,21,No,6,5,11.833333333333334,6,5,13.2,0.833,0.833,12.52,13.9,-0.3,0.79,Dropout
4346,Single,1st phase - general contingent,Journalism and Communication,Daytime,Secondary Education,141.1,Yes,No,No,Yes,Female,No,18,No,6,6,12.833333333333334,6,6,13.333333333333334,1.0,1.0,13.08,9.4,-0.8,-3.12,Graduate
4347,Single,2nd phase - general contingent,Tourism,Daytime,Secondary Education,102.8,Yes,No,No,Yes,Female,No,20,No,6,1,10.0,6,0,0.0,0.167,0.0,5.0,10.8,1.4,1.74,Dropout
4348,Single,2nd phase - general contingent,Management,Daytime,Secondary Education,129.2,Yes,No,No,Yes,Female,No,19,No,5,2,11.0,5,2,10.0,0.4,0.4,10.5,7.6,2.6,0.32,Dropout
4349,Single,1st phase - general contingent,Nursing,Daytime,Secondary Education,119.3,Yes,No,No,Yes,Female,No,20,No,7,7,14.105714285714289,8,8,13.6625,1.0,1.0,13.88,11.1,0.6,2.02,Graduate
4350,Single,1st phase - general contingent,Nursing,Daytime,Secondary Education,126.3,Yes,No,No,Yes,Female,No,20,No,8,7,12.471428571428572,8,7,12.471428571428572,0.875,0.875,12.47,12.7,3.7,-1.7,Graduate
4351,Single,Technological specialization diploma holders,Veterinary Nursing,Daytime,Technological Specialization Course,140.0,Yes,No,No,Yes,Female,Yes,20,No,6,6,11.833333333333334,6,5,11.857142857142858,1.0,0.833,11.85,12.4,0.5,1.79,Graduate
4352,Single,1st phase - general contingent,Communication Design,Daytime,Secondary Education,131.5,Yes,No,No,Yes,Female,No,20,No,6,6,12.5,6,6,12.833333333333334,1.0,1.0,12.67,7.6,2.6,0.32,Graduate
4353,Single,1st phase - general contingent,Basic Education,Daytime,Secondary Education,137.6,Yes,No,No,Yes,Female,No,18,No,6,6,11.666666666666666,6,6,12.333333333333334,1.0,1.0,12.0,10.8,1.4,1.74,Dropout
4354,Single,1st phase - general contingent,Animation and Multimedia Design,Daytime,Secondary Education,142.8,Yes,No,No,Yes,Female,No,18,No,0,0,0.0,0,0,0.0,0,0,0.0,12.4,0.5,1.79,Graduate
4355,Divorced,Over 23 years old,Management (evening attendance),Evening,Secondary Education,146.2,No,No,No,Yes,Female,No,30,No,5,3,10.333333333333334,5,4,12.8,0.6,0.8,11.57,12.4,0.5,1.79,Enrolled
4356,Single,1st phase - general contingent,Veterinary Nursing,Daytime,Secondary Education,162.1,Yes,No,No,Yes,Female,No,18,No,5,5,16.166666666666668,5,5,14.285714285714286,1.0,1.0,15.23,9.4,-0.8,-3.12,Graduate
4357,Single,Over 23 years old,Veterinary Nursing,Daytime,Basic Education 3rd Cycle,140.0,No,No,No,Yes,Female,No,35,No,6,3,12.666666666666666,6,0,0.0,0.5,0.0,6.33,11.1,0.6,2.02,Dropout
4358,Single,Over 23 years old,Social Service (evening attendance),Evening,Secondary Education,120.0,No,No,Yes,No,Female,No,31,No,6,2,10.5,6,3,12.333333333333334,0.333,0.5,11.42,11.1,0.6,2.02,Dropout
4359,Single,Change of course,Tourism,Daytime,Secondary Education,133.3,Yes,No,Yes,Yes,Female,No,19,No,6,2,11.5,6,1,11.0,0.333,0.167,11.25,7.6,2.6,0.32,Dropout
4360,Single,1st phase - general contingent,Social Service,Daytime,Secondary Education,124.8,Yes,No,No,Yes,Female,No,19,No,6,6,13.0,6,5,13.4,1.0,0.833,13.2,8.9,1.4,3.51,Graduate
4361,Single,2nd phase - general contingent,Nursing,Daytime,Secondary Education,133.3,Yes,No,No,Yes,Female,No,19,No,7,6,11.966666666666669,7,6,11.966666666666669,0.857,0.857,11.97,7.6,2.6,0.32,Graduate
4362,Single,2nd phase - general contingent,Nursing,Daytime,Secondary Education,141.8,No,No,No,Yes,Female,No,19,No,8,8,13.3475,8,8,13.3475,1.0,1.0,13.35,9.4,-0.8,-3.12,Graduate
4363,Single,1st phase - general contingent,Veterinary Nursing,Daytime,Secondary Education,128.2,No,No,No,Yes,Female,No,21,No,5,5,12.0,5,4,12.5,1.0,0.8,12.25,7.6,2.6,0.32,Graduate
4364,Single,2nd phase - general contingent,Basic Education,Daytime,Secondary Education,115.0,No,No,No,Yes,Female,No,18,No,6,2,10.5,6,0,0.0,0.333,0.0,5.25,7.6,2.6,0.32,Dropout
4365,Single,2nd phase - general contingent,Social Service,Daytime,Secondary Education,123.6,Yes,No,No,Yes,Female,No,18,No,6,4,11.5,6,4,10.75,0.667,0.667,11.12,7.6,2.6,0.32,Enrolled
4366,Single,1st phase - general contingent,Animation and Multimedia Design,Daytime,Secondary Education,120.2,Yes,No,No,Yes,Male,No,19,No,0,0,0.0,0,0,0.0,0,0,0.0,7.6,2.6,0.32,Graduate
4367,Single,1st phase - general contingent,Advertising and Marketing Management,Daytime,Secondary Education,127.0,Yes,No,No,Yes,Male,No,18,No,6,6,13.571428571428571,6,4,14.0,1.0,0.667,13.79,12.4,0.5,1.79,Graduate
4368,Single,2nd phase - general contingent,Veterinary Nursing,Daytime,Secondary Education,120.4,Yes,No,No,Yes,Male,No,18,No,6,6,14.7,6,6,12.0,1.0,1.0,13.35,16.2,0.3,-0.92,Graduate
4369,Single,Over 23 years old,Management (evening attendance),Evening,Secondary Education,120.0,Yes,No,No,No,Male,No,25,No,5,0,0.0,5,0,0.0,0.0,0.0,0.0,9.4,-0.8,-3.12,Dropout
4370,Single,1st phase - general contingent,Nursing,Daytime,Secondary Education,120.0,Yes,No,No,Yes,Male,No,18,No,7,6,11.833333333333334,7,6,11.833333333333334,0.857,0.857,11.83,7.6,2.6,0.32,Enrolled
4371,Single,1st phase - general contingent,Animation and Multimedia Design,Daytime,Secondary Education,133.9,Yes,No,No,Yes,Male,No,19,No,0,0,0.0,0,0,0.0,0,0,0.0,12.7,3.7,-1.7,Graduate
4372,Single,1st phase - general contingent,Nursing,Daytime,Secondary Education,113.5,Yes,No,No,Yes,Male,No,18,No,7,7,13.175714285714289,8,8,14.925,1.0,1.0,14.05,12.4,0.5,1.79,Graduate
4373,Single,Over 23 years old,Agronomy,Daytime,Secondary Education,126.1,No,No,No,Yes,Male,No,24,No,6,0,0.0,6,0,0.0,0.0,0.0,0.0,12.4,0.5,1.79,Dropout
4374,Single,1st phase - general contingent,Social Service,Daytime,Secondary Education,121.2,No,No,No,Yes,Female,No,19,No,6,2,13.0,6,6,10.833333333333334,0.333,1.0,11.92,7.6,2.6,0.32,Enrolled
4375,Facto Union,Holders of other higher courses,Nursing,Daytime,Higher Education - Degree (1st cycle),150.0,No,No,No,Yes,Female,No,29,No,8,7,13.742857142857144,8,7,13.742857142857144,0.875,0.875,13.74,12.7,3.7,-1.7,Graduate
4376,Single,Change of course,Management (evening attendance),Evening,Secondary Education,100.0,Yes,No,No,Yes,Female,No,27,No,5,0,0.0,5,0,0.0,0.0,0.0,0.0,7.6,2.6,0.32,Dropout
4377,Single,2nd phase - general contingent,Nursing,Daytime,Secondary Education,127.3,Yes,No,No,Yes,Female,No,18,No,7,7,12.217142857142855,8,7,12.11875,1.0,0.875,12.17,11.1,0.6,2.02,Graduate
4378,Married,Change of course,Management (evening attendance),Evening,Secondary Education,103.8,No,No,No,Yes,Female,No,28,No,15,14,11.071428571428571,14,12,11.333333333333334,0.933,0.857,11.2,9.4,-0.8,-3.12,Dropout
4379,Married,Over 23 years old,Basic Education,Daytime,Basic Education 3rd Cycle,131.0,No,No,No,Yes,Female,Yes,32,No,7,7,13.428571428571429,8,8,13.25,1.0,1.0,13.34,13.9,-0.3,0.79,Graduate
4380,Single,Over 23 years old,Management (evening attendance),Evening,Secondary Education,133.9,No,No,No,Yes,Female,No,30,No,5,5,11.4,5,5,13.666666666666666,1.0,1.0,12.53,10.8,1.4,1.74,Dropout
4381,Single,Holders of other higher courses,Nursing,Daytime,Higher Education - Bachelor's,140.0,No,No,No,Yes,Female,No,29,No,8,4,11.325,8,4,11.325,0.5,0.5,11.32,12.7,3.7,-1.7,Dropout
4382,Single,1st phase - general contingent,Social Service,Daytime,Secondary Education,121.4,No,No,No,Yes,Female,No,20,No,6,0,0.0,5,0,0.0,0.0,0.0,0.0,9.4,-0.8,-3.12,Enrolled
4383,Single,1st phase - general contingent,Nursing,Daytime,Secondary Education,122.0,No,No,No,Yes,Female,No,19,No,8,7,15.0,8,7,15.0,0.875,0.875,15.0,12.7,3.7,-1.7,Graduate
4384,Single,Over 23 years old,Social Service (evening attendance),Evening,Secondary Education,150.5,No,No,No,Yes,Female,No,29,No,6,6,13.166666666666666,6,6,15.625,1.0,1.0,14.4,12.4,0.5,1.79,Graduate
4385,Married,1st phase - general contingent,Social Service,Daytime,Secondary Education,139.4,No,No,No,No,Female,No,27,No,6,2,11.0,6,4,10.5,0.333,0.667,10.75,9.4,-0.8,-3.12,Dropout
4386,Single,1st phase - general contingent,Social Service,Daytime,Secondary Education,112.6,No,No,No,Yes,Female,No,19,No,6,0,0.0,6,0,0.0,0.0,0.0,0.0,12.4,0.5,1.79,Dropout
4387,Single,2nd phase - general contingent,Advertising and Marketing Management,Daytime,Secondary Education,115.2,Yes,No,No,Yes,Female,Yes,21,No,5,3,12.333333333333334,5,2,12.5,0.6,0.4,12.42,7.6,2.6,0.32,Dropout
4388,Married,1st phase - general contingent,Management (evening attendance),Evening,Secondary Education,131.8,No,No,No,No,Female,No,29,No,5,4,12.25,5,5,10.166666666666666,0.8,1.0,11.21,10.8,1.4,1.74,Dropout
4389,Married,Change of course,Management,Daytime,Higher Education - Bachelor's,122.8,No,No,Yes,No,Female,No,42,No,13,13,11.923076923076923,12,12,12.5,1.0,1.0,12.21,15.5,2.8,-4.06,Dropout
4390,Single,1st phase - general contingent,Social Service,Daytime,Secondary Education,156.2,No,No,No,Yes,Female,Yes,18,No,6,6,14.333333333333334,6,6,14.142857142857142,1.0,1.0,14.24,15.5,2.8,-4.06,Graduate
4391,Single,Over 23 years old,Veterinary Nursing,Daytime,Secondary Education,132.0,Yes,No,No,Yes,Female,No,24,No,5,5,12.0,5,5,13.0,1.0,1.0,12.5,10.8,1.4,1.74,Graduate
4392,Married,Holders of other higher courses,Nursing,Daytime,Higher Education - Degree,130.0,No,No,No,Yes,Female,No,32,No,7,7,13.761111111111113,8,7,12.06375,1.0,0.875,12.91,15.5,2.8,-4.06,Enrolled
4393,Single,1st phase - general contingent,Management,Daytime,Secondary Education,138.4,No,No,No,Yes,Female,No,18,No,5,4,11.25,5,5,11.0,0.8,1.0,11.12,10.8,1.4,1.74,Enrolled
4394,Single,Over 23 years old,Management (evening attendance),Evening,Secondary Education,146.2,No,No,No,Yes,Female,No,27,No,5,3,12.333333333333334,5,3,10.666666666666666,0.6,0.6,11.5,11.1,0.6,2.02,Graduate
4395,Single,1st phase - general contingent,Nursing,Daytime,Secondary Education,166.0,Yes,No,No,Yes,Female,No,18,No,8,8,14.88875,8,8,14.88875,1.0,1.0,14.89,9.4,-0.8,-3.12,Graduate
4396,Single,2nd phase - general contingent,Journalism and Communication,Daytime,Secondary Education,133.1,Yes,No,Yes,Yes,Female,Yes,19,No,6,6,12.166666666666666,6,5,12.4,1.0,0.833,12.28,9.4,-0.8,-3.12,Dropout
4397,Single,1st phase - general contingent,Journalism and Communication,Daytime,Secondary Education,121.9,Yes,No,No,Yes,Female,Yes,18,No,6,6,12.666666666666666,6,6,13.333333333333334,1.0,1.0,13.0,11.1,0.6,2.02,Graduate
4398,Single,1st phase - special contingent (Azores Island),Basic Education,Daytime,Secondary Education,110.4,Yes,No,No,Yes,Female,No,21,No,6,5,12.6,6,3,11.666666666666666,0.833,0.5,12.13,9.4,-0.8,-3.12,Enrolled
4399,Single,Over 23 years old,Management,Daytime,Secondary Education,121.4,No,Yes,No,Yes,Female,Yes,26,No,5,4,13.0,5,4,12.25,0.8,0.8,12.62,16.2,0.3,-0.92,Graduate
4400,Single,1st phase - general contingent,Tourism,Daytime,Secondary Education,137.0,Yes,No,No,Yes,Female,Yes,22,No,6,6,13.875,6,6,14.333333333333334,1.0,1.0,14.1,9.4,-0.8,-3.12,Graduate
4401,Married,Over 23 years old,Management (evening attendance),Evening,Secondary Education,140.0,No,No,Yes,Yes,Male,No,37,No,5,4,10.75,5,3,13.333333333333334,0.8,0.6,12.04,9.4,-0.8,-3.12,Dropout
4402,Single,Holders of other higher courses,Veterinary Nursing,Daytime,Higher Education - Degree,140.0,No,No,No,Yes,Male,No,24,No,5,3,14.666666666666666,5,0,0.0,0.6,0.0,7.33,7.6,2.6,0.32,Dropout
4403,Single,3rd phase - general contingent,Basic Education,Daytime,Secondary Education,126.8,Yes,No,No,Yes,Male,No,18,No,6,5,12.6,6,6,13.0,0.833,1.0,12.8,10.8,1.4,1.74,Enrolled
4404,Single,2nd phase - general contingent,Nursing,Daytime,Secondary Education,124.8,Yes,No,No,Yes,Male,Yes,19,No,7,6,12.4125,8,7,11.2625,0.857,0.875,11.84,15.5,2.8,-4.06,Graduate
4405,Married,Over 23 years old,Equinculture,Daytime,Basic Education 3rd Cycle,120.0,Yes,No,Yes,No,Male,No,28,No,6,1,11.0,6,2,10.5,0.167,0.333,10.75,16.2,0.3,-0.92,Dropout
4406,Single,1st phase - general contingent,Nursing,Daytime,Secondary Education,133.0,Yes,No,No,Yes,Male,Yes,18,No,8,7,14.314285714285717,8,7,14.314285714285717,0.875,0.875,14.31,12.7,3.7,-1.7,Graduate
4407,Single,1st phase - general contingent,Communication Design,Daytime,Secondary Education,127.5,Yes,No,No,Yes,Male,No,20,No,6,4,12.0,6,2,11.333333333333334,0.667,0.333,11.67,10.8,1.4,1.74,Enrolled
4408,Single,1st phase - general contingent,Journalism and Communication,Daytime,Secondary Education,131.7,Yes,No,No,Yes,Male,No,18,No,6,6,12.833333333333334,6,6,13.285714285714286,1.0,1.0,13.06,15.5,2.8,-4.06,Graduate
4409,Married,Over 23 years old,Journalism and Communication,Daytime,Secondary Education,133.0,No,No,No,Yes,Male,No,47,No,6,5,11.4,6,6,11.666666666666666,0.833,1.0,11.53,12.7,3.7,-1.7,Dropout
4410,Married,Change of course,Management (evening attendance),Evening,Secondary Education,122.7,No,No,No,Yes,Male,No,38,No,5,5,14.6,5,5,14.333333333333334,1.0,1.0,14.47,13.9,-0.3,0.79,Graduate
4411,Single,1st phase - general contingent,Communication Design,Daytime,Secondary Education,121.2,No,No,No,Yes,Male,Yes,20,No,6,6,13.5,6,5,12.5,1.0,0.833,13.0,10.8,1.4,1.74,Graduate
4412,Single,Technological specialization diploma holders,Equinculture,Daytime,Technological Specialization Course,150.0,Yes,No,No,Yes,Male,No,21,No,6,6,12.5,6,3,13.333333333333334,1.0,0.5,12.92,13.9,-0.3,0.79,Dropout
4413,Single,Change of course,Communication Design,Daytime,Secondary Education,133.4,Yes,No,No,Yes,Male,Yes,19,No,6,4,13.0,6,5,12.2,0.667,0.833,12.6,13.9,-0.3,0.79,Enrolled
4414,Single,Change of course,Biofuel Production Technologies,Daytime,Secondary Education,121.2,Yes,No,No,Yes,Male,No,25,No,10,5,11.6,8,2,13.0,0.5,0.25,12.3,12.4,0.5,1.79,Enrolled
4415,Single,1st phase - general contingent,Equinculture,Daytime,Secondary Education,129.3,Yes,No,No,Yes,Female,No,18,No,5,5,11.8,5,5,11.6,1.0,1.0,11.7,9.4,-0.8,-3.12,Graduate
4416,Divorced,Over 23 years old,Nursing,Daytime,Basic Education 3rd Cycle,117.8,No,No,Yes,No,Female,No,46,No,7,3,12.333333333333334,7,3,11.083333333333334,0.429,0.429,11.71,11.1,0.6,2.02,Dropout
4417,Single,Change of course,Nursing,Daytime,Secondary Education,131.3,No,No,No,Yes,Female,No,23,No,14,12,12.625,14,12,12.625,0.857,0.857,12.62,7.6,2.6,0.32,Graduate
4418,Single,1st phase - general contingent,Communication Design,Daytime,Secondary Education,133.8,Yes,No,No,Yes,Female,Yes,20,No,6,6,13.833333333333334,6,6,13.5,1.0,1.0,13.67,16.2,0.3,-0.92,Graduate
4419,Single,Technological specialization diploma holders,Communication Design,Daytime,Technological Specialization Course,120.0,No,No,No,Yes,Male,No,20,No,7,6,12.5,9,7,13.142857142857142,0.857,0.778,12.82,16.2,0.3,-0.92,Graduate
4420,Single,1st phase - general contingent,Journalism and Communication,Daytime,Secondary Education,122.2,No,No,No,Yes,Male,No,19,No,6,5,13.6,6,5,12.666666666666666,0.833,0.833,13.13,15.5,2.8,-4.06,Graduate
4421,Single,1st phase - general contingent,Journalism and Communication,Daytime,Secondary Education,119.0,Yes,No,Yes,No,Female,No,18,Yes,6,6,12.0,6,2,11.0,1.0,0.333,11.5,11.1,0.6,2.02,Dropout
4422,Single,1st phase - general contingent,Nursing,Daytime,Secondary Education,149.5,Yes,No,No,Yes,Female,Yes,30,No,7,7,14.9125,8,1,13.5,1.0,0.125,14.21,13.9,-0.3,0.79,Dropout
4423,Single,1st phase - general contingent,Management,Daytime,Secondary Education,153.8,Yes,No,No,Yes,Female,Yes,20,No,5,5,13.8,5,5,12.0,1.0,1.0,12.9,9.4,-0.8,-3.12,Graduate
4424,Single,Ordinance No. 854-B/99,Journalism and Communication,Daytime,Secondary Education,152.0,Yes,No,No,Yes,Female,No,22,Yes,6,6,11.666666666666666,6,6,13.0,1.0,1.0,12.33,12.7,3.7,-1.7,Graduate
